customer_id,city,contract_type,age,tenure_months,monthly_charges,total_charges,support_tickets,total_transactions,churn_probability,risk_level,churn,signup_date
CUST-00001,Mumbai,Month-to-month,20,12,41.53,498.11,1,22,61.43,Medium Risk,No,2021-05-09
CUST-00002,Kolkata,Month-to-month,24,18,47.81,873.59,1,30,50.65,Medium Risk,Yes,2023-02-11
CUST-00003,Hyderabad,Two year,39,5,85.59,457.89,2,7,89.85,High Risk,Yes,2022-03-15
CUST-00004,Pune,Month-to-month,23,4,71.59,267.14,1,5,87.12,High Risk,Yes,2025-04-09
CUST-00005,Delhi,Two year,46,19,109.66,2190.39,4,32,87.86,High Risk,Yes,2024-02-08
CUST-00006,Delhi,Month-to-month,34,7,59.07,437.45,0,11,87.98,High Risk,Yes,2022-10-31
CUST-00007,Jaipur,One year,36,22,57.9,1197.63,1,37,36.84,Low Risk,No,2025-04-07
CUST-00008,Chennai,Two year,32,12,57.05,701.7,3,15,52.23,Medium Risk,Yes,2024-03-20
CUST-00009,Pune,Month-to-month,43,16,58.69,969.41,1,21,69.87,Medium Risk,Yes,2021-08-01
CUST-00010,Hyderabad,Month-to-month,43,25,52.63,1326.0,1,24,54.69,Medium Risk,Yes,2023-04-26
CUST-00011,Jaipur,Month-to-month,38,10,70.89,709.23,2,19,90.43,High Risk,No,2022-06-04
CUST-00012,Kolkata,One year,41,8,65.61,509.58,0,10,65.11,Medium Risk,Yes,2026-01-24
CUST-00013,Chennai,Month-to-month,33,13,55.21,739.44,1,23,77.44,High Risk,No,2024-01-09
CUST-00014,Delhi,One year,40,43,97.0,4027.88,3,52,57.23,Medium Risk,Yes,2022-04-28
CUST-00015,Delhi,Month-to-month,32,25,119.26,2962.43,3,22,88.94,High Risk,Yes,2024-01-17
CUST-00016,Delhi,Month-to-month,35,11,94.41,1097.89,3,15,92.94,High Risk,Yes,2022-07-25
CUST-00017,Mumbai,Month-to-month,32,12,77.71,871.28,1,12,78.15,High Risk,Yes,2024-01-19
CUST-00018,Bengaluru,Month-to-month,30,39,82.94,3249.34,3,47,62.18,Medium Risk,Yes,2025-12-04
CUST-00019,Mumbai,One year,28,7,117.74,822.34,0,10,91.38,High Risk,Yes,2024-07-28
CUST-00020,Delhi,Two year,40,43,82.9,3495.39,3,44,24.95,Low Risk,No,2025-03-13
CUST-00021,Pune,One year,48,10,53.9,547.41,3,9,75.49,High Risk,Yes,2021-04-12
CUST-00022,Jaipur,Month-to-month,47,42,73.69,2855.12,1,65,25.76,Low Risk,Yes,2025-09-05
CUST-00023,Delhi,Two year,22,33,79.42,2617.7,1,54,27.47,Low Risk,No,2021-08-06
CUST-00024,Mumbai,One year,48,9,47.28,424.55,4,10,68.44,Medium Risk,Yes,2024-07-03
CUST-00025,Bengaluru,Two year,32,30,59.34,1784.79,0,40,44.02,Medium Risk,No,2022-10-28
CUST-00026,Hyderabad,Month-to-month,41,5,92.44,440.93,4,8,95.85,High Risk,Yes,2024-03-27
CUST-00027,Delhi,Month-to-month,26,36,36.27,1244.63,1,39,12.8,Low Risk,No,2021-07-13
CUST-00028,Bengaluru,Month-to-month,36,9,43.56,401.27,3,12,64.21,Medium Risk,No,2022-01-15
CUST-00029,Pune,One year,38,37,61.43,2124.8,1,34,21.15,Low Risk,No,2021-08-23
CUST-00030,Jaipur,Month-to-month,20,7,72.79,493.71,2,16,90.68,High Risk,Yes,2021-02-22
CUST-00031,Pune,Month-to-month,41,10,42.1,443.28,1,20,61.45,Medium Risk,No,2022-12-14
CUST-00032,Delhi,Month-to-month,48,49,62.42,2864.67,1,59,16.74,Low Risk,No,2022-11-10
CUST-00033,Jaipur,One year,33,27,94.03,2525.84,2,40,59.96,Medium Risk,No,2022-09-12
CUST-00034,Kolkata,One year,49,10,66.44,682.33,2,15,62.62,Medium Risk,Yes,2023-06-26
CUST-00035,Kolkata,Month-to-month,33,23,87.79,1903.4,1,21,79.09,High Risk,Yes,2026-06-22
CUST-00036,Chennai,Month-to-month,43,23,53.78,1199.82,1,37,68.52,Medium Risk,Yes,2022-10-14
CUST-00037,Mumbai,One year,18,17,50.16,860.74,4,18,38.33,Low Risk,No,2025-07-22
CUST-00038,Jaipur,Two year,59,23,85.29,1907.44,1,36,69.72,Medium Risk,Yes,2025-02-15
CUST-00039,Pune,One year,50,39,73.15,2674.8,2,51,37.38,Low Risk,No,2021-06-27
CUST-00040,Mumbai,Two year,32,32,44.48,1362.42,2,48,16.38,Low Risk,No,2021-02-25
CUST-00041,Jaipur,One year,18,27,50.31,1273.48,0,34,14.02,Low Risk,No,2022-02-28
CUST-00042,Bengaluru,One year,38,10,107.24,1155.37,2,17,92.98,High Risk,Yes,2026-03-18
CUST-00043,Jaipur,Month-to-month,21,7,48.35,324.13,0,8,80.43,High Risk,No,2026-04-20
CUST-00044,Kolkata,One year,39,19,87.65,1673.49,1,18,69.59,Medium Risk,No,2021-06-26
CUST-00045,Delhi,One year,39,32,55.78,1764.55,2,56,26.11,Low Risk,No,2024-08-04
CUST-00046,Pune,One year,26,4,64.93,262.61,3,6,76.25,High Risk,No,2022-08-17
CUST-00047,Mumbai,Month-to-month,46,14,71.43,999.71,0,27,78.73,High Risk,No,2024-10-28
CUST-00048,Bengaluru,Month-to-month,43,26,33.18,894.03,1,33,30.51,Low Risk,No,2022-03-05
CUST-00049,Bengaluru,Month-to-month,45,42,40.7,1811.42,2,53,13.38,Low Risk,No,2021-08-01
CUST-00050,Delhi,Month-to-month,35,2,66.82,129.05,0,4,87.35,High Risk,Yes,2025-01-27
CUST-00051,Kolkata,Month-to-month,21,18,51.55,880.93,3,20,63.23,Medium Risk,Yes,2024-09-12
CUST-00052,Hyderabad,One year,45,13,89.42,1252.54,1,23,86.68,High Risk,Yes,2023-06-20
CUST-00053,Kolkata,Month-to-month,32,20,38.88,823.15,3,36,53.06,Medium Risk,No,2022-01-19
CUST-00054,Chennai,Month-to-month,21,27,77.89,2057.24,4,48,63.98,Medium Risk,Yes,2021-06-21
CUST-00055,Pune,Month-to-month,49,5,41.85,222.47,3,7,76.02,High Risk,No,2021-06-18
CUST-00056,Kolkata,One year,56,10,58.07,596.55,1,12,82.65,High Risk,No,2025-06-21
CUST-00057,Jaipur,Month-to-month,35,11,46.24,503.55,3,20,72.22,High Risk,No,2023-01-05
CUST-00058,Delhi,Month-to-month,57,15,119.48,1899.28,1,24,95.7,High Risk,Yes,2021-12-07
CUST-00059,Jaipur,One year,36,38,42.34,1654.04,1,63,5.87,Low Risk,No,2024-05-03
CUST-00060,Mumbai,Month-to-month,31,9,62.51,591.98,1,13,74.61,High Risk,No,2023-08-28
CUST-00061,Mumbai,Two year,29,12,37.4,442.89,3,24,42.02,Medium Risk,Yes,2026-04-01
CUST-00062,Delhi,Two year,51,7,108.45,795.43,0,9,94.92,High Risk,Yes,2023-08-29
CUST-00063,Chennai,Month-to-month,27,15,73.91,1085.04,2,25,77.91,High Risk,Yes,2021-05-30
CUST-00064,Mumbai,Month-to-month,42,16,67.91,1127.43,0,17,73.48,High Risk,Yes,2022-02-05
CUST-00065,Delhi,One year,29,17,104.18,1752.79,3,28,79.86,High Risk,Yes,2024-06-19
CUST-00066,Bengaluru,Month-to-month,30,70,68.14,4697.45,5,98,6.97,Low Risk,No,2025-06-13
CUST-00067,Delhi,Month-to-month,45,32,69.73,2337.26,2,26,42.72,Medium Risk,No,2023-05-23
CUST-00068,Chennai,Month-to-month,31,19,67.8,1210.92,1,30,70.02,High Risk,Yes,2022-11-21
CUST-00069,Jaipur,Two year,31,27,77.85,2245.96,3,26,48.32,Medium Risk,No,2025-10-14
CUST-00070,Kolkata,Month-to-month,46,13,55.52,722.76,2,14,72.14,High Risk,Yes,2021-06-08
CUST-00071,Hyderabad,One year,51,62,60.69,3844.7,2,57,3.0,Low Risk,No,2023-06-28
CUST-00072,Delhi,One year,41,33,84.24,2737.78,2,43,48.53,Medium Risk,No,2026-06-17
CUST-00073,Jaipur,Month-to-month,28,30,71.03,2180.64,3,29,44.67,Medium Risk,No,2021-02-20
CUST-00074,Chennai,Month-to-month,30,43,62.67,2785.29,4,39,26.55,Low Risk,Yes,2025-11-19
CUST-00075,Hyderabad,Two year,36,53,41.52,2330.3,1,55,3.0,Low Risk,No,2025-12-30
CUST-00076,Hyderabad,Month-to-month,38,9,104.98,998.39,1,10,96.2,High Risk,Yes,2023-05-23
CUST-00077,Hyderabad,One year,25,40,52.6,2056.13,3,40,15.85,Low Risk,No,2021-01-20
CUST-00078,Jaipur,Month-to-month,42,26,89.15,2360.87,0,38,69.51,Medium Risk,Yes,2021-06-25
CUST-00079,Mumbai,Month-to-month,36,23,68.76,1652.48,3,33,70.04,High Risk,Yes,2023-09-01
CUST-00080,Jaipur,Month-to-month,18,49,42.97,2194.76,1,88,5.08,Low Risk,No,2023-06-11
CUST-00081,Chennai,Month-to-month,26,10,97.04,1031.1,0,9,94.77,High Risk,Yes,2021-03-13
CUST-00082,Pune,Month-to-month,30,19,70.52,1411.04,1,31,67.34,Medium Risk,Yes,2023-08-26
CUST-00083,Mumbai,Two year,34,18,99.65,1856.22,0,21,78.65,High Risk,Yes,2023-01-12
CUST-00084,Jaipur,Month-to-month,54,26,61.31,1657.53,0,32,46.89,Medium Risk,Yes,2021-11-26
CUST-00085,Mumbai,Month-to-month,37,26,81.43,2221.33,2,31,63.68,Medium Risk,Yes,2025-07-15
CUST-00086,Mumbai,Month-to-month,27,39,36.98,1520.19,2,34,22.71,Low Risk,No,2023-09-27
CUST-00087,Hyderabad,One year,37,20,55.39,1081.69,1,27,48.05,Medium Risk,Yes,2025-08-05
CUST-00088,Pune,Month-to-month,31,51,43.25,2305.21,0,80,5.27,Low Risk,No,2021-03-03
CUST-00089,Chennai,One year,38,27,57.65,1668.42,4,48,35.27,Low Risk,No,2021-06-28
CUST-00090,Bengaluru,Month-to-month,41,9,75.59,651.24,1,16,91.49,High Risk,Yes,2025-10-08
CUST-00091,Jaipur,Month-to-month,47,13,53.57,646.07,3,21,71.36,High Risk,Yes,2024-02-25
CUST-00092,Hyderabad,Month-to-month,35,30,85.7,2395.1,1,46,63.73,Medium Risk,Yes,2025-09-30
CUST-00093,Hyderabad,Two year,51,26,49.42,1226.68,0,32,46.06,Medium Risk,No,2024-01-27
CUST-00094,Bengaluru,Month-to-month,44,25,86.29,2302.14,0,42,64.4,Medium Risk,Yes,2021-05-07
CUST-00095,Hyderabad,Month-to-month,28,56,98.84,5204.53,1,86,25.74,Low Risk,No,2025-06-05
CUST-00096,Bengaluru,Month-to-month,57,37,89.9,3458.08,2,33,62.02,Medium Risk,Yes,2024-11-29
CUST-00097,Bengaluru,Two year,38,15,58.22,924.59,1,25,61.49,Medium Risk,No,2022-05-24
CUST-00098,Mumbai,Month-to-month,27,18,32.93,628.54,2,25,39.15,Low Risk,No,2025-11-02
CUST-00099,Jaipur,Month-to-month,52,14,78.31,1081.74,2,23,83.79,High Risk,Yes,2026-02-27
CUST-00100,Jaipur,Month-to-month,56,11,62.45,686.43,2,19,83.95,High Risk,Yes,2026-01-04
CUST-00101,Jaipur,Month-to-month,35,58,47.53,2678.78,1,86,3.32,Low Risk,No,2024-03-12
CUST-00102,Pune,One year,30,26,54.4,1334.59,3,46,18.47,Low Risk,Yes,2025-04-21
CUST-00103,Mumbai,One year,33,8,102.86,784.98,1,14,89.39,High Risk,Yes,2023-01-10
CUST-00104,Bengaluru,Month-to-month,42,48,45.17,2041.46,2,41,8.34,Low Risk,No,2021-01-09
CUST-00105,Kolkata,Month-to-month,48,12,75.51,892.71,0,9,78.4,High Risk,No,2023-01-18
CUST-00106,Delhi,Month-to-month,41,23,69.7,1518.54,5,28,74.28,High Risk,No,2023-01-09
CUST-00107,Mumbai,Month-to-month,36,21,57.98,1198.76,3,36,55.59,Medium Risk,No,2024-08-31
CUST-00108,Hyderabad,Month-to-month,50,6,79.89,506.27,6,10,95.13,High Risk,Yes,2024-06-14
CUST-00109,Delhi,One year,32,4,109.59,449.2,1,10,97.0,High Risk,Yes,2024-09-23
CUST-00110,Jaipur,Two year,45,32,59.13,1941.43,1,40,35.15,Low Risk,Yes,2026-01-20
CUST-00111,Delhi,Two year,32,42,60.13,2651.48,1,66,14.65,Low Risk,No,2021-05-25
CUST-00112,Delhi,Two year,39,24,79.32,1763.93,0,21,69.78,Medium Risk,Yes,2022-08-17
CUST-00113,Kolkata,One year,34,72,87.2,6574.25,4,70,3.86,Low Risk,No,2025-03-20
CUST-00114,Chennai,One year,34,13,62.4,771.79,0,13,60.66,Medium Risk,No,2023-10-05
CUST-00115,Pune,Month-to-month,31,5,58.95,287.48,2,9,79.35,High Risk,Yes,2025-06-08
CUST-00116,Chennai,One year,48,27,31.97,836.68,4,29,30.79,Low Risk,Yes,2025-03-29
CUST-00117,Chennai,Month-to-month,28,10,50.67,474.73,3,17,85.7,High Risk,Yes,2026-06-18
CUST-00118,Delhi,Month-to-month,28,19,45.14,812.88,2,22,58.73,Medium Risk,Yes,2022-09-19
CUST-00119,Chennai,One year,56,37,80.92,3212.65,1,56,48.04,Medium Risk,No,2024-08-15
CUST-00120,Bengaluru,Month-to-month,45,14,60.12,855.18,2,25,53.81,Medium Risk,Yes,2022-04-21
CUST-00121,Chennai,Month-to-month,18,19,59.37,1123.33,2,27,78.43,High Risk,No,2021-09-21
CUST-00122,Chennai,Two year,29,40,64.81,2699.33,1,41,15.4,Low Risk,No,2023-01-17
CUST-00123,Mumbai,Month-to-month,18,18,49.2,930.06,2,31,73.39,High Risk,No,2022-02-08
CUST-00124,Jaipur,Month-to-month,25,27,106.85,2705.05,2,22,89.77,High Risk,No,2021-05-03
CUST-00125,Delhi,Two year,18,29,98.48,2966.0,0,29,63.28,Medium Risk,Yes,2024-05-18
CUST-00126,Mumbai,One year,34,18,109.09,2099.47,0,24,83.1,High Risk,Yes,2021-07-18
CUST-00127,Chennai,Month-to-month,24,18,80.89,1475.92,5,16,84.98,High Risk,Yes,2024-09-02
CUST-00128,Chennai,Month-to-month,36,20,64.39,1311.32,1,28,47.86,Medium Risk,No,2022-07-10
CUST-00129,Jaipur,Month-to-month,19,13,108.97,1500.57,7,20,97.0,High Risk,Yes,2025-02-13
CUST-00130,Bengaluru,Two year,36,26,52.27,1398.05,1,34,14.21,Low Risk,No,2024-04-17
CUST-00131,Mumbai,One year,31,13,49.19,690.14,4,15,56.59,Medium Risk,Yes,2025-01-05
CUST-00132,Delhi,Month-to-month,50,14,53.62,724.58,2,16,81.83,High Risk,Yes,2025-01-22
CUST-00133,Jaipur,Month-to-month,49,10,76.84,810.87,0,13,89.68,High Risk,Yes,2026-04-04
CUST-00134,Mumbai,Month-to-month,43,42,50.93,2177.53,4,42,12.97,Low Risk,Yes,2024-02-15
CUST-00135,Kolkata,Two year,32,7,61.85,423.65,2,9,65.68,Medium Risk,No,2023-01-29
CUST-00136,Mumbai,Month-to-month,55,57,38.93,2355.01,2,81,3.35,Low Risk,No,2024-12-08
CUST-00137,Bengaluru,One year,19,18,75.82,1473.12,1,26,62.64,Medium Risk,Yes,2026-03-06
CUST-00138,Hyderabad,Month-to-month,21,15,40.0,557.55,0,18,55.47,Medium Risk,Yes,2025-02-25
CUST-00139,Mumbai,One year,34,10,48.24,515.24,1,20,62.72,Medium Risk,No,2024-09-25
CUST-00140,Kolkata,Two year,58,11,95.96,1005.42,3,12,87.88,High Risk,Yes,2022-09-05
CUST-00141,Kolkata,One year,33,13,94.83,1174.64,2,22,88.56,High Risk,No,2025-03-26
CUST-00142,Delhi,Month-to-month,33,72,73.27,4888.65,4,59,5.23,Low Risk,No,2025-10-24
CUST-00143,Bengaluru,One year,21,13,70.99,985.21,0,21,69.5,Medium Risk,Yes,2022-02-06
CUST-00144,Mumbai,One year,44,27,54.84,1542.13,0,33,49.73,Medium Risk,No,2022-01-15
CUST-00145,Delhi,Month-to-month,45,17,50.76,801.27,3,23,71.42,High Risk,Yes,2021-10-08
CUST-00146,Jaipur,Two year,43,59,57.89,3488.48,1,56,4.58,Low Risk,No,2025-02-12
CUST-00147,Pune,One year,29,23,40.05,865.16,4,29,46.53,Medium Risk,Yes,2025-06-27
CUST-00148,Bengaluru,Two year,28,8,70.47,586.44,3,13,84.98,High Risk,Yes,2021-06-11
CUST-00149,Jaipur,One year,22,14,66.02,910.83,3,25,62.49,Medium Risk,Yes,2021-02-13
CUST-00150,Delhi,Month-to-month,36,72,48.22,3222.85,1,70,3.0,Low Risk,No,2021-09-03
CUST-00151,Kolkata,Month-to-month,24,33,107.38,3730.3,5,40,77.3,High Risk,Yes,2026-05-13
CUST-00152,Delhi,Month-to-month,23,19,78.93,1517.05,1,13,67.67,Medium Risk,Yes,2025-02-11
CUST-00153,Delhi,Two year,31,10,81.11,846.51,1,11,75.7,High Risk,Yes,2022-04-21
CUST-00154,Bengaluru,One year,30,11,55.61,628.79,2,12,73.03,High Risk,No,2025-06-14
CUST-00155,Kolkata,One year,30,9,64.97,578.59,0,10,74.48,High Risk,Yes,2023-05-26
CUST-00156,Delhi,Month-to-month,40,6,79.45,491.85,1,9,93.92,High Risk,Yes,2024-05-04
CUST-00157,Pune,Month-to-month,36,32,68.26,2014.73,1,41,48.96,Medium Risk,Yes,2024-04-09
CUST-00158,Hyderabad,One year,32,28,108.53,2960.92,0,45,71.22,High Risk,Yes,2026-04-24
CUST-00159,Delhi,Month-to-month,37,22,60.9,1399.36,5,34,70.1,High Risk,Yes,2024-09-13
CUST-00160,Hyderabad,Month-to-month,25,46,55.31,2651.35,4,66,18.54,Low Risk,No,2025-11-29
CUST-00161,Mumbai,One year,36,31,79.63,2621.54,0,41,34.63,Low Risk,No,2021-04-24
CUST-00162,Pune,Month-to-month,37,7,43.37,308.98,1,14,61.82,Medium Risk,No,2022-05-13
CUST-00163,Pune,Month-to-month,20,20,87.37,1871.03,2,31,77.13,High Risk,Yes,2024-03-24
CUST-00164,Bengaluru,Month-to-month,45,34,42.87,1471.04,3,42,29.7,Low Risk,No,2025-12-31
CUST-00165,Jaipur,Month-to-month,26,20,79.74,1594.92,3,36,73.91,High Risk,Yes,2023-04-03
CUST-00166,Chennai,Two year,36,21,52.82,1055.48,4,16,65.55,Medium Risk,No,2024-04-02
CUST-00167,Mumbai,Month-to-month,47,6,75.71,474.53,4,10,94.04,High Risk,Yes,2022-04-14
CUST-00168,Delhi,Month-to-month,44,13,86.9,1164.41,2,11,90.21,High Risk,No,2026-06-15
CUST-00169,Jaipur,Month-to-month,35,27,68.27,1831.72,1,45,48.16,Medium Risk,Yes,2021-08-03
CUST-00170,Pune,One year,31,18,44.28,744.39,5,31,55.25,Medium Risk,No,2022-09-11
CUST-00171,Pune,Month-to-month,44,6,48.78,275.15,1,12,70.09,High Risk,No,2023-04-20
CUST-00172,Jaipur,One year,42,34,51.48,1642.35,6,49,29.19,Low Risk,No,2021-03-10
CUST-00173,Bengaluru,Month-to-month,29,17,35.45,590.65,3,29,45.08,Medium Risk,No,2024-02-02
CUST-00174,Delhi,Month-to-month,27,21,93.24,1851.2,1,29,82.04,High Risk,Yes,2021-11-17
CUST-00175,Pune,Month-to-month,18,7,67.33,498.52,1,14,85.97,High Risk,Yes,2026-04-02
CUST-00176,Delhi,One year,37,5,45.2,240.44,2,7,58.24,Medium Risk,No,2025-06-09
CUST-00177,Hyderabad,Two year,34,22,103.57,2408.61,4,40,73.11,High Risk,Yes,2023-07-29
CUST-00178,Mumbai,Month-to-month,46,43,51.93,2271.88,1,61,11.67,Low Risk,No,2021-10-26
CUST-00179,Kolkata,Month-to-month,39,33,70.43,2360.02,1,39,51.77,Medium Risk,Yes,2024-01-03
CUST-00180,Jaipur,Two year,48,30,49.91,1590.95,4,25,32.26,Low Risk,Yes,2025-01-13
CUST-00181,Mumbai,Month-to-month,28,23,34.07,771.86,0,24,25.66,Low Risk,No,2021-10-04
CUST-00182,Jaipur,Two year,46,8,42.0,312.47,1,15,74.32,High Risk,No,2022-03-21
CUST-00183,Kolkata,Month-to-month,30,3,56.31,168.13,3,7,91.36,High Risk,Yes,2021-05-21
CUST-00184,Chennai,Two year,43,72,86.65,6292.41,2,85,4.92,Low Risk,No,2024-02-06
CUST-00185,Delhi,One year,20,17,72.62,1244.31,0,24,52.51,Medium Risk,No,2023-06-01
CUST-00186,Pune,Two year,37,13,67.98,835.52,1,14,76.13,High Risk,Yes,2025-03-06
CUST-00187,Chennai,One year,18,21,34.16,749.89,2,27,26.03,Low Risk,No,2023-11-18
CUST-00188,Bengaluru,Month-to-month,32,10,97.59,1012.12,1,12,91.22,High Risk,Yes,2021-06-07
CUST-00189,Bengaluru,Two year,39,14,69.82,935.23,0,28,65.61,Medium Risk,Yes,2024-01-11
CUST-00190,Delhi,Month-to-month,30,56,62.56,3532.08,1,74,5.14,Low Risk,No,2024-02-04
CUST-00191,Jaipur,Month-to-month,24,25,93.39,2443.21,3,42,74.48,High Risk,Yes,2025-07-24
CUST-00192,Chennai,One year,43,29,96.89,2588.48,0,46,50.55,Medium Risk,No,2023-04-06
CUST-00193,Kolkata,One year,34,18,94.05,1632.0,3,21,86.23,High Risk,Yes,2024-05-19
CUST-00194,Pune,Two year,30,39,60.06,2331.86,3,66,17.37,Low Risk,No,2023-10-15
CUST-00195,Mumbai,Month-to-month,35,39,47.15,1940.36,2,35,13.5,Low Risk,No,2021-01-21
CUST-00196,Mumbai,One year,61,17,89.2,1588.94,1,22,83.46,High Risk,Yes,2024-10-01
CUST-00197,Hyderabad,One year,47,20,42.0,793.09,4,21,41.84,Medium Risk,No,2024-04-12
CUST-00198,Chennai,Month-to-month,47,43,121.21,5180.96,1,59,76.72,High Risk,No,2021-08-05
CUST-00199,Chennai,Month-to-month,39,21,65.59,1334.34,3,26,69.98,Medium Risk,No,2023-05-01
CUST-00200,Hyderabad,Month-to-month,37,16,46.29,728.96,1,27,44.47,Medium Risk,Yes,2022-06-21
CUST-00201,Pune,Month-to-month,18,16,43.82,705.68,3,30,51.67,Medium Risk,Yes,2022-05-04
CUST-00202,Jaipur,Two year,28,14,43.19,604.6,2,25,35.88,Low Risk,No,2021-11-09
CUST-00203,Delhi,One year,30,21,67.99,1345.91,2,24,58.94,Medium Risk,Yes,2022-10-22
CUST-00204,Chennai,One year,18,15,64.87,914.15,3,21,71.86,High Risk,Yes,2023-10-15
CUST-00205,Pune,Two year,23,21,43.77,864.79,0,39,17.62,Low Risk,Yes,2023-02-13
CUST-00206,Jaipur,Month-to-month,18,12,57.99,733.88,2,15,71.95,High Risk,No,2025-12-15
CUST-00207,Jaipur,One year,35,25,41.96,968.43,3,24,36.6,Low Risk,Yes,2022-11-20
CUST-00208,Pune,Month-to-month,43,28,78.49,2093.07,2,25,51.11,Medium Risk,No,2023-09-05
CUST-00209,Jaipur,Two year,46,31,63.87,2124.39,4,42,34.7,Low Risk,Yes,2026-04-24
CUST-00210,Delhi,Month-to-month,39,28,57.59,1500.55,5,43,53.3,Medium Risk,Yes,2023-05-21
CUST-00211,Bengaluru,Two year,25,37,43.04,1474.34,3,53,16.26,Low Risk,No,2021-06-11
CUST-00212,Hyderabad,Month-to-month,18,22,59.05,1275.68,0,27,54.26,Medium Risk,Yes,2024-11-18
CUST-00213,Pune,Month-to-month,18,20,56.92,1074.87,0,30,58.32,Medium Risk,Yes,2021-10-16
CUST-00214,Delhi,One year,22,13,71.96,945.32,1,22,73.37,High Risk,Yes,2025-07-09
CUST-00215,Hyderabad,Month-to-month,26,33,68.57,2204.37,3,46,41.25,Medium Risk,Yes,2023-08-09
CUST-00216,Delhi,One year,33,14,83.75,1117.9,1,15,86.15,High Risk,No,2026-04-23
CUST-00217,Mumbai,Month-to-month,25,5,55.66,300.5,1,8,76.98,High Risk,Yes,2024-05-02
CUST-00218,Hyderabad,One year,38,13,35.84,454.07,3,14,24.05,Low Risk,No,2023-12-07
CUST-00219,Pune,Month-to-month,33,34,89.26,3103.31,3,56,46.41,Medium Risk,Yes,2022-11-20
CUST-00220,Chennai,Month-to-month,35,30,48.18,1531.92,0,49,27.34,Low Risk,Yes,2026-06-10
CUST-00221,Pune,Month-to-month,46,24,45.61,1168.62,2,26,41.72,Medium Risk,No,2021-01-30
CUST-00222,Bengaluru,Month-to-month,23,70,64.11,4423.17,2,54,3.0,Low Risk,No,2025-02-19
CUST-00223,Jaipur,Month-to-month,39,25,71.6,1926.37,3,41,67.54,Medium Risk,Yes,2021-07-30
CUST-00224,Mumbai,Month-to-month,35,11,54.85,625.03,1,13,80.81,High Risk,Yes,2022-04-14
CUST-00225,Delhi,Month-to-month,32,10,54.71,554.39,1,12,77.22,High Risk,Yes,2021-11-11
CUST-00226,Delhi,Month-to-month,44,28,57.35,1655.46,1,23,49.55,Medium Risk,No,2023-01-28
CUST-00227,Kolkata,One year,44,47,102.28,4699.59,1,35,23.89,Low Risk,No,2025-02-24
CUST-00228,Mumbai,Two year,26,20,64.94,1283.09,4,26,52.99,Medium Risk,Yes,2023-09-01
CUST-00229,Chennai,Month-to-month,33,26,47.69,1257.05,2,30,45.68,Medium Risk,No,2021-10-14
CUST-00230,Pune,One year,38,27,47.84,1255.89,2,40,27.69,Low Risk,Yes,2021-10-04
CUST-00231,Hyderabad,One year,32,71,59.99,4442.48,4,126,3.0,Low Risk,No,2024-07-20
CUST-00232,Bengaluru,Month-to-month,41,36,70.14,2424.48,2,35,45.91,Medium Risk,No,2023-10-19
CUST-00233,Bengaluru,One year,38,42,75.89,3338.75,1,43,21.52,Low Risk,No,2023-08-07
CUST-00234,Bengaluru,Month-to-month,53,11,67.63,702.53,1,13,90.0,High Risk,Yes,2022-03-11
CUST-00235,Delhi,Month-to-month,20,14,49.65,663.67,8,18,72.61,High Risk,No,2022-02-12
CUST-00236,Hyderabad,Month-to-month,34,13,56.75,767.63,0,21,62.18,Medium Risk,No,2021-08-17
CUST-00237,Delhi,One year,26,17,82.21,1344.61,3,21,60.83,Medium Risk,No,2026-05-14
CUST-00238,Jaipur,One year,41,21,45.04,990.54,4,19,47.77,Medium Risk,Yes,2024-06-10
CUST-00239,Pune,Month-to-month,19,25,56.0,1463.59,4,40,45.93,Medium Risk,No,2022-09-02
CUST-00240,Delhi,Month-to-month,38,19,78.69,1437.05,2,34,85.56,High Risk,Yes,2025-09-07
CUST-00241,Kolkata,Two year,29,13,86.01,1041.75,2,16,82.63,High Risk,Yes,2025-12-17
CUST-00242,Kolkata,Month-to-month,28,9,61.11,520.63,2,11,78.9,High Risk,Yes,2021-09-29
CUST-00243,Kolkata,Month-to-month,21,26,56.99,1541.61,4,34,40.9,Medium Risk,No,2023-04-06
CUST-00244,Mumbai,Two year,30,31,42.58,1393.26,2,30,21.56,Low Risk,No,2023-12-09
CUST-00245,Jaipur,One year,46,18,76.91,1358.48,1,21,67.95,Medium Risk,No,2024-12-20
CUST-00246,Kolkata,One year,35,6,99.13,562.83,2,9,93.59,High Risk,Yes,2022-01-31
CUST-00247,Mumbai,One year,41,36,147.71,4956.37,2,37,88.95,High Risk,Yes,2025-09-01
CUST-00248,Kolkata,Two year,52,17,73.56,1193.66,2,31,72.89,High Risk,No,2023-08-12
CUST-00249,Kolkata,Month-to-month,38,7,63.95,482.01,0,11,78.33,High Risk,Yes,2025-05-15
CUST-00250,Chennai,Month-to-month,29,20,48.43,917.5,1,20,53.8,Medium Risk,No,2025-12-21
CUST-00251,Delhi,Month-to-month,40,37,35.63,1231.02,7,48,28.9,Low Risk,Yes,2023-02-20
CUST-00252,Mumbai,Two year,30,15,68.79,1078.98,1,22,67.18,Medium Risk,No,2024-08-06
CUST-00253,Chennai,One year,30,2,137.9,280.89,3,3,97.0,High Risk,Yes,2022-03-21
CUST-00254,Mumbai,Month-to-month,20,17,97.62,1668.79,1,15,89.73,High Risk,Yes,2023-07-12
CUST-00255,Delhi,Two year,44,12,92.92,1105.74,3,19,87.0,High Risk,Yes,2021-08-18
CUST-00256,Bengaluru,Month-to-month,31,23,70.31,1669.35,5,37,68.61,Medium Risk,No,2024-01-14
CUST-00257,Kolkata,Month-to-month,37,20,72.93,1504.89,1,28,84.81,High Risk,Yes,2022-05-16
CUST-00258,Hyderabad,Month-to-month,25,14,29.93,413.95,1,13,56.06,Medium Risk,No,2026-02-02
CUST-00259,Bengaluru,Month-to-month,39,14,82.96,1112.05,3,27,88.02,High Risk,Yes,2024-06-18
CUST-00260,Jaipur,Two year,27,44,54.0,2505.73,3,65,12.42,Low Risk,No,2025-12-11
CUST-00261,Pune,Month-to-month,34,28,51.93,1376.02,3,41,33.98,Low Risk,No,2025-07-01
CUST-00262,Kolkata,Two year,44,27,58.61,1591.08,1,40,29.37,Low Risk,Yes,2021-08-18
CUST-00263,Delhi,One year,43,35,57.98,2091.86,2,42,15.32,Low Risk,No,2021-09-03
CUST-00264,Bengaluru,Month-to-month,35,17,51.66,897.73,4,32,69.1,Medium Risk,Yes,2021-04-11
CUST-00265,Chennai,Two year,18,51,65.29,3393.08,3,44,8.67,Low Risk,No,2023-03-20
CUST-00266,Hyderabad,Month-to-month,65,25,54.37,1394.59,4,40,68.73,Medium Risk,Yes,2023-09-29
CUST-00267,Hyderabad,Month-to-month,52,22,67.12,1565.39,4,30,71.4,High Risk,Yes,2025-07-02
CUST-00268,Hyderabad,Month-to-month,42,25,40.39,988.0,2,43,46.53,Medium Risk,Yes,2023-08-11
CUST-00269,Mumbai,Two year,27,17,60.7,1052.94,1,27,58.3,Medium Risk,No,2025-08-21
CUST-00270,Delhi,Month-to-month,34,13,45.77,613.76,2,19,81.64,High Risk,Yes,2023-12-05
CUST-00271,Chennai,Month-to-month,30,40,52.94,2148.2,2,73,30.17,Low Risk,Yes,2021-03-15
CUST-00272,Chennai,Month-to-month,48,9,68.05,651.94,1,15,90.91,High Risk,Yes,2021-09-14
CUST-00273,Chennai,Month-to-month,38,9,38.9,358.77,2,7,73.74,High Risk,Yes,2024-02-01
CUST-00274,Kolkata,One year,27,19,49.96,937.76,9,21,51.59,Medium Risk,Yes,2024-01-21
CUST-00275,Bengaluru,Month-to-month,30,11,77.98,905.21,2,16,88.12,High Risk,Yes,2025-11-17
CUST-00276,Bengaluru,Month-to-month,46,6,41.35,247.69,3,13,88.67,High Risk,Yes,2024-06-14
CUST-00277,Hyderabad,Month-to-month,51,9,114.81,1038.28,2,14,97.0,High Risk,Yes,2022-12-24
CUST-00278,Pune,Month-to-month,50,11,95.56,1065.0,1,11,90.97,High Risk,Yes,2025-06-18
CUST-00279,Hyderabad,Two year,43,26,55.49,1401.83,1,37,35.93,Low Risk,Yes,2021-03-25
CUST-00280,Hyderabad,Month-to-month,32,18,50.53,941.93,1,19,46.97,Medium Risk,No,2023-08-06
CUST-00281,Chennai,Two year,18,36,69.34,2335.73,2,50,18.71,Low Risk,No,2022-06-16
CUST-00282,Mumbai,Month-to-month,38,9,40.9,389.82,2,10,72.15,High Risk,Yes,2023-11-13
CUST-00283,Mumbai,Month-to-month,35,10,34.25,356.45,1,17,64.89,Medium Risk,Yes,2023-05-13
CUST-00284,Jaipur,Two year,36,23,56.11,1260.31,4,41,38.69,Low Risk,No,2025-06-20
CUST-00285,Bengaluru,Month-to-month,36,12,62.27,714.53,0,18,70.92,High Risk,Yes,2023-06-03
CUST-00286,Jaipur,One year,22,16,66.99,1052.62,1,12,46.31,Medium Risk,No,2023-05-08
CUST-00287,Bengaluru,Two year,41,9,53.39,503.96,4,13,71.17,High Risk,Yes,2023-09-01
CUST-00288,Bengaluru,Month-to-month,41,9,97.71,813.48,2,11,89.8,High Risk,Yes,2023-02-13
CUST-00289,Delhi,Month-to-month,42,12,40.28,480.88,2,21,61.24,Medium Risk,Yes,2024-03-30
CUST-00290,Pune,One year,44,37,45.16,1605.18,2,46,13.56,Low Risk,No,2021-01-08
CUST-00291,Jaipur,Month-to-month,41,7,75.95,563.54,4,14,86.27,High Risk,Yes,2024-09-04
CUST-00292,Jaipur,Month-to-month,31,39,44.82,1723.88,3,70,13.06,Low Risk,No,2025-07-18
CUST-00293,Chennai,Month-to-month,34,35,44.27,1598.51,4,41,24.84,Low Risk,No,2024-03-01
CUST-00294,Mumbai,Month-to-month,36,14,67.62,925.16,3,27,79.6,High Risk,Yes,2026-04-17
CUST-00295,Jaipur,One year,36,20,46.4,902.71,1,18,34.53,Low Risk,No,2025-04-20
CUST-00296,Bengaluru,Month-to-month,45,24,62.29,1453.31,1,36,59.27,Medium Risk,No,2021-04-03
CUST-00297,Hyderabad,Month-to-month,41,30,51.96,1603.24,4,25,28.35,Low Risk,No,2023-09-12
CUST-00298,Delhi,One year,56,10,49.34,530.05,1,12,68.9,Medium Risk,Yes,2023-07-19
CUST-00299,Pune,Month-to-month,57,33,33.17,1043.5,0,49,16.18,Low Risk,No,2021-11-08
CUST-00300,Jaipur,Month-to-month,36,21,67.97,1460.23,0,20,58.11,Medium Risk,No,2025-08-02
CUST-00301,Jaipur,One year,18,10,43.61,419.73,4,11,40.99,Medium Risk,No,2021-10-21
CUST-00302,Bengaluru,Month-to-month,47,22,61.59,1365.68,1,25,58.32,Medium Risk,Yes,2023-01-03
CUST-00303,Bengaluru,One year,30,10,55.18,555.47,1,14,66.84,Medium Risk,Yes,2024-12-23
CUST-00304,Pune,Two year,27,20,60.84,1207.07,2,18,50.23,Medium Risk,No,2022-08-21
CUST-00305,Hyderabad,Month-to-month,31,15,61.96,929.2,3,19,76.15,High Risk,Yes,2022-03-18
CUST-00306,Kolkata,Month-to-month,31,22,69.15,1613.85,3,33,65.66,Medium Risk,No,2022-09-22
CUST-00307,Bengaluru,Month-to-month,41,23,51.5,1106.53,2,26,50.36,Medium Risk,Yes,2025-08-25
CUST-00308,Mumbai,Month-to-month,19,43,96.74,4379.65,3,34,37.59,Low Risk,No,2022-09-14
CUST-00309,Hyderabad,Two year,24,29,35.99,1037.42,0,44,12.66,Low Risk,No,2023-04-23
CUST-00310,Delhi,Two year,38,26,60.45,1529.85,1,37,32.24,Low Risk,No,2024-01-21
CUST-00311,Mumbai,Month-to-month,41,5,84.94,402.76,2,6,91.27,High Risk,Yes,2022-01-10
CUST-00312,Jaipur,One year,41,36,75.71,2862.84,2,54,38.87,Low Risk,No,2025-10-02
CUST-00313,Jaipur,Two year,27,15,47.58,724.21,2,14,33.94,Low Risk,No,2022-10-26
CUST-00314,Kolkata,Two year,25,9,50.19,468.22,3,17,68.45,Medium Risk,No,2022-08-09
CUST-00315,Chennai,Month-to-month,30,63,47.1,2879.45,4,56,4.07,Low Risk,No,2022-04-08
CUST-00316,Hyderabad,Month-to-month,37,12,78.74,928.7,1,18,83.34,High Risk,Yes,2024-09-04
CUST-00317,Mumbai,Month-to-month,50,45,51.3,2461.28,2,39,20.31,Low Risk,No,2022-09-13
CUST-00318,Delhi,Two year,18,25,70.53,1893.36,1,42,37.84,Low Risk,No,2025-02-19
CUST-00319,Delhi,Month-to-month,33,28,70.74,2056.73,5,38,58.22,Medium Risk,Yes,2026-05-13
CUST-00320,Delhi,One year,22,20,138.69,2884.5,1,36,89.83,High Risk,Yes,2023-07-06
CUST-00321,Bengaluru,Month-to-month,18,10,71.85,740.85,2,18,83.9,High Risk,Yes,2024-06-05
CUST-00322,Hyderabad,Month-to-month,45,31,50.14,1576.03,0,60,23.08,Low Risk,No,2023-07-21
CUST-00323,Pune,Month-to-month,40,23,40.74,951.27,2,21,34.4,Low Risk,No,2025-11-13
CUST-00324,Delhi,Two year,39,23,59.51,1470.3,0,32,38.53,Low Risk,Yes,2023-03-27
CUST-00325,Kolkata,Month-to-month,44,21,62.57,1366.72,3,25,67.39,Medium Risk,No,2026-02-19
CUST-00326,Hyderabad,One year,30,17,32.04,558.22,3,23,43.97,Medium Risk,Yes,2025-11-18
CUST-00327,Bengaluru,Month-to-month,31,32,51.73,1573.01,1,35,36.09,Low Risk,No,2024-11-21
CUST-00328,Pune,Month-to-month,57,28,71.49,2154.51,4,22,70.85,High Risk,Yes,2021-01-02
CUST-00329,Mumbai,Month-to-month,33,34,54.82,1869.93,3,54,31.25,Low Risk,No,2025-07-05
CUST-00330,Delhi,Month-to-month,42,17,88.62,1613.5,1,31,83.68,High Risk,Yes,2024-12-05
CUST-00331,Mumbai,Month-to-month,35,17,39.48,694.09,1,25,48.47,Medium Risk,Yes,2023-02-14
CUST-00332,Hyderabad,Month-to-month,18,14,80.72,1046.92,2,15,80.79,High Risk,No,2024-02-03
CUST-00333,Jaipur,Month-to-month,18,22,87.08,1927.71,3,42,74.01,High Risk,Yes,2024-05-26
CUST-00334,Jaipur,Month-to-month,29,6,88.28,562.96,4,8,94.59,High Risk,Yes,2023-09-17
CUST-00335,Jaipur,Two year,46,72,39.38,2632.02,4,126,3.0,Low Risk,No,2021-10-02
CUST-00336,Jaipur,Two year,43,13,71.88,989.27,6,23,77.09,High Risk,Yes,2023-07-25
CUST-00337,Chennai,Month-to-month,44,42,52.48,2244.15,3,58,25.94,Low Risk,No,2021-01-21
CUST-00338,Hyderabad,One year,25,15,41.45,576.44,1,26,28.1,Low Risk,No,2024-08-30
CUST-00339,Bengaluru,Two year,51,29,56.94,1617.86,1,44,23.12,Low Risk,No,2022-02-14
CUST-00340,Jaipur,Month-to-month,25,54,48.66,2430.11,3,78,9.53,Low Risk,No,2025-01-21
CUST-00341,Bengaluru,One year,37,28,87.27,2248.75,2,26,54.65,Medium Risk,Yes,2023-03-15
CUST-00342,Bengaluru,Two year,35,52,76.6,4235.85,3,79,18.39,Low Risk,No,2021-10-27
CUST-00343,Delhi,Month-to-month,33,40,44.95,1869.51,1,28,9.75,Low Risk,No,2023-10-21
CUST-00344,Mumbai,Month-to-month,48,10,51.55,498.14,3,17,78.99,High Risk,Yes,2026-01-30
CUST-00345,Mumbai,Two year,28,32,57.54,1727.48,1,42,27.16,Low Risk,No,2021-01-27
CUST-00346,Pune,Month-to-month,22,25,63.51,1474.56,1,28,42.51,Medium Risk,Yes,2022-10-10
CUST-00347,Pune,Month-to-month,35,12,89.7,1148.26,4,23,95.66,High Risk,Yes,2026-02-25
CUST-00348,Jaipur,Month-to-month,31,38,81.08,3142.94,2,47,40.38,Medium Risk,Yes,2024-11-09
CUST-00349,Mumbai,Month-to-month,69,8,66.08,499.93,0,10,88.56,High Risk,Yes,2022-10-01
CUST-00350,Pune,One year,42,37,59.8,2276.84,0,29,13.87,Low Risk,No,2025-12-20
CUST-00351,Bengaluru,One year,31,32,36.85,1273.33,3,38,22.52,Low Risk,No,2021-03-14
CUST-00352,Chennai,Two year,24,22,98.28,2261.8,0,19,73.31,High Risk,Yes,2023-11-21
CUST-00353,Pune,Month-to-month,18,13,56.34,726.15,1,15,81.66,High Risk,No,2024-11-15
CUST-00354,Delhi,Month-to-month,25,31,106.9,3480.48,1,30,82.26,High Risk,Yes,2023-10-30
CUST-00355,Jaipur,Month-to-month,36,4,69.21,287.66,4,7,93.91,High Risk,Yes,2021-07-18
CUST-00356,Pune,Month-to-month,49,12,124.27,1393.09,4,18,97.0,High Risk,No,2022-04-21
CUST-00357,Jaipur,Month-to-month,46,20,78.92,1685.91,4,26,82.64,High Risk,Yes,2022-01-16
CUST-00358,Bengaluru,Two year,37,22,41.11,960.0,1,33,25.94,Low Risk,No,2022-04-27
CUST-00359,Kolkata,Two year,32,12,53.4,650.08,2,18,60.27,Medium Risk,Yes,2022-03-13
CUST-00360,Bengaluru,Month-to-month,38,12,61.58,739.92,2,21,79.4,High Risk,Yes,2026-03-23
CUST-00361,Mumbai,One year,30,29,49.15,1363.26,0,22,15.11,Low Risk,No,2021-05-24
CUST-00362,Pune,Month-to-month,52,10,57.61,606.93,2,17,80.07,High Risk,No,2022-12-15
CUST-00363,Bengaluru,Month-to-month,33,16,41.97,664.2,3,28,56.94,Medium Risk,Yes,2024-12-02
CUST-00364,Bengaluru,One year,34,8,65.12,527.57,1,6,67.14,Medium Risk,Yes,2024-09-15
CUST-00365,Kolkata,Month-to-month,18,21,70.13,1394.99,3,30,74.28,High Risk,Yes,2021-06-23
CUST-00366,Mumbai,Two year,33,18,47.14,809.67,0,24,39.11,Low Risk,Yes,2026-05-03
CUST-00367,Kolkata,One year,43,4,120.94,521.32,1,8,97.0,High Risk,Yes,2025-10-19
CUST-00368,Kolkata,Month-to-month,24,7,66.33,463.86,2,10,87.39,High Risk,Yes,2021-08-21
CUST-00369,Delhi,One year,27,43,50.05,2260.87,1,70,4.38,Low Risk,No,2025-12-27
CUST-00370,Jaipur,Month-to-month,43,13,38.59,528.14,3,20,55.83,Medium Risk,Yes,2024-12-29
CUST-00371,Jaipur,Month-to-month,20,26,66.26,1855.48,1,28,64.94,Medium Risk,Yes,2025-10-13
CUST-00372,Jaipur,Month-to-month,46,10,59.8,644.2,5,19,88.79,High Risk,Yes,2025-03-05
CUST-00373,Jaipur,Month-to-month,30,47,83.51,3897.94,1,72,16.58,Low Risk,No,2025-08-22
CUST-00374,Pune,One year,31,5,62.09,332.82,0,5,77.88,High Risk,Yes,2025-04-15
CUST-00375,Jaipur,Month-to-month,24,41,44.36,1779.61,0,51,8.35,Low Risk,No,2024-08-06
CUST-00376,Mumbai,One year,39,22,110.94,2482.71,3,32,74.12,High Risk,No,2025-10-22
CUST-00377,Chennai,One year,60,31,74.72,2435.55,0,34,55.42,Medium Risk,Yes,2023-10-09
CUST-00378,Jaipur,Month-to-month,43,44,59.92,2811.03,5,65,25.64,Low Risk,No,2021-10-02
CUST-00379,Chennai,One year,26,24,68.52,1650.75,0,24,43.98,Medium Risk,Yes,2026-06-18
CUST-00380,Delhi,Month-to-month,46,55,75.65,4106.07,0,59,8.32,Low Risk,No,2024-12-06
CUST-00381,Jaipur,Month-to-month,32,43,41.15,1834.15,1,45,6.8,Low Risk,No,2021-01-06
CUST-00382,Hyderabad,Month-to-month,49,30,68.36,2036.34,2,55,39.03,Low Risk,No,2024-03-14
CUST-00383,Pune,Month-to-month,43,39,56.28,2255.25,4,64,40.18,Medium Risk,Yes,2024-01-30
CUST-00384,Chennai,Month-to-month,18,20,76.46,1603.63,1,26,57.03,Medium Risk,Yes,2022-08-26
CUST-00385,Hyderabad,One year,25,11,51.29,594.98,3,17,73.88,High Risk,Yes,2026-03-14
CUST-00386,Chennai,Month-to-month,44,72,53.56,3704.73,3,58,3.0,Low Risk,No,2021-06-13
CUST-00387,Delhi,Month-to-month,37,21,110.66,2350.43,1,32,85.2,High Risk,Yes,2025-03-17
CUST-00388,Delhi,Two year,25,25,96.38,2226.39,0,31,63.87,Medium Risk,No,2024-03-13
CUST-00389,Hyderabad,One year,29,7,25.0,183.34,1,13,36.05,Low Risk,No,2025-01-15
CUST-00390,Chennai,Two year,18,45,94.12,3981.34,3,73,29.22,Low Risk,No,2023-12-07
CUST-00391,Kolkata,Month-to-month,34,24,63.49,1614.38,0,18,44.89,Medium Risk,Yes,2021-01-23
CUST-00392,Mumbai,One year,57,29,51.82,1480.37,0,42,23.59,Low Risk,No,2023-01-06
CUST-00393,Mumbai,Two year,43,31,47.09,1382.08,1,41,15.51,Low Risk,No,2024-05-03
CUST-00394,Hyderabad,One year,57,12,47.97,602.89,3,14,70.1,High Risk,Yes,2025-01-09
CUST-00395,Mumbai,One year,44,45,52.29,2240.21,2,64,10.79,Low Risk,No,2024-01-14
CUST-00396,Kolkata,Month-to-month,45,26,45.32,1158.41,1,35,39.69,Low Risk,No,2021-12-10
CUST-00397,Chennai,Month-to-month,55,4,42.14,170.36,0,6,83.07,High Risk,Yes,2026-04-19
CUST-00398,Mumbai,Month-to-month,39,39,46.59,1776.32,0,36,16.55,Low Risk,No,2026-06-18
CUST-00399,Hyderabad,Month-to-month,33,19,72.09,1299.37,2,26,75.13,High Risk,Yes,2022-08-02
CUST-00400,Hyderabad,Two year,45,13,66.05,845.75,2,27,70.11,High Risk,Yes,2022-04-12
CUST-00401,Jaipur,Month-to-month,50,6,77.65,439.38,1,11,89.32,High Risk,No,2024-08-15
CUST-00402,Kolkata,Two year,30,16,63.63,1053.78,1,23,51.49,Medium Risk,Yes,2026-04-12
CUST-00403,Bengaluru,Two year,28,15,42.79,608.11,0,18,39.66,Low Risk,No,2024-10-26
CUST-00404,Chennai,Month-to-month,36,42,76.14,3188.87,2,38,41.3,Medium Risk,No,2025-06-22
CUST-00405,Mumbai,Month-to-month,43,14,47.13,666.19,1,27,67.98,Medium Risk,No,2023-09-21
CUST-00406,Chennai,Two year,43,7,79.94,599.43,0,10,86.7,High Risk,Yes,2021-06-21
CUST-00407,Mumbai,Two year,21,29,44.76,1210.45,1,53,12.63,Low Risk,No,2024-06-09
CUST-00408,Jaipur,Month-to-month,54,43,52.16,2397.35,3,40,22.97,Low Risk,No,2022-05-01
CUST-00409,Kolkata,Month-to-month,29,17,57.9,938.35,3,19,65.11,Medium Risk,No,2025-04-11
CUST-00410,Jaipur,Month-to-month,32,61,80.66,5188.66,4,67,12.85,Low Risk,No,2022-12-08
CUST-00411,Mumbai,One year,26,39,68.77,2506.3,0,53,20.22,Low Risk,Yes,2024-03-29
CUST-00412,Kolkata,Month-to-month,62,46,65.42,3244.63,1,75,15.1,Low Risk,No,2026-01-30
CUST-00413,Kolkata,One year,37,28,118.84,3491.3,2,50,82.07,High Risk,Yes,2021-02-12
CUST-00414,Bengaluru,Month-to-month,26,26,36.11,873.21,3,31,32.85,Low Risk,No,2024-02-10
CUST-00415,Pune,Month-to-month,44,13,46.62,578.34,4,11,78.53,High Risk,Yes,2023-01-17
CUST-00416,Mumbai,Month-to-month,43,53,45.99,2456.4,3,74,6.03,Low Risk,No,2025-01-21
CUST-00417,Delhi,Month-to-month,33,48,36.88,1776.92,2,71,6.39,Low Risk,Yes,2025-01-21
CUST-00418,Mumbai,Month-to-month,43,54,51.63,2845.68,6,62,11.26,Low Risk,No,2026-01-28
CUST-00419,Pune,Month-to-month,27,21,81.0,1691.07,2,20,72.19,High Risk,Yes,2024-06-18
CUST-00420,Hyderabad,Month-to-month,30,17,53.79,948.69,3,18,60.73,Medium Risk,Yes,2024-11-19
CUST-00421,Hyderabad,Month-to-month,18,33,58.43,1881.45,1,47,25.48,Low Risk,No,2021-04-28
CUST-00422,Hyderabad,Month-to-month,22,15,37.46,532.81,1,21,47.02,Medium Risk,Yes,2025-01-25
CUST-00423,Jaipur,Two year,53,21,50.38,979.06,3,35,61.43,Medium Risk,Yes,2022-04-24
CUST-00424,Bengaluru,Month-to-month,51,5,56.07,272.49,1,5,84.08,High Risk,Yes,2024-03-06
CUST-00425,Jaipur,Month-to-month,36,25,79.83,1972.4,2,43,73.47,High Risk,No,2025-05-03
CUST-00426,Bengaluru,One year,52,30,38.03,1169.94,2,30,18.75,Low Risk,No,2023-06-21
CUST-00427,Mumbai,Two year,33,46,56.19,2711.48,2,49,7.94,Low Risk,No,2021-08-29
CUST-00428,Chennai,Month-to-month,33,34,92.04,2999.21,5,49,69.12,Medium Risk,Yes,2025-05-09
CUST-00429,Mumbai,One year,36,38,56.37,2139.73,1,61,18.82,Low Risk,No,2023-04-10
CUST-00430,Jaipur,One year,34,59,33.03,1865.75,0,63,3.0,Low Risk,No,2024-02-25
CUST-00431,Delhi,One year,33,12,97.88,1259.35,2,25,87.65,High Risk,Yes,2022-09-25
CUST-00432,Hyderabad,Month-to-month,46,10,82.23,841.71,2,19,89.98,High Risk,Yes,2023-08-08
CUST-00433,Pune,One year,37,24,85.85,2119.05,1,24,53.74,Medium Risk,Yes,2025-02-15
CUST-00434,Jaipur,Month-to-month,42,9,37.2,336.47,6,16,81.77,High Risk,Yes,2024-10-09
CUST-00435,Jaipur,One year,45,26,105.46,2646.25,3,40,76.25,High Risk,Yes,2021-08-23
CUST-00436,Hyderabad,One year,39,10,50.75,483.17,2,15,74.5,High Risk,Yes,2022-07-22
CUST-00437,Jaipur,Month-to-month,25,11,55.22,622.64,3,21,77.33,High Risk,No,2021-12-04
CUST-00438,Chennai,Two year,21,6,51.91,332.48,1,10,76.13,High Risk,Yes,2022-08-22
CUST-00439,Hyderabad,Month-to-month,36,25,88.01,2099.18,2,31,74.37,High Risk,Yes,2022-02-18
CUST-00440,Jaipur,Two year,33,8,61.37,496.6,3,13,70.69,High Risk,No,2024-02-29
CUST-00441,Jaipur,Month-to-month,36,29,75.83,2209.39,3,45,69.92,Medium Risk,Yes,2023-06-15
CUST-00442,Kolkata,Month-to-month,35,32,66.6,2179.5,3,43,41.89,Medium Risk,No,2025-11-26
CUST-00443,Mumbai,Month-to-month,61,13,63.05,831.16,0,14,84.87,High Risk,Yes,2023-12-21
CUST-00444,Mumbai,Two year,22,35,48.01,1619.26,2,62,16.79,Low Risk,No,2026-04-19
CUST-00445,Chennai,Month-to-month,18,33,116.08,3947.98,3,46,87.5,High Risk,Yes,2025-10-31
CUST-00446,Kolkata,Month-to-month,38,40,40.69,1568.4,1,59,9.41,Low Risk,No,2022-05-06
CUST-00447,Kolkata,Month-to-month,31,12,74.17,911.83,2,14,88.4,High Risk,Yes,2024-07-06
CUST-00448,Hyderabad,One year,38,12,73.33,851.79,1,20,69.14,Medium Risk,Yes,2024-11-23
CUST-00449,Mumbai,Month-to-month,41,31,94.05,2720.76,2,34,50.83,Medium Risk,Yes,2023-08-21
CUST-00450,Jaipur,Month-to-month,48,23,101.35,2192.02,2,41,90.17,High Risk,Yes,2025-08-20
CUST-00451,Hyderabad,Month-to-month,20,25,62.2,1638.12,3,20,54.16,Medium Risk,No,2024-08-03
CUST-00452,Bengaluru,Month-to-month,29,47,77.02,3400.63,1,74,28.34,Low Risk,No,2024-05-07
CUST-00453,Mumbai,Month-to-month,39,7,114.34,778.68,1,9,97.0,High Risk,Yes,2024-09-12
CUST-00454,Kolkata,Month-to-month,43,36,63.66,2213.89,0,56,30.95,Low Risk,No,2022-07-21
CUST-00455,Jaipur,One year,57,33,46.21,1417.05,2,43,29.92,Low Risk,Yes,2023-08-29
CUST-00456,Bengaluru,Month-to-month,45,30,57.48,1751.86,2,27,43.58,Medium Risk,Yes,2021-04-02
CUST-00457,Jaipur,Month-to-month,34,38,42.82,1704.95,0,51,12.12,Low Risk,No,2023-06-11
CUST-00458,Bengaluru,Month-to-month,26,19,73.21,1500.56,0,36,68.5,Medium Risk,Yes,2021-08-16
CUST-00459,Jaipur,Two year,29,9,91.38,879.8,0,15,86.37,High Risk,Yes,2026-05-17
CUST-00460,Jaipur,Two year,29,14,62.53,812.3,3,17,40.66,Medium Risk,No,2024-02-08
CUST-00461,Jaipur,One year,42,13,38.69,483.46,5,25,59.28,Medium Risk,No,2026-03-11
CUST-00462,Pune,Month-to-month,38,2,90.14,177.75,2,3,97.0,High Risk,Yes,2021-10-08
CUST-00463,Hyderabad,Month-to-month,22,30,36.82,1170.88,4,33,25.75,Low Risk,No,2026-06-24
CUST-00464,Bengaluru,Month-to-month,31,17,39.63,658.63,2,26,46.78,Medium Risk,No,2023-08-09
CUST-00465,Kolkata,Month-to-month,44,19,61.39,1179.53,1,25,68.78,Medium Risk,Yes,2026-03-27
CUST-00466,Mumbai,Month-to-month,39,14,70.45,1011.49,1,15,87.86,High Risk,No,2025-05-05
CUST-00467,Delhi,One year,41,21,74.4,1511.89,2,36,65.87,Medium Risk,Yes,2022-07-04
CUST-00468,Chennai,Two year,39,51,63.64,3288.19,1,46,7.84,Low Risk,No,2023-04-08
CUST-00469,Delhi,Two year,51,6,114.16,635.74,1,10,95.37,High Risk,Yes,2024-01-14
CUST-00470,Kolkata,Month-to-month,37,57,66.37,3771.1,2,85,6.26,Low Risk,No,2022-11-23
CUST-00471,Jaipur,One year,31,24,90.51,2130.02,3,42,69.84,Medium Risk,Yes,2024-09-25
CUST-00472,Kolkata,Month-to-month,26,15,83.61,1225.21,2,12,85.12,High Risk,Yes,2026-06-17
CUST-00473,Jaipur,Month-to-month,37,16,42.98,658.51,2,21,39.79,Low Risk,No,2024-05-06
CUST-00474,Chennai,One year,18,11,61.56,711.59,1,18,57.26,Medium Risk,No,2024-01-05
CUST-00475,Bengaluru,Month-to-month,33,4,128.23,544.26,2,9,97.0,High Risk,Yes,2023-09-04
CUST-00476,Kolkata,Month-to-month,33,10,55.31,587.45,0,18,70.89,High Risk,No,2024-04-11
CUST-00477,Jaipur,Month-to-month,21,21,52.38,1081.7,2,15,30.4,Low Risk,No,2024-06-02
CUST-00478,Bengaluru,One year,26,18,68.65,1188.08,6,29,80.14,High Risk,Yes,2022-09-04
CUST-00479,Kolkata,One year,43,28,55.95,1465.94,0,21,21.81,Low Risk,No,2022-09-16
CUST-00480,Bengaluru,Month-to-month,37,15,50.42,777.16,1,23,58.88,Medium Risk,No,2021-01-19
CUST-00481,Pune,One year,36,13,55.69,704.3,2,11,69.51,Medium Risk,No,2023-02-07
CUST-00482,Hyderabad,Month-to-month,38,69,102.78,6838.41,2,120,9.31,Low Risk,No,2025-07-27
CUST-00483,Bengaluru,Month-to-month,36,11,62.22,670.34,1,12,63.89,Medium Risk,Yes,2021-08-25
CUST-00484,Pune,One year,47,12,42.5,514.47,6,22,65.66,Medium Risk,No,2024-12-20
CUST-00485,Bengaluru,One year,36,38,40.07,1440.3,0,43,10.49,Low Risk,No,2022-09-26
CUST-00486,Kolkata,Two year,20,32,131.71,4525.83,1,42,76.22,High Risk,Yes,2021-04-03
CUST-00487,Jaipur,Month-to-month,51,16,60.52,1004.36,1,24,70.88,High Risk,Yes,2026-03-08
CUST-00488,Delhi,One year,39,34,74.7,2355.63,3,34,28.28,Low Risk,No,2023-10-05
CUST-00489,Kolkata,One year,29,22,50.78,1082.62,1,26,26.56,Low Risk,Yes,2025-04-15
CUST-00490,Chennai,Two year,22,15,72.03,1002.7,4,16,69.64,Medium Risk,No,2026-01-31
CUST-00491,Bengaluru,Month-to-month,39,31,103.69,3075.27,1,26,79.47,High Risk,Yes,2025-05-31
CUST-00492,Pune,One year,34,21,52.76,1070.13,2,22,42.11,Medium Risk,Yes,2026-06-22
CUST-00493,Delhi,One year,51,4,75.27,311.58,1,7,90.89,High Risk,Yes,2025-12-02
CUST-00494,Delhi,Month-to-month,32,31,41.45,1329.92,0,48,33.33,Low Risk,No,2026-01-04
CUST-00495,Bengaluru,Month-to-month,27,19,124.18,2187.78,3,30,96.4,High Risk,Yes,2024-03-08
CUST-00496,Mumbai,Month-to-month,44,49,70.83,3519.61,1,38,10.89,Low Risk,No,2024-09-25
CUST-00497,Bengaluru,One year,44,35,56.96,2140.62,3,35,21.66,Low Risk,No,2024-08-01
CUST-00498,Jaipur,Two year,37,24,59.09,1447.29,2,41,49.12,Medium Risk,Yes,2025-12-11
CUST-00499,Kolkata,One year,42,16,55.21,948.45,3,22,57.16,Medium Risk,No,2025-10-20
CUST-00500,Kolkata,One year,35,21,56.12,1156.0,2,19,30.86,Low Risk,No,2022-04-27
CUST-00501,Hyderabad,Month-to-month,37,11,29.7,324.6,2,15,50.61,Medium Risk,Yes,2022-08-09
CUST-00502,Bengaluru,Month-to-month,47,24,62.99,1510.67,0,26,35.24,Low Risk,Yes,2026-02-26
CUST-00503,Mumbai,Month-to-month,41,51,62.15,3384.65,2,41,11.58,Low Risk,No,2023-01-31
CUST-00504,Chennai,Month-to-month,33,61,76.0,4547.2,4,96,8.45,Low Risk,No,2025-07-02
CUST-00505,Pune,Month-to-month,49,42,54.98,2487.77,2,43,18.35,Low Risk,No,2024-06-10
CUST-00506,Delhi,Month-to-month,18,23,50.79,1176.23,1,41,53.09,Medium Risk,Yes,2024-06-10
CUST-00507,Kolkata,Month-to-month,56,7,64.84,433.41,3,15,83.49,High Risk,Yes,2023-09-12
CUST-00508,Chennai,Month-to-month,18,20,38.8,726.79,3,33,37.06,Low Risk,No,2023-02-17
CUST-00509,Kolkata,Month-to-month,29,37,68.05,2386.06,2,40,25.67,Low Risk,No,2021-02-08
CUST-00510,Hyderabad,Month-to-month,35,34,35.82,1128.1,2,37,24.59,Low Risk,No,2023-12-20
CUST-00511,Pune,Month-to-month,34,19,93.04,1822.15,2,23,90.13,High Risk,Yes,2022-08-31
CUST-00512,Mumbai,Two year,45,18,80.91,1460.32,3,22,77.65,High Risk,Yes,2021-08-14
CUST-00513,Kolkata,Two year,24,27,48.33,1354.59,2,47,26.97,Low Risk,No,2023-07-08
CUST-00514,Chennai,One year,38,21,80.31,1762.68,1,20,53.42,Medium Risk,Yes,2025-06-21
CUST-00515,Jaipur,Month-to-month,29,20,67.36,1440.18,1,33,67.21,Medium Risk,Yes,2022-04-25
CUST-00516,Jaipur,One year,38,19,47.06,839.35,2,30,31.89,Low Risk,No,2022-02-10
CUST-00517,Mumbai,One year,34,46,34.02,1486.32,3,76,4.7,Low Risk,No,2023-09-09
CUST-00518,Chennai,One year,36,10,71.93,724.86,1,16,74.08,High Risk,Yes,2024-10-28
CUST-00519,Kolkata,Month-to-month,30,17,50.41,806.17,2,25,54.68,Medium Risk,Yes,2021-12-09
CUST-00520,Delhi,One year,30,18,92.28,1552.8,3,34,80.22,High Risk,Yes,2022-12-24
CUST-00521,Pune,Two year,38,23,65.29,1541.64,0,19,49.98,Medium Risk,Yes,2022-02-11
CUST-00522,Mumbai,One year,44,21,51.96,1130.39,4,17,63.57,Medium Risk,Yes,2023-03-01
CUST-00523,Kolkata,One year,29,20,115.55,2437.98,1,25,88.48,High Risk,Yes,2023-08-16
CUST-00524,Chennai,Month-to-month,26,10,78.17,833.7,1,12,93.51,High Risk,Yes,2025-10-24
CUST-00525,Chennai,Month-to-month,41,21,25.0,520.17,1,19,31.37,Low Risk,No,2024-07-22
CUST-00526,Bengaluru,Month-to-month,35,31,55.63,1856.94,2,26,52.52,Medium Risk,Yes,2023-11-12
CUST-00527,Mumbai,One year,43,24,41.74,927.69,0,20,27.4,Low Risk,No,2022-10-01
CUST-00528,Delhi,Month-to-month,26,10,50.32,533.0,0,19,69.57,Medium Risk,Yes,2022-01-20
CUST-00529,Jaipur,Month-to-month,18,22,62.06,1326.32,2,30,55.79,Medium Risk,Yes,2022-11-05
CUST-00530,Chennai,Month-to-month,30,21,72.8,1631.95,2,37,72.7,High Risk,No,2026-03-31
CUST-00531,Chennai,Month-to-month,27,16,70.67,1080.53,2,20,79.31,High Risk,No,2021-01-26
CUST-00532,Kolkata,Month-to-month,34,24,91.77,2287.41,2,36,69.6,Medium Risk,Yes,2025-03-20
CUST-00533,Kolkata,One year,29,13,79.69,1023.61,2,18,81.68,High Risk,Yes,2025-09-08
CUST-00534,Bengaluru,One year,42,31,78.12,2375.79,1,47,29.99,Low Risk,No,2025-04-30
CUST-00535,Hyderabad,Month-to-month,32,59,69.33,3802.12,2,66,10.2,Low Risk,No,2024-07-15
CUST-00536,Kolkata,Month-to-month,37,33,98.12,3344.64,3,29,76.11,High Risk,Yes,2021-04-02
CUST-00537,Chennai,Month-to-month,37,12,58.74,668.27,2,21,84.5,High Risk,Yes,2024-08-09
CUST-00538,Delhi,Two year,37,30,59.23,1766.38,5,52,30.05,Low Risk,No,2022-01-22
CUST-00539,Bengaluru,Month-to-month,35,35,35.33,1165.58,2,40,12.31,Low Risk,No,2025-08-19
CUST-00540,Jaipur,Month-to-month,40,26,91.14,2409.25,1,47,81.69,High Risk,Yes,2025-10-23
CUST-00541,Kolkata,Month-to-month,27,28,63.42,1699.35,4,32,43.59,Medium Risk,No,2023-09-07
CUST-00542,Pune,One year,49,20,166.19,3374.0,4,28,97.0,High Risk,Yes,2024-02-28
CUST-00543,Delhi,Two year,33,8,57.09,489.36,2,15,72.32,High Risk,Yes,2023-08-10
CUST-00544,Pune,Two year,22,19,66.87,1356.1,1,20,52.31,Medium Risk,No,2022-04-30
CUST-00545,Pune,One year,37,11,77.42,810.81,3,13,82.66,High Risk,Yes,2026-06-08
CUST-00546,Mumbai,Month-to-month,26,18,45.69,769.68,3,25,60.12,Medium Risk,Yes,2026-01-12
CUST-00547,Jaipur,Month-to-month,42,14,72.9,945.92,0,18,82.59,High Risk,Yes,2021-04-21
CUST-00548,Pune,Month-to-month,57,10,65.72,691.74,3,8,86.54,High Risk,Yes,2025-10-30
CUST-00549,Bengaluru,Month-to-month,27,45,58.98,2547.64,1,34,14.72,Low Risk,No,2024-12-22
CUST-00550,Hyderabad,Month-to-month,38,21,94.6,1917.92,3,40,85.93,High Risk,Yes,2024-06-11
CUST-00551,Bengaluru,Month-to-month,18,15,48.68,698.22,1,16,57.62,Medium Risk,No,2026-04-22
CUST-00552,Chennai,Month-to-month,40,6,70.98,449.05,3,7,85.34,High Risk,Yes,2022-12-14
CUST-00553,Bengaluru,Two year,26,34,103.53,3789.74,2,52,64.16,Medium Risk,Yes,2021-02-06
CUST-00554,Bengaluru,One year,29,24,51.85,1295.21,1,27,39.87,Low Risk,Yes,2022-07-20
CUST-00555,Chennai,Two year,24,64,59.11,3978.9,4,60,3.27,Low Risk,No,2025-12-22
CUST-00556,Mumbai,One year,42,13,137.67,1824.22,1,24,97.0,High Risk,Yes,2023-06-14
CUST-00557,Jaipur,Month-to-month,45,43,75.66,3268.36,0,77,21.33,Low Risk,No,2024-02-03
CUST-00558,Jaipur,One year,35,19,55.28,1087.56,2,19,35.54,Low Risk,No,2021-12-05
CUST-00559,Hyderabad,Month-to-month,26,11,84.03,855.67,0,19,89.74,High Risk,No,2024-04-28
CUST-00560,Pune,One year,51,16,54.2,806.34,1,29,54.4,Medium Risk,Yes,2022-10-27
CUST-00561,Hyderabad,Month-to-month,27,22,39.39,892.55,1,34,38.09,Low Risk,No,2025-09-12
CUST-00562,Delhi,Two year,18,15,100.84,1472.68,0,19,83.26,High Risk,Yes,2025-11-12
CUST-00563,Jaipur,Month-to-month,40,9,45.67,410.3,4,8,78.51,High Risk,Yes,2021-07-10
CUST-00564,Jaipur,Month-to-month,24,11,142.44,1637.53,3,13,97.0,High Risk,Yes,2023-06-30
CUST-00565,Mumbai,Two year,45,29,55.58,1631.72,1,41,27.6,Low Risk,No,2026-01-12
CUST-00566,Bengaluru,Month-to-month,31,10,128.64,1349.23,1,17,95.37,High Risk,Yes,2021-02-25
CUST-00567,Mumbai,One year,41,13,41.95,538.3,2,21,55.97,Medium Risk,Yes,2024-02-12
CUST-00568,Mumbai,One year,49,10,90.25,871.8,1,12,89.64,High Risk,Yes,2023-11-16
CUST-00569,Kolkata,Two year,23,24,76.27,1752.82,3,26,44.54,Medium Risk,Yes,2021-04-20
CUST-00570,Mumbai,Two year,29,72,84.98,5757.99,3,97,3.0,Low Risk,No,2023-08-18
CUST-00571,Bengaluru,Two year,34,28,88.6,2296.94,3,42,68.38,Medium Risk,Yes,2026-04-24
CUST-00572,Hyderabad,Month-to-month,50,12,55.43,617.6,1,12,81.46,High Risk,Yes,2022-03-27
CUST-00573,Mumbai,Two year,28,24,42.76,988.64,4,36,14.57,Low Risk,No,2021-06-02
CUST-00574,Pune,One year,29,13,63.95,801.88,1,23,67.48,Medium Risk,No,2023-02-28
CUST-00575,Chennai,One year,40,23,69.81,1575.26,9,25,69.03,Medium Risk,Yes,2022-11-05
CUST-00576,Kolkata,Month-to-month,29,48,55.89,2722.05,0,51,10.0,Low Risk,No,2023-10-09
CUST-00577,Delhi,One year,37,20,71.04,1479.75,2,23,61.37,Medium Risk,Yes,2025-03-05
CUST-00578,Kolkata,Two year,19,26,72.23,1787.15,2,45,38.18,Low Risk,No,2025-06-26
CUST-00579,Bengaluru,Two year,57,21,48.58,1062.5,3,24,51.07,Medium Risk,No,2022-04-17
CUST-00580,Delhi,Month-to-month,22,36,73.76,2501.98,2,47,33.77,Low Risk,Yes,2024-10-16
CUST-00581,Bengaluru,Month-to-month,32,31,59.67,1994.41,5,49,54.02,Medium Risk,No,2025-04-10
CUST-00582,Kolkata,Month-to-month,35,16,51.96,802.77,2,18,71.82,High Risk,Yes,2021-07-12
CUST-00583,Bengaluru,Two year,54,31,83.63,2732.46,4,26,49.84,Medium Risk,No,2023-07-14
CUST-00584,Mumbai,One year,22,23,50.69,1108.13,0,33,22.81,Low Risk,No,2023-03-11
CUST-00585,Pune,Month-to-month,55,15,56.16,903.14,3,23,75.91,High Risk,Yes,2023-02-07
CUST-00586,Delhi,Month-to-month,43,16,66.52,1119.94,1,18,83.47,High Risk,Yes,2024-10-22
CUST-00587,Jaipur,Month-to-month,39,23,100.9,2268.49,1,17,81.43,High Risk,Yes,2023-06-16
CUST-00588,Jaipur,Month-to-month,25,25,69.14,1706.78,2,39,55.33,Medium Risk,No,2024-04-01
CUST-00589,Jaipur,Two year,41,19,76.97,1346.33,1,31,68.12,Medium Risk,Yes,2023-08-10
CUST-00590,Delhi,One year,28,26,59.09,1475.24,0,23,36.05,Low Risk,No,2021-09-29
CUST-00591,Jaipur,Month-to-month,48,12,63.39,735.04,1,20,82.28,High Risk,Yes,2022-06-28
CUST-00592,Pune,Month-to-month,25,10,63.99,635.06,0,19,77.47,High Risk,Yes,2024-06-16
CUST-00593,Delhi,Month-to-month,34,7,71.4,470.94,3,6,88.37,High Risk,Yes,2026-06-22
CUST-00594,Mumbai,Two year,29,28,59.13,1650.02,1,37,32.24,Low Risk,Yes,2024-11-13
CUST-00595,Chennai,Month-to-month,25,6,99.8,614.94,2,13,87.06,High Risk,Yes,2023-10-31
CUST-00596,Bengaluru,Month-to-month,42,26,57.68,1468.79,0,27,61.74,Medium Risk,Yes,2023-09-09
CUST-00597,Pune,Month-to-month,40,15,37.64,540.41,1,25,50.7,Medium Risk,Yes,2026-03-14
CUST-00598,Delhi,One year,47,17,156.35,2678.24,0,31,97.0,High Risk,Yes,2021-11-24
CUST-00599,Delhi,One year,18,17,58.54,920.18,1,30,66.76,Medium Risk,Yes,2025-06-03
CUST-00600,Jaipur,One year,46,72,98.95,6942.97,1,72,3.77,Low Risk,No,2025-12-17
CUST-00601,Delhi,Month-to-month,60,14,101.89,1432.76,2,22,97.0,High Risk,Yes,2021-12-11
CUST-00602,Delhi,Month-to-month,30,11,87.96,942.15,3,14,93.27,High Risk,Yes,2022-01-31
CUST-00603,Delhi,Month-to-month,54,57,61.01,3391.57,0,57,8.24,Low Risk,No,2021-03-31
CUST-00604,Jaipur,One year,32,7,71.25,526.54,2,10,84.58,High Risk,Yes,2022-03-28
CUST-00605,Jaipur,Month-to-month,21,9,43.23,416.09,3,17,63.1,Medium Risk,Yes,2025-01-10
CUST-00606,Bengaluru,One year,32,34,122.88,4396.77,2,41,61.47,Medium Risk,Yes,2024-12-04
CUST-00607,Delhi,Two year,45,26,49.49,1204.16,2,43,22.84,Low Risk,No,2022-03-20
CUST-00608,Mumbai,Two year,27,16,59.93,926.62,1,18,63.37,Medium Risk,Yes,2026-02-09
CUST-00609,Bengaluru,Month-to-month,29,10,67.09,693.58,0,16,73.78,High Risk,No,2025-11-11
CUST-00610,Hyderabad,Month-to-month,41,4,62.8,270.27,1,5,79.22,High Risk,Yes,2022-07-27
CUST-00611,Jaipur,Month-to-month,35,50,52.68,2525.39,0,40,7.71,Low Risk,No,2022-02-03
CUST-00612,Hyderabad,One year,41,31,101.55,3348.62,4,59,73.94,High Risk,Yes,2021-01-05
CUST-00613,Pune,Two year,37,47,88.1,4299.05,0,39,19.24,Low Risk,No,2022-11-03
CUST-00614,Jaipur,Month-to-month,40,38,72.06,2950.09,3,49,45.77,Medium Risk,No,2024-01-25
CUST-00615,Chennai,Month-to-month,31,27,57.2,1443.97,1,49,53.15,Medium Risk,Yes,2023-07-07
CUST-00616,Kolkata,Two year,37,13,91.37,1167.81,2,25,87.45,High Risk,Yes,2023-03-01
CUST-00617,Jaipur,Two year,26,10,56.02,558.24,4,15,68.36,Medium Risk,Yes,2025-03-28
CUST-00618,Delhi,Month-to-month,48,41,107.44,4526.32,3,56,62.48,Medium Risk,Yes,2023-04-12
CUST-00619,Chennai,One year,29,15,67.36,1035.29,1,25,69.07,Medium Risk,Yes,2023-04-23
CUST-00620,Hyderabad,Month-to-month,46,10,96.34,1026.04,0,9,93.56,High Risk,Yes,2024-09-29
CUST-00621,Delhi,Month-to-month,33,13,62.68,858.99,5,14,77.06,High Risk,Yes,2023-01-17
CUST-00622,Delhi,Two year,37,42,66.51,2594.7,4,47,28.56,Low Risk,No,2022-09-13
CUST-00623,Mumbai,Two year,30,11,96.21,1056.03,5,15,91.86,High Risk,Yes,2025-02-21
CUST-00624,Bengaluru,One year,25,16,131.16,2067.35,1,19,94.97,High Risk,Yes,2024-05-16
CUST-00625,Pune,Month-to-month,18,19,107.09,2196.56,2,21,88.34,High Risk,Yes,2022-06-12
CUST-00626,Mumbai,Two year,24,24,86.06,2041.4,2,29,71.3,High Risk,Yes,2026-06-08
CUST-00627,Bengaluru,Month-to-month,32,10,78.49,807.83,3,11,82.53,High Risk,Yes,2021-11-03
CUST-00628,Hyderabad,Month-to-month,37,18,55.27,960.55,3,22,77.97,High Risk,Yes,2025-10-17
CUST-00629,Jaipur,Month-to-month,45,35,71.44,2546.26,4,32,33.05,Low Risk,No,2025-04-17
CUST-00630,Delhi,Month-to-month,31,64,48.53,2960.13,3,104,3.0,Low Risk,No,2025-07-09
CUST-00631,Hyderabad,One year,26,9,73.31,670.73,1,16,78.71,High Risk,Yes,2025-07-20
CUST-00632,Chennai,One year,21,10,74.83,792.38,1,14,72.15,High Risk,Yes,2023-08-07
CUST-00633,Bengaluru,Month-to-month,40,11,34.71,352.44,4,10,62.77,Medium Risk,Yes,2021-08-16
CUST-00634,Bengaluru,Month-to-month,49,30,65.81,1975.75,3,49,48.72,Medium Risk,Yes,2024-06-06
CUST-00635,Jaipur,Month-to-month,48,9,74.23,719.63,3,19,87.17,High Risk,No,2022-01-22
CUST-00636,Mumbai,Month-to-month,42,18,63.28,1076.94,1,14,71.06,High Risk,No,2024-10-26
CUST-00637,Bengaluru,One year,41,17,72.89,1176.36,3,14,70.22,High Risk,Yes,2026-04-17
CUST-00638,Delhi,Two year,52,67,42.31,2821.54,0,60,3.0,Low Risk,No,2024-10-03
CUST-00639,Delhi,Month-to-month,38,14,50.71,752.08,1,23,65.94,Medium Risk,No,2023-04-06
CUST-00640,Mumbai,Month-to-month,41,13,90.52,1188.58,1,23,88.35,High Risk,Yes,2025-04-30
CUST-00641,Jaipur,One year,32,30,65.01,1953.02,4,49,45.07,Medium Risk,Yes,2021-01-24
CUST-00642,Mumbai,One year,21,24,72.47,1624.28,2,36,33.79,Low Risk,No,2026-05-25
CUST-00643,Delhi,Month-to-month,28,12,54.57,703.24,4,19,55.83,Medium Risk,No,2023-11-03
CUST-00644,Mumbai,Month-to-month,35,44,65.41,2807.64,2,43,13.55,Low Risk,Yes,2023-07-09
CUST-00645,Jaipur,One year,36,7,31.12,209.19,3,13,51.07,Medium Risk,Yes,2022-06-01
CUST-00646,Chennai,Month-to-month,54,19,85.21,1596.13,1,21,85.05,High Risk,Yes,2025-06-05
CUST-00647,Pune,Month-to-month,36,16,115.92,1829.25,1,16,86.19,High Risk,Yes,2021-06-27
CUST-00648,Pune,One year,47,18,46.23,826.62,3,18,47.03,Medium Risk,Yes,2022-04-05
CUST-00649,Hyderabad,One year,31,12,48.11,594.74,1,17,49.38,Medium Risk,Yes,2022-01-10
CUST-00650,Bengaluru,One year,32,18,74.85,1426.62,1,29,65.02,Medium Risk,No,2025-09-09
CUST-00651,Jaipur,One year,22,23,104.17,2226.21,3,33,65.46,Medium Risk,No,2022-02-06
CUST-00652,Bengaluru,One year,28,3,64.96,194.59,0,5,90.68,High Risk,Yes,2021-10-16
CUST-00653,Bengaluru,Month-to-month,40,14,43.86,605.59,1,10,60.22,Medium Risk,Yes,2024-04-24
CUST-00654,Hyderabad,Month-to-month,35,11,60.8,616.46,0,10,66.3,Medium Risk,No,2023-07-16
CUST-00655,Mumbai,Month-to-month,44,55,46.75,2701.45,4,60,7.31,Low Risk,No,2022-05-18
CUST-00656,Jaipur,Month-to-month,37,26,52.48,1278.09,0,34,52.78,Medium Risk,Yes,2024-03-31
CUST-00657,Delhi,One year,31,11,58.97,608.69,0,10,50.24,Medium Risk,No,2023-05-12
CUST-00658,Mumbai,Two year,56,14,48.28,627.07,2,21,43.36,Medium Risk,Yes,2026-03-03
CUST-00659,Pune,Two year,34,17,50.68,820.26,2,25,46.63,Medium Risk,No,2025-01-21
CUST-00660,Bengaluru,One year,47,14,66.57,883.79,3,16,71.95,High Risk,No,2021-01-31
CUST-00661,Mumbai,Month-to-month,31,28,69.63,1902.18,2,40,60.68,Medium Risk,Yes,2023-05-17
CUST-00662,Kolkata,Month-to-month,42,49,41.21,2070.75,1,40,11.07,Low Risk,No,2024-01-08
CUST-00663,Pune,One year,44,1,73.79,68.53,4,5,93.49,High Risk,Yes,2024-07-30
CUST-00664,Delhi,One year,37,16,57.52,973.37,3,27,46.76,Medium Risk,No,2021-07-06
CUST-00665,Jaipur,One year,18,64,81.85,5093.05,2,91,3.08,Low Risk,No,2022-06-23
CUST-00666,Delhi,One year,35,16,83.44,1357.81,4,17,75.07,High Risk,No,2024-10-30
CUST-00667,Delhi,One year,47,24,54.61,1208.31,0,41,41.29,Medium Risk,No,2022-01-20
CUST-00668,Delhi,Two year,40,3,79.12,232.26,1,4,90.68,High Risk,Yes,2024-01-05
CUST-00669,Delhi,Month-to-month,39,44,49.73,2013.79,4,54,24.13,Low Risk,No,2022-12-09
CUST-00670,Delhi,One year,18,9,99.28,845.69,4,17,93.06,High Risk,Yes,2022-02-11
CUST-00671,Delhi,Two year,28,26,50.33,1297.66,1,23,22.34,Low Risk,No,2025-11-25
CUST-00672,Chennai,Month-to-month,39,10,72.77,731.79,1,17,84.55,High Risk,Yes,2023-05-16
CUST-00673,Jaipur,One year,39,2,61.21,115.62,3,4,76.32,High Risk,Yes,2023-03-31
CUST-00674,Bengaluru,Month-to-month,47,24,46.95,1171.01,3,41,54.32,Medium Risk,Yes,2023-08-11
CUST-00675,Mumbai,Two year,34,31,86.72,2554.55,2,25,45.1,Medium Risk,Yes,2022-08-22
CUST-00676,Kolkata,Month-to-month,39,19,53.4,952.24,1,24,68.1,Medium Risk,No,2026-05-25
CUST-00677,Jaipur,One year,35,8,37.73,293.8,2,14,60.41,Medium Risk,Yes,2026-06-26
CUST-00678,Mumbai,Month-to-month,25,71,25.85,1850.45,4,67,3.0,Low Risk,No,2021-05-03
CUST-00679,Kolkata,One year,18,31,49.13,1642.17,2,53,21.13,Low Risk,No,2025-01-31
CUST-00680,Chennai,Month-to-month,39,22,100.96,2192.23,2,15,88.36,High Risk,Yes,2024-04-29
CUST-00681,Chennai,Month-to-month,37,39,97.21,3746.3,3,31,58.44,Medium Risk,Yes,2021-09-12
CUST-00682,Delhi,Month-to-month,29,14,51.65,672.12,2,19,63.44,Medium Risk,Yes,2021-07-31
CUST-00683,Delhi,Two year,19,58,57.66,3486.52,4,94,3.55,Low Risk,No,2025-10-23
CUST-00684,Pune,Month-to-month,41,31,56.01,1647.91,7,27,60.13,Medium Risk,Yes,2023-04-25
CUST-00685,Kolkata,Month-to-month,32,37,42.42,1631.02,2,41,11.57,Low Risk,No,2021-10-11
CUST-00686,Bengaluru,One year,41,16,47.98,818.12,1,16,46.88,Medium Risk,No,2021-10-07
CUST-00687,Bengaluru,Month-to-month,54,9,88.97,835.09,2,12,88.88,High Risk,Yes,2023-02-05
CUST-00688,Delhi,Two year,18,22,76.37,1718.43,1,28,57.39,Medium Risk,No,2024-07-25
CUST-00689,Hyderabad,Month-to-month,28,14,70.94,1009.67,3,17,78.83,High Risk,Yes,2022-04-15
CUST-00690,Delhi,One year,33,62,42.4,2609.3,2,60,3.0,Low Risk,No,2024-04-06
CUST-00691,Mumbai,Month-to-month,50,7,67.13,443.18,1,12,83.91,High Risk,Yes,2024-05-11
CUST-00692,Mumbai,Month-to-month,19,46,31.1,1494.43,2,70,5.11,Low Risk,No,2026-04-12
CUST-00693,Bengaluru,One year,54,5,85.12,424.06,4,6,94.12,High Risk,Yes,2024-01-25
CUST-00694,Delhi,One year,36,10,70.61,720.29,5,12,83.08,High Risk,Yes,2022-12-29
CUST-00695,Jaipur,One year,34,5,42.26,207.04,5,5,81.5,High Risk,No,2025-12-09
CUST-00696,Pune,Month-to-month,33,14,109.03,1453.33,2,20,93.2,High Risk,No,2023-08-03
CUST-00697,Delhi,Month-to-month,31,17,36.58,652.36,0,27,37.72,Low Risk,No,2022-09-08
CUST-00698,Bengaluru,Month-to-month,45,13,77.02,976.01,3,25,91.54,High Risk,Yes,2025-08-12
CUST-00699,Delhi,Two year,24,26,77.64,2137.07,2,29,47.5,Medium Risk,No,2024-11-08
CUST-00700,Bengaluru,Month-to-month,38,17,43.72,798.62,5,27,59.85,Medium Risk,No,2026-02-02
CUST-00701,Bengaluru,Month-to-month,31,3,64.22,202.83,1,4,89.25,High Risk,Yes,2022-11-10
CUST-00702,Jaipur,Month-to-month,27,10,38.5,362.09,4,16,66.49,Medium Risk,Yes,2024-02-07
CUST-00703,Mumbai,One year,61,16,26.14,442.0,3,31,34.16,Low Risk,Yes,2023-04-10
CUST-00704,Jaipur,Month-to-month,39,38,46.19,1760.66,2,48,15.67,Low Risk,Yes,2024-09-23
CUST-00705,Jaipur,Two year,41,21,53.36,1074.2,4,38,60.62,Medium Risk,Yes,2023-12-18
CUST-00706,Kolkata,Month-to-month,46,14,79.88,1045.52,1,26,84.55,High Risk,Yes,2023-08-16
CUST-00707,Mumbai,Two year,21,6,66.42,384.4,4,8,78.39,High Risk,Yes,2024-05-06
CUST-00708,Chennai,Month-to-month,53,22,66.98,1388.08,3,32,68.64,Medium Risk,Yes,2026-05-10
CUST-00709,Delhi,One year,18,44,46.98,1910.23,0,67,6.18,Low Risk,No,2025-09-05
CUST-00710,Pune,Two year,27,16,54.86,946.26,2,20,64.68,Medium Risk,Yes,2022-10-02
CUST-00711,Hyderabad,Month-to-month,30,10,48.27,508.31,1,14,67.85,Medium Risk,Yes,2021-12-01
CUST-00712,Pune,Two year,41,28,43.92,1276.78,0,38,15.22,Low Risk,Yes,2025-03-01
CUST-00713,Bengaluru,Month-to-month,37,39,53.75,1993.29,3,29,38.53,Low Risk,No,2023-10-02
CUST-00714,Mumbai,Two year,33,18,66.57,1107.72,2,30,60.71,Medium Risk,Yes,2023-02-22
CUST-00715,Mumbai,One year,35,31,54.12,1673.75,1,54,21.78,Low Risk,Yes,2024-09-03
CUST-00716,Kolkata,Month-to-month,25,15,58.61,913.15,1,14,67.72,Medium Risk,Yes,2024-04-04
CUST-00717,Chennai,Month-to-month,20,32,81.19,2790.48,3,51,45.42,Medium Risk,No,2023-10-08
CUST-00718,Kolkata,Month-to-month,42,45,55.38,2629.22,1,51,14.37,Low Risk,No,2022-07-30
CUST-00719,Jaipur,Month-to-month,42,34,42.42,1533.09,2,47,28.24,Low Risk,No,2022-09-12
CUST-00720,Hyderabad,Month-to-month,51,28,77.84,2088.39,1,39,72.88,High Risk,Yes,2024-11-05
CUST-00721,Kolkata,Month-to-month,27,55,70.77,3677.7,1,75,8.96,Low Risk,No,2025-07-10
CUST-00722,Delhi,Month-to-month,42,17,72.21,1178.03,1,24,77.85,High Risk,No,2025-11-15
CUST-00723,Jaipur,One year,32,28,79.41,2094.9,4,50,65.82,Medium Risk,Yes,2024-09-29
CUST-00724,Hyderabad,Month-to-month,47,17,75.23,1339.99,1,28,79.52,High Risk,Yes,2025-10-01
CUST-00725,Bengaluru,Month-to-month,45,28,65.6,1955.25,1,35,57.78,Medium Risk,No,2023-06-24
CUST-00726,Chennai,One year,37,31,139.72,4197.81,3,45,90.22,High Risk,Yes,2022-12-16
CUST-00727,Jaipur,Month-to-month,32,36,43.09,1644.79,3,65,17.17,Low Risk,No,2026-06-23
CUST-00728,Hyderabad,Month-to-month,45,20,53.88,1000.88,4,16,57.2,Medium Risk,Yes,2023-08-25
CUST-00729,Delhi,Month-to-month,41,4,88.58,364.37,2,9,96.6,High Risk,Yes,2026-04-29
CUST-00730,Delhi,Two year,28,17,68.03,1161.6,0,32,33.3,Low Risk,No,2022-08-13
CUST-00731,Delhi,Two year,22,30,82.84,2396.43,2,47,40.72,Medium Risk,Yes,2026-06-08
CUST-00732,Chennai,Month-to-month,32,24,68.63,1717.8,2,41,49.63,Medium Risk,No,2024-11-28
CUST-00733,Pune,One year,50,27,100.9,2598.78,0,20,76.7,High Risk,Yes,2022-06-24
CUST-00734,Bengaluru,Month-to-month,46,32,47.09,1486.66,1,53,39.0,Low Risk,Yes,2026-01-15
CUST-00735,Mumbai,One year,24,9,99.88,929.1,2,15,88.08,High Risk,Yes,2024-06-07
CUST-00736,Chennai,One year,23,33,94.55,3039.39,1,54,71.79,High Risk,Yes,2023-03-13
CUST-00737,Mumbai,One year,48,56,44.13,2611.79,1,76,4.36,Low Risk,No,2022-05-21
CUST-00738,Chennai,Month-to-month,24,16,79.54,1347.05,4,13,85.34,High Risk,Yes,2021-07-20
CUST-00739,Mumbai,Month-to-month,40,36,64.11,2198.11,2,47,48.22,Medium Risk,No,2023-10-17
CUST-00740,Mumbai,Month-to-month,29,21,53.53,1113.41,3,28,51.08,Medium Risk,No,2023-11-10
CUST-00741,Bengaluru,Two year,51,26,35.52,913.47,2,33,20.74,Low Risk,Yes,2024-02-05
CUST-00742,Mumbai,One year,27,34,47.04,1576.34,1,52,16.07,Low Risk,No,2023-01-26
CUST-00743,Hyderabad,Two year,46,24,81.53,1957.34,1,35,54.59,Medium Risk,No,2026-03-09
CUST-00744,Bengaluru,Two year,37,15,84.34,1178.94,5,19,76.26,High Risk,No,2025-10-25
CUST-00745,Delhi,Month-to-month,38,25,60.76,1608.94,1,37,43.33,Medium Risk,Yes,2022-04-14
CUST-00746,Chennai,One year,18,10,84.42,815.82,1,10,80.06,High Risk,Yes,2021-01-22
CUST-00747,Mumbai,One year,18,6,87.96,485.69,2,6,90.01,High Risk,Yes,2024-05-13
CUST-00748,Bengaluru,Two year,33,47,68.3,3305.17,0,57,8.96,Low Risk,No,2026-05-18
CUST-00749,Kolkata,Two year,37,27,51.59,1426.47,1,45,17.25,Low Risk,No,2023-12-07
CUST-00750,Pune,One year,24,31,74.85,2499.73,1,53,39.55,Low Risk,No,2021-01-25
CUST-00751,Jaipur,Month-to-month,24,23,75.96,1808.37,2,34,77.24,High Risk,Yes,2024-03-19
CUST-00752,Kolkata,One year,41,5,80.64,392.41,4,12,88.39,High Risk,Yes,2025-06-26
CUST-00753,Pune,Month-to-month,41,45,85.74,4137.71,1,42,47.86,Medium Risk,No,2024-09-02
CUST-00754,Mumbai,One year,34,15,42.03,616.87,2,28,51.92,Medium Risk,No,2025-09-12
CUST-00755,Jaipur,Two year,43,17,55.21,986.81,0,33,39.22,Low Risk,No,2024-02-17
CUST-00756,Hyderabad,Month-to-month,23,42,35.4,1447.71,1,60,6.66,Low Risk,No,2024-03-17
CUST-00757,Pune,One year,31,10,82.55,765.89,2,10,81.8,High Risk,No,2021-07-27
CUST-00758,Bengaluru,Month-to-month,51,16,60.73,1008.03,3,23,74.74,High Risk,Yes,2023-10-10
CUST-00759,Chennai,Month-to-month,36,15,74.61,1092.33,1,14,62.53,Medium Risk,Yes,2021-01-20
CUST-00760,Hyderabad,Month-to-month,36,10,40.54,394.95,1,15,57.74,Medium Risk,Yes,2022-09-09
CUST-00761,Delhi,One year,58,21,101.77,2210.98,0,23,77.16,High Risk,No,2026-06-29
CUST-00762,Mumbai,Two year,21,11,44.35,473.96,1,15,65.53,Medium Risk,Yes,2025-06-30
CUST-00763,Delhi,Two year,43,46,83.28,3596.74,3,43,25.21,Low Risk,Yes,2021-12-24
CUST-00764,Hyderabad,Month-to-month,52,6,67.5,398.81,2,7,86.43,High Risk,Yes,2022-11-16
CUST-00765,Jaipur,Two year,32,8,61.18,514.8,2,8,70.38,High Risk,Yes,2021-02-06
CUST-00766,Bengaluru,One year,44,16,59.62,897.48,5,14,70.5,High Risk,No,2021-05-23
CUST-00767,Hyderabad,Month-to-month,25,20,53.0,1069.24,2,33,51.55,Medium Risk,Yes,2023-04-24
CUST-00768,Chennai,Month-to-month,28,12,98.38,1111.1,1,13,90.16,High Risk,Yes,2024-03-06
CUST-00769,Mumbai,Month-to-month,39,32,65.26,1937.69,0,48,34.26,Low Risk,No,2022-09-05
CUST-00770,Chennai,Two year,43,18,43.3,764.27,0,27,40.17,Medium Risk,Yes,2021-06-21
CUST-00771,Jaipur,One year,46,28,57.48,1650.1,1,26,21.99,Low Risk,Yes,2025-08-06
CUST-00772,Chennai,One year,51,44,67.73,2872.83,4,48,14.49,Low Risk,No,2022-07-10
CUST-00773,Jaipur,Month-to-month,34,53,86.63,4551.52,3,74,18.08,Low Risk,No,2025-07-14
CUST-00774,Mumbai,One year,47,16,53.57,855.93,3,28,48.0,Medium Risk,Yes,2022-09-22
CUST-00775,Hyderabad,Month-to-month,32,21,54.72,1211.87,2,27,48.56,Medium Risk,No,2023-05-04
CUST-00776,Delhi,Month-to-month,44,24,65.49,1651.98,1,31,66.83,Medium Risk,Yes,2022-01-31
CUST-00777,Delhi,One year,37,17,85.96,1344.96,1,30,81.35,High Risk,Yes,2023-07-12
CUST-00778,Hyderabad,Month-to-month,39,10,41.95,413.72,1,17,68.11,Medium Risk,Yes,2023-07-04
CUST-00779,Hyderabad,Two year,39,38,76.41,2976.1,1,65,28.64,Low Risk,Yes,2024-06-16
CUST-00780,Pune,Month-to-month,19,10,56.03,591.89,3,12,72.25,High Risk,Yes,2021-06-02
CUST-00781,Hyderabad,One year,24,40,58.59,2174.45,3,41,7.77,Low Risk,Yes,2021-07-21
CUST-00782,Bengaluru,Month-to-month,36,27,123.33,3398.24,3,42,91.66,High Risk,Yes,2023-01-31
CUST-00783,Delhi,One year,18,24,61.04,1545.13,3,22,44.04,Medium Risk,No,2023-08-18
CUST-00784,Mumbai,Month-to-month,43,12,82.76,954.2,1,16,85.27,High Risk,Yes,2023-05-26
CUST-00785,Delhi,Month-to-month,44,4,81.81,311.81,3,10,92.19,High Risk,Yes,2023-06-27
CUST-00786,Kolkata,Two year,38,37,44.56,1640.24,3,54,9.03,Low Risk,No,2023-12-10
CUST-00787,Bengaluru,Month-to-month,24,12,36.01,464.1,1,20,55.1,Medium Risk,Yes,2023-02-04
CUST-00788,Mumbai,One year,49,28,84.53,2439.88,2,26,59.06,Medium Risk,Yes,2026-02-07
CUST-00789,Bengaluru,Two year,55,29,45.95,1316.45,3,53,36.66,Low Risk,Yes,2021-05-19
CUST-00790,Kolkata,Month-to-month,36,20,38.16,704.69,0,18,32.36,Low Risk,No,2026-03-10
CUST-00791,Delhi,Month-to-month,40,24,90.27,2186.14,1,19,75.59,High Risk,Yes,2021-12-05
CUST-00792,Bengaluru,One year,37,27,46.91,1235.93,2,43,26.21,Low Risk,No,2024-07-26
CUST-00793,Bengaluru,Two year,40,23,50.76,1108.77,2,40,32.35,Low Risk,Yes,2024-01-17
CUST-00794,Pune,Two year,34,11,122.26,1344.89,1,16,96.03,High Risk,Yes,2022-10-17
CUST-00795,Jaipur,Month-to-month,35,6,38.22,223.5,4,10,83.03,High Risk,Yes,2025-05-18
CUST-00796,Chennai,One year,44,12,43.48,483.25,0,16,38.94,Low Risk,Yes,2022-10-22
CUST-00797,Kolkata,Month-to-month,58,15,56.11,872.02,1,14,68.07,Medium Risk,Yes,2024-09-30
CUST-00798,Bengaluru,Two year,21,46,60.19,2871.77,2,70,13.87,Low Risk,Yes,2024-06-25
CUST-00799,Hyderabad,Two year,34,8,48.83,398.07,1,11,64.75,Medium Risk,No,2023-09-01
CUST-00800,Kolkata,Month-to-month,23,50,44.86,2365.31,0,86,5.73,Low Risk,Yes,2025-03-26
CUST-00801,Hyderabad,Month-to-month,51,60,105.38,6022.52,3,54,30.69,Low Risk,No,2025-07-06
CUST-00802,Delhi,Month-to-month,29,13,70.71,887.79,0,14,81.54,High Risk,Yes,2021-08-30
CUST-00803,Bengaluru,Month-to-month,21,58,78.39,4516.54,3,77,13.34,Low Risk,No,2022-03-21
CUST-00804,Pune,One year,41,18,62.21,1040.98,1,25,56.79,Medium Risk,Yes,2022-04-22
CUST-00805,Mumbai,Month-to-month,52,16,71.31,1210.98,0,18,77.37,High Risk,Yes,2026-05-21
CUST-00806,Hyderabad,Month-to-month,42,46,87.61,4024.02,1,50,44.85,Medium Risk,No,2022-01-09
CUST-00807,Kolkata,Month-to-month,37,23,47.26,1056.49,1,23,41.25,Medium Risk,No,2025-05-04
CUST-00808,Kolkata,Two year,39,21,70.75,1480.51,0,38,53.23,Medium Risk,No,2021-02-18
CUST-00809,Bengaluru,One year,49,12,81.22,947.37,3,14,90.25,High Risk,Yes,2023-10-15
CUST-00810,Jaipur,Month-to-month,26,13,106.56,1337.91,2,20,94.48,High Risk,No,2024-09-17
CUST-00811,Kolkata,Month-to-month,34,21,121.23,2524.66,2,27,93.26,High Risk,Yes,2025-04-18
CUST-00812,Chennai,Two year,30,46,66.47,3048.77,3,65,15.92,Low Risk,No,2025-06-11
CUST-00813,Jaipur,Two year,23,8,93.57,740.58,2,13,89.94,High Risk,No,2023-04-26
CUST-00814,Kolkata,Month-to-month,32,19,27.66,529.57,2,29,30.29,Low Risk,No,2024-07-26
CUST-00815,Chennai,Month-to-month,46,7,106.82,781.64,1,11,96.77,High Risk,Yes,2021-06-30
CUST-00816,Bengaluru,Month-to-month,41,12,51.53,574.56,4,17,70.68,High Risk,Yes,2021-10-20
CUST-00817,Pune,Month-to-month,41,30,60.17,1895.07,2,30,60.29,Medium Risk,Yes,2023-03-01
CUST-00818,Mumbai,One year,36,10,74.85,715.99,2,17,81.3,High Risk,Yes,2024-05-29
CUST-00819,Jaipur,Two year,40,39,61.89,2317.97,2,48,13.93,Low Risk,No,2025-02-16
CUST-00820,Mumbai,Month-to-month,27,10,69.22,703.22,4,11,84.67,High Risk,Yes,2022-10-04
CUST-00821,Chennai,Two year,32,13,108.03,1511.27,3,20,93.51,High Risk,Yes,2023-07-05
CUST-00822,Jaipur,Month-to-month,37,4,57.48,212.17,2,6,80.51,High Risk,Yes,2023-10-26
CUST-00823,Mumbai,One year,38,39,45.9,1839.69,2,68,25.03,Low Risk,No,2022-04-20
CUST-00824,Mumbai,One year,38,35,116.13,4192.6,1,38,53.96,Medium Risk,Yes,2025-11-30
CUST-00825,Bengaluru,Month-to-month,34,7,76.93,544.86,4,14,94.13,High Risk,No,2026-02-17
CUST-00826,Kolkata,Month-to-month,31,16,120.24,1772.92,3,22,94.97,High Risk,Yes,2025-10-07
CUST-00827,Mumbai,One year,67,15,85.69,1307.22,0,14,75.61,High Risk,Yes,2025-02-02
CUST-00828,Mumbai,Month-to-month,44,14,42.56,559.14,2,15,66.61,Medium Risk,Yes,2024-05-13
CUST-00829,Hyderabad,Month-to-month,39,60,79.91,4470.92,0,51,8.01,Low Risk,No,2025-12-09
CUST-00830,Bengaluru,Month-to-month,33,14,47.44,684.99,3,12,77.76,High Risk,Yes,2024-12-10
CUST-00831,Delhi,Two year,30,11,65.15,739.61,4,15,64.61,Medium Risk,No,2022-03-18
CUST-00832,Bengaluru,Month-to-month,34,5,63.44,336.99,4,6,91.11,High Risk,Yes,2026-06-14
CUST-00833,Delhi,One year,38,11,38.73,392.18,1,13,45.34,Medium Risk,No,2022-08-05
CUST-00834,Delhi,Month-to-month,18,46,50.11,2260.35,2,58,11.44,Low Risk,No,2023-11-30
CUST-00835,Bengaluru,One year,19,23,131.64,2791.45,4,28,92.94,High Risk,Yes,2021-12-23
CUST-00836,Mumbai,One year,29,23,70.15,1578.51,7,34,49.03,Medium Risk,Yes,2024-03-03
CUST-00837,Kolkata,Two year,37,12,61.45,736.42,1,15,67.29,Medium Risk,No,2025-05-18
CUST-00838,Mumbai,Month-to-month,33,41,116.11,4783.15,1,74,74.36,High Risk,Yes,2026-04-29
CUST-00839,Bengaluru,One year,50,28,57.26,1566.32,1,36,36.06,Low Risk,Yes,2024-01-20
CUST-00840,Pune,One year,20,15,63.13,981.09,4,24,61.65,Medium Risk,Yes,2021-07-16
CUST-00841,Jaipur,Month-to-month,27,9,89.25,792.4,2,10,87.39,High Risk,Yes,2024-06-26
CUST-00842,Pune,Month-to-month,50,19,57.18,1089.4,1,27,67.6,Medium Risk,Yes,2021-12-05
CUST-00843,Delhi,Month-to-month,36,10,51.19,536.48,2,13,85.16,High Risk,No,2026-06-16
CUST-00844,Kolkata,Month-to-month,44,17,31.6,509.21,2,31,52.22,Medium Risk,No,2024-08-22
CUST-00845,Delhi,Two year,56,22,48.17,1029.37,0,41,45.06,Medium Risk,Yes,2024-12-18
CUST-00846,Mumbai,Month-to-month,28,12,48.02,578.22,2,18,74.15,High Risk,Yes,2025-03-17
CUST-00847,Jaipur,Month-to-month,34,2,68.38,142.62,1,3,89.07,High Risk,Yes,2022-11-17
CUST-00848,Kolkata,One year,32,26,53.47,1373.62,3,38,34.78,Low Risk,No,2023-04-21
CUST-00849,Bengaluru,Month-to-month,18,12,129.66,1449.56,0,12,97.0,High Risk,Yes,2023-07-24
CUST-00850,Pune,Month-to-month,32,21,46.34,1049.25,3,33,37.13,Low Risk,No,2024-03-07
CUST-00851,Jaipur,Month-to-month,44,18,101.76,1892.61,1,16,91.85,High Risk,Yes,2022-09-17
CUST-00852,Hyderabad,Two year,40,54,69.74,3900.17,1,81,10.79,Low Risk,No,2025-11-06
CUST-00853,Delhi,Two year,41,20,84.15,1673.6,1,16,69.0,Medium Risk,No,2021-11-01
CUST-00854,Chennai,Two year,31,35,82.53,2910.29,3,36,47.83,Medium Risk,Yes,2023-11-04
CUST-00855,Delhi,Month-to-month,28,15,31.96,517.3,3,20,44.84,Medium Risk,No,2021-02-15
CUST-00856,Delhi,One year,48,10,64.76,657.46,0,14,71.75,High Risk,Yes,2025-04-25
CUST-00857,Jaipur,Month-to-month,30,27,59.77,1541.22,0,44,39.9,Low Risk,Yes,2023-09-12
CUST-00858,Bengaluru,Month-to-month,38,12,45.23,583.09,1,15,68.3,Medium Risk,Yes,2021-04-24
CUST-00859,Bengaluru,Month-to-month,37,31,75.3,2348.4,0,54,48.43,Medium Risk,Yes,2024-03-16
CUST-00860,Jaipur,One year,50,8,112.58,831.57,1,10,91.11,High Risk,Yes,2021-08-30
CUST-00861,Hyderabad,Month-to-month,45,25,27.63,698.86,2,38,22.9,Low Risk,No,2025-04-02
CUST-00862,Bengaluru,Month-to-month,22,20,54.78,1020.31,0,35,67.36,Medium Risk,Yes,2024-05-18
CUST-00863,Bengaluru,Month-to-month,23,48,43.63,2103.48,1,51,8.24,Low Risk,No,2023-07-31
CUST-00864,Mumbai,Month-to-month,41,26,66.51,1819.27,1,42,36.91,Low Risk,Yes,2021-08-20
CUST-00865,Mumbai,One year,34,18,58.57,1060.82,3,20,65.64,Medium Risk,Yes,2024-10-25
CUST-00866,Bengaluru,Month-to-month,30,33,53.55,1731.37,2,28,22.37,Low Risk,No,2022-04-02
CUST-00867,Delhi,One year,45,2,81.05,172.02,4,4,94.74,High Risk,Yes,2021-07-12
CUST-00868,Delhi,Month-to-month,37,28,109.72,3282.34,2,45,89.48,High Risk,Yes,2021-03-11
CUST-00869,Chennai,One year,36,30,152.32,4458.1,0,29,91.04,High Risk,No,2024-08-10
CUST-00870,Kolkata,One year,43,32,51.3,1641.32,5,26,21.53,Low Risk,No,2023-05-20
CUST-00871,Mumbai,Month-to-month,31,31,36.3,1212.25,3,42,19.38,Low Risk,No,2023-05-21
CUST-00872,Delhi,Month-to-month,51,28,77.74,2064.61,0,30,66.09,Medium Risk,No,2023-06-12
CUST-00873,Pune,One year,27,16,108.83,1685.04,3,24,84.79,High Risk,Yes,2021-05-25
CUST-00874,Mumbai,Two year,42,22,84.33,1834.01,1,18,61.22,Medium Risk,Yes,2022-08-08
CUST-00875,Jaipur,Month-to-month,49,13,108.68,1322.62,2,12,96.05,High Risk,Yes,2021-05-05
CUST-00876,Delhi,Month-to-month,21,11,60.48,641.02,2,14,72.17,High Risk,Yes,2025-12-08
CUST-00877,Hyderabad,Two year,32,16,53.48,861.8,1,23,61.79,Medium Risk,Yes,2026-01-19
CUST-00878,Pune,One year,46,17,67.45,1096.84,1,29,53.51,Medium Risk,Yes,2022-01-11
CUST-00879,Jaipur,Month-to-month,47,25,58.48,1505.58,2,37,26.69,Low Risk,Yes,2024-03-15
CUST-00880,Delhi,Month-to-month,33,43,80.36,3371.26,1,74,25.69,Low Risk,No,2026-03-16
CUST-00881,Delhi,Month-to-month,28,35,88.65,2899.11,1,33,56.34,Medium Risk,Yes,2024-06-15
CUST-00882,Pune,One year,45,24,90.9,2273.94,2,34,76.44,High Risk,No,2023-01-11
CUST-00883,Jaipur,Month-to-month,47,40,76.54,3094.62,0,60,31.14,Low Risk,Yes,2024-03-04
CUST-00884,Jaipur,Two year,23,20,70.32,1479.5,1,30,51.47,Medium Risk,Yes,2024-12-13
CUST-00885,Hyderabad,Month-to-month,23,28,83.81,2294.17,0,52,59.77,Medium Risk,Yes,2021-06-21
CUST-00886,Delhi,Month-to-month,37,16,34.68,512.21,2,22,64.78,Medium Risk,No,2023-04-19
CUST-00887,Pune,One year,41,20,69.53,1289.74,3,26,65.44,Medium Risk,Yes,2021-10-22
CUST-00888,Delhi,Two year,32,17,66.1,1176.82,4,29,61.71,Medium Risk,No,2022-06-07
CUST-00889,Jaipur,One year,42,6,69.59,411.57,1,7,90.18,High Risk,Yes,2024-02-23
CUST-00890,Delhi,Month-to-month,28,6,63.2,408.1,2,6,85.47,High Risk,Yes,2021-09-23
CUST-00891,Hyderabad,One year,18,7,74.63,550.02,0,8,62.45,Medium Risk,No,2024-02-26
CUST-00892,Chennai,One year,31,24,54.08,1197.43,1,26,23.34,Low Risk,No,2024-10-09
CUST-00893,Chennai,Month-to-month,36,44,93.3,4348.21,3,51,50.94,Medium Risk,Yes,2026-02-23
CUST-00894,Mumbai,Month-to-month,32,40,75.64,2886.6,0,75,18.94,Low Risk,Yes,2024-01-05
CUST-00895,Pune,Month-to-month,23,28,68.21,1905.68,1,31,53.24,Medium Risk,No,2022-01-28
CUST-00896,Delhi,Month-to-month,18,14,52.0,728.71,3,24,60.52,Medium Risk,Yes,2023-09-09
CUST-00897,Delhi,Two year,30,11,84.38,862.79,0,13,85.85,High Risk,No,2021-12-24
CUST-00898,Chennai,Month-to-month,44,21,69.44,1370.9,0,26,67.42,Medium Risk,Yes,2025-07-04
CUST-00899,Jaipur,Two year,48,14,51.04,705.76,0,14,37.73,Low Risk,Yes,2023-01-06
CUST-00900,Jaipur,Month-to-month,47,7,63.83,457.01,2,12,90.09,High Risk,Yes,2021-01-08
CUST-00901,Delhi,One year,27,9,79.49,688.44,2,10,88.54,High Risk,Yes,2022-11-19
CUST-00902,Jaipur,Month-to-month,23,15,77.55,1168.16,3,25,75.57,High Risk,Yes,2021-01-21
CUST-00903,Delhi,Month-to-month,40,43,75.96,3203.12,3,62,27.76,Low Risk,No,2021-07-27
CUST-00904,Bengaluru,Month-to-month,41,5,66.95,341.73,1,7,89.84,High Risk,Yes,2021-04-07
CUST-00905,Mumbai,Month-to-month,39,8,90.26,713.35,1,10,94.34,High Risk,Yes,2023-05-07
CUST-00906,Chennai,One year,18,16,96.59,1632.39,1,13,90.4,High Risk,Yes,2023-01-25
CUST-00907,Chennai,Month-to-month,26,11,82.3,975.37,2,15,91.2,High Risk,No,2022-09-07
CUST-00908,Mumbai,One year,35,26,53.86,1492.91,0,42,48.23,Medium Risk,Yes,2021-09-19
CUST-00909,Delhi,Month-to-month,40,17,46.33,745.85,2,24,58.71,Medium Risk,Yes,2023-12-19
CUST-00910,Mumbai,Month-to-month,43,6,54.62,325.47,3,10,86.26,High Risk,Yes,2026-06-11
CUST-00911,Pune,Month-to-month,36,14,121.46,1689.24,1,25,95.05,High Risk,Yes,2022-06-19
CUST-00912,Delhi,Two year,38,22,71.13,1650.11,7,20,64.49,Medium Risk,No,2024-09-14
CUST-00913,Pune,One year,36,30,128.36,3762.81,2,33,84.33,High Risk,Yes,2022-09-04
CUST-00914,Mumbai,Month-to-month,42,8,62.55,504.37,2,11,81.65,High Risk,Yes,2025-01-22
CUST-00915,Bengaluru,Month-to-month,38,23,59.83,1400.15,5,26,42.58,Medium Risk,Yes,2022-09-22
CUST-00916,Mumbai,Month-to-month,36,16,63.48,952.55,1,32,66.04,Medium Risk,Yes,2026-05-09
CUST-00917,Delhi,Two year,32,40,63.11,2547.81,2,51,23.02,Low Risk,No,2022-01-31
CUST-00918,Kolkata,One year,36,14,50.75,681.72,1,14,52.53,Medium Risk,Yes,2023-01-09
CUST-00919,Hyderabad,Month-to-month,40,7,45.0,300.21,0,7,72.22,High Risk,No,2026-06-14
CUST-00920,Delhi,One year,38,12,76.31,879.14,1,15,71.22,High Risk,No,2021-07-04
CUST-00921,Chennai,Month-to-month,39,4,91.1,341.04,1,5,95.5,High Risk,Yes,2022-10-31
CUST-00922,Bengaluru,Two year,48,4,142.14,529.42,2,11,97.0,High Risk,Yes,2022-12-26
CUST-00923,Chennai,Month-to-month,38,5,56.58,289.55,3,9,91.0,High Risk,Yes,2021-11-19
CUST-00924,Hyderabad,One year,29,26,58.06,1616.07,1,38,35.41,Low Risk,Yes,2025-05-16
CUST-00925,Mumbai,Month-to-month,44,24,50.78,1255.38,0,24,36.26,Low Risk,No,2023-02-04
CUST-00926,Jaipur,One year,21,27,93.19,2440.39,1,23,73.34,High Risk,Yes,2025-05-16
CUST-00927,Delhi,One year,24,13,84.37,1067.86,2,19,85.17,High Risk,Yes,2024-10-29
CUST-00928,Bengaluru,One year,38,10,49.1,494.25,1,18,45.92,Medium Risk,No,2021-08-04
CUST-00929,Pune,One year,40,66,48.7,3402.58,4,89,3.0,Low Risk,No,2023-11-20
CUST-00930,Delhi,Two year,23,21,88.16,1763.22,3,27,60.2,Medium Risk,No,2024-07-02
CUST-00931,Jaipur,Month-to-month,31,9,73.48,657.99,1,14,83.62,High Risk,Yes,2024-07-30
CUST-00932,Chennai,Month-to-month,29,46,82.85,3810.46,4,59,41.56,Medium Risk,Yes,2025-02-09
CUST-00933,Kolkata,Month-to-month,30,42,49.0,2199.99,3,38,20.95,Low Risk,No,2024-11-04
CUST-00934,Bengaluru,Two year,44,29,35.64,1039.54,4,47,22.81,Low Risk,No,2022-06-26
CUST-00935,Delhi,Month-to-month,42,17,49.13,872.74,2,26,60.18,Medium Risk,Yes,2023-05-18
CUST-00936,Delhi,One year,35,11,81.0,832.24,2,16,91.42,High Risk,Yes,2024-04-21
CUST-00937,Jaipur,One year,30,14,127.73,1738.7,2,19,94.83,High Risk,No,2024-03-20
CUST-00938,Kolkata,Month-to-month,22,39,56.65,2248.74,1,38,19.31,Low Risk,No,2024-08-09
CUST-00939,Jaipur,Month-to-month,49,12,134.65,1661.72,3,15,97.0,High Risk,Yes,2023-07-11
CUST-00940,Bengaluru,Month-to-month,41,8,84.77,719.96,4,15,97.0,High Risk,Yes,2023-01-24
CUST-00941,Delhi,Month-to-month,28,29,41.62,1224.44,1,28,31.3,Low Risk,No,2023-07-21
CUST-00942,Bengaluru,Month-to-month,42,19,69.61,1278.06,3,33,68.26,Medium Risk,No,2021-08-08
CUST-00943,Pune,Month-to-month,34,12,85.7,1034.83,3,16,86.03,High Risk,Yes,2025-05-18
CUST-00944,Chennai,Two year,32,13,29.91,401.99,2,21,24.47,Low Risk,No,2023-07-22
CUST-00945,Delhi,Two year,39,3,79.89,250.57,1,9,88.5,High Risk,No,2022-03-11
CUST-00946,Jaipur,Month-to-month,28,13,94.6,1317.28,0,19,82.65,High Risk,Yes,2023-04-16
CUST-00947,Jaipur,Month-to-month,32,37,73.85,2597.25,0,36,25.99,Low Risk,No,2021-12-15
CUST-00948,Kolkata,Month-to-month,36,10,63.73,653.71,1,16,85.85,High Risk,Yes,2025-02-24
CUST-00949,Chennai,One year,30,72,61.5,4215.67,0,87,3.0,Low Risk,No,2025-10-08
CUST-00950,Pune,Two year,42,19,60.36,1113.42,5,30,73.34,High Risk,Yes,2021-12-30
CUST-00951,Pune,Month-to-month,54,6,44.62,252.42,0,9,64.43,Medium Risk,No,2025-09-23
CUST-00952,Pune,Month-to-month,27,22,52.16,1197.64,2,31,41.51,Medium Risk,Yes,2022-05-08
CUST-00953,Delhi,One year,18,10,56.89,606.58,2,14,58.63,Medium Risk,No,2024-08-09
CUST-00954,Kolkata,One year,18,29,67.4,1807.59,1,35,46.08,Medium Risk,No,2025-06-21
CUST-00955,Mumbai,Month-to-month,33,40,54.39,2284.73,5,71,26.46,Low Risk,Yes,2022-09-19
CUST-00956,Mumbai,One year,28,33,49.22,1557.15,1,41,27.05,Low Risk,No,2025-03-15
CUST-00957,Bengaluru,Month-to-month,37,32,82.89,2646.95,6,48,73.5,High Risk,Yes,2022-06-27
CUST-00958,Jaipur,Month-to-month,36,14,73.18,1065.21,2,19,81.56,High Risk,Yes,2025-10-08
CUST-00959,Delhi,One year,19,10,54.7,547.6,1,11,64.72,Medium Risk,Yes,2024-03-22
CUST-00960,Hyderabad,One year,18,27,76.43,1974.87,2,41,31.6,Low Risk,No,2022-04-02
CUST-00961,Jaipur,Month-to-month,38,10,56.23,598.84,2,11,62.99,Medium Risk,Yes,2024-03-22
CUST-00962,Pune,Two year,36,15,66.33,1009.85,2,27,67.92,Medium Risk,Yes,2021-12-27
CUST-00963,Delhi,Month-to-month,31,11,88.8,1044.2,2,17,90.9,High Risk,Yes,2022-11-17
CUST-00964,Mumbai,One year,18,12,53.58,678.62,1,17,70.66,High Risk,Yes,2023-09-12
CUST-00965,Delhi,Month-to-month,40,28,44.67,1326.12,2,33,24.32,Low Risk,No,2021-10-13
CUST-00966,Mumbai,Two year,48,11,62.05,667.45,1,20,72.63,High Risk,Yes,2022-02-08
CUST-00967,Hyderabad,Two year,38,29,42.02,1313.59,3,39,26.48,Low Risk,Yes,2021-10-06
CUST-00968,Delhi,Month-to-month,27,40,59.48,2513.35,3,60,26.85,Low Risk,No,2021-05-07
CUST-00969,Bengaluru,Two year,35,13,59.42,752.39,2,13,72.37,High Risk,Yes,2022-01-20
CUST-00970,Bengaluru,Two year,21,8,29.55,251.39,2,15,39.13,Low Risk,Yes,2021-05-23
CUST-00971,Pune,One year,46,35,77.03,2806.18,4,40,49.04,Medium Risk,Yes,2023-11-11
CUST-00972,Kolkata,Month-to-month,36,23,61.31,1460.93,3,35,65.73,Medium Risk,No,2021-10-13
CUST-00973,Hyderabad,One year,18,11,94.88,961.23,1,12,89.78,High Risk,Yes,2021-09-12
CUST-00974,Delhi,Two year,32,15,69.64,964.8,0,18,58.57,Medium Risk,Yes,2022-06-07
CUST-00975,Jaipur,Month-to-month,40,25,82.25,2120.34,1,35,60.68,Medium Risk,Yes,2021-04-24
CUST-00976,Delhi,Two year,32,6,95.13,550.57,1,7,88.92,High Risk,Yes,2024-05-26
CUST-00977,Pune,Month-to-month,32,51,62.32,2953.81,4,85,10.15,Low Risk,No,2026-05-26
CUST-00978,Jaipur,Month-to-month,23,34,64.98,2133.66,1,51,29.46,Low Risk,No,2026-05-04
CUST-00979,Bengaluru,Month-to-month,41,19,39.29,786.87,5,31,53.17,Medium Risk,No,2022-10-11
CUST-00980,Pune,One year,29,49,96.64,4713.09,1,59,16.74,Low Risk,Yes,2022-08-04
CUST-00981,Mumbai,One year,18,44,62.04,2780.24,0,36,9.09,Low Risk,No,2025-05-02
CUST-00982,Hyderabad,Month-to-month,31,17,47.11,839.38,1,26,44.09,Medium Risk,No,2024-06-16
CUST-00983,Jaipur,Two year,45,16,82.36,1280.52,0,18,73.0,High Risk,No,2025-08-25
CUST-00984,Jaipur,Month-to-month,31,16,32.36,477.26,6,22,52.17,Medium Risk,No,2022-06-29
CUST-00985,Hyderabad,Month-to-month,52,27,56.66,1486.57,1,43,45.91,Medium Risk,No,2025-02-14
CUST-00986,Bengaluru,Month-to-month,39,26,86.93,2425.33,6,40,83.24,High Risk,Yes,2026-03-29
CUST-00987,Pune,One year,38,4,56.5,225.36,1,3,72.9,High Risk,No,2021-03-06
CUST-00988,Mumbai,Two year,34,25,51.66,1305.93,0,42,22.81,Low Risk,No,2024-04-17
CUST-00989,Delhi,One year,34,25,56.9,1481.77,2,31,31.51,Low Risk,Yes,2022-04-08
CUST-00990,Chennai,Two year,32,16,34.17,513.04,3,22,46.32,Medium Risk,No,2022-02-19
CUST-00991,Hyderabad,Month-to-month,32,20,81.72,1695.58,3,21,86.52,High Risk,No,2022-01-14
CUST-00992,Hyderabad,Month-to-month,40,5,62.49,302.34,2,7,85.19,High Risk,No,2021-11-08
CUST-00993,Delhi,Month-to-month,26,7,59.58,409.6,2,11,81.46,High Risk,Yes,2024-05-12
CUST-00994,Pune,Month-to-month,24,10,59.65,574.5,0,19,60.94,Medium Risk,Yes,2025-01-18
CUST-00995,Mumbai,Month-to-month,24,28,65.29,1726.78,0,36,42.16,Medium Risk,No,2023-12-05
CUST-00996,Jaipur,One year,55,41,80.12,3212.11,1,60,18.43,Low Risk,No,2022-06-29
CUST-00997,Kolkata,Month-to-month,40,26,63.93,1554.37,2,27,51.17,Medium Risk,Yes,2024-02-04
CUST-00998,Jaipur,One year,38,21,42.04,931.54,3,35,44.75,Medium Risk,Yes,2023-09-19
CUST-00999,Kolkata,Month-to-month,24,30,78.14,2271.42,3,42,45.47,Medium Risk,No,2025-05-06
CUST-01000,Mumbai,Month-to-month,41,2,76.24,156.23,2,5,91.42,High Risk,Yes,2025-03-07
CUST-01001,Delhi,One year,34,39,69.42,2619.31,0,48,14.2,Low Risk,No,2025-07-27
CUST-01002,Bengaluru,Month-to-month,37,18,91.69,1574.03,3,17,79.76,High Risk,Yes,2024-08-10
CUST-01003,Chennai,Two year,25,36,65.63,2443.45,1,43,26.39,Low Risk,No,2025-07-27
CUST-01004,Hyderabad,One year,37,29,92.76,2743.41,2,32,63.21,Medium Risk,No,2021-02-25
CUST-01005,Chennai,Month-to-month,31,11,101.97,1071.08,0,12,96.13,High Risk,Yes,2023-04-29
CUST-01006,Pune,Two year,27,23,78.31,1833.43,1,23,46.8,Medium Risk,No,2023-08-25
CUST-01007,Hyderabad,Month-to-month,42,12,51.16,565.3,0,19,52.72,Medium Risk,No,2022-08-24
CUST-01008,Chennai,Month-to-month,20,26,62.34,1537.05,3,21,60.57,Medium Risk,Yes,2026-04-29
CUST-01009,Delhi,One year,41,54,96.62,5407.61,2,95,16.61,Low Risk,Yes,2022-03-27
CUST-01010,Bengaluru,Month-to-month,42,26,40.25,1031.46,5,24,38.58,Low Risk,Yes,2024-08-24
CUST-01011,Delhi,One year,26,11,57.34,600.83,1,20,73.23,High Risk,No,2024-08-08
CUST-01012,Kolkata,One year,27,34,58.24,1982.03,0,63,18.84,Low Risk,No,2024-10-31
CUST-01013,Kolkata,Two year,33,10,49.28,490.06,4,15,72.54,High Risk,Yes,2025-02-08
CUST-01014,Jaipur,Month-to-month,38,40,85.95,3511.68,1,74,37.57,Low Risk,No,2022-10-25
CUST-01015,Hyderabad,Month-to-month,33,9,73.33,614.83,4,18,86.7,High Risk,Yes,2023-06-23
CUST-01016,Kolkata,One year,39,37,51.77,2013.36,4,33,16.66,Low Risk,Yes,2023-07-16
CUST-01017,Delhi,Month-to-month,53,13,78.9,953.21,3,26,91.03,High Risk,Yes,2026-01-29
CUST-01018,Bengaluru,Month-to-month,30,28,61.79,1717.35,1,25,45.04,Medium Risk,Yes,2022-06-17
CUST-01019,Kolkata,Month-to-month,18,34,48.89,1718.24,0,31,22.61,Low Risk,No,2025-11-08
CUST-01020,Jaipur,Month-to-month,43,22,51.74,1110.02,0,33,26.88,Low Risk,No,2025-06-23
CUST-01021,Hyderabad,Month-to-month,52,14,74.73,1114.87,1,14,72.01,High Risk,Yes,2023-09-28
CUST-01022,Delhi,Two year,39,23,87.78,2101.39,2,24,50.22,Medium Risk,No,2023-05-23
CUST-01023,Kolkata,Two year,24,18,55.62,989.31,4,31,49.62,Medium Risk,No,2025-06-30
CUST-01024,Kolkata,Month-to-month,34,20,77.37,1469.12,1,36,63.37,Medium Risk,Yes,2024-11-02
CUST-01025,Kolkata,Month-to-month,24,6,107.83,599.72,3,10,97.0,High Risk,No,2026-01-16
CUST-01026,Bengaluru,Month-to-month,41,30,43.45,1366.42,4,39,34.54,Low Risk,No,2025-03-08
CUST-01027,Chennai,Two year,21,22,72.84,1524.09,2,37,56.13,Medium Risk,No,2023-07-14
CUST-01028,Chennai,Month-to-month,32,4,84.79,326.66,1,7,90.48,High Risk,Yes,2026-01-26
CUST-01029,Mumbai,One year,25,15,63.05,871.66,2,28,50.91,Medium Risk,No,2026-06-10
CUST-01030,Chennai,Month-to-month,36,3,96.61,267.49,1,5,97.0,High Risk,Yes,2021-10-27
CUST-01031,Jaipur,One year,31,20,131.37,2514.07,1,34,95.56,High Risk,Yes,2021-08-05
CUST-01032,Pune,Month-to-month,37,27,72.55,2075.71,1,42,61.46,Medium Risk,Yes,2023-02-09
CUST-01033,Delhi,One year,35,12,60.32,756.36,0,23,43.59,Medium Risk,Yes,2021-04-18
CUST-01034,Jaipur,Month-to-month,25,11,88.86,1019.67,2,21,89.01,High Risk,No,2021-12-27
CUST-01035,Jaipur,One year,41,15,85.1,1343.29,1,28,79.99,High Risk,No,2021-12-20
CUST-01036,Hyderabad,Month-to-month,35,11,29.03,303.32,0,15,47.23,Medium Risk,No,2024-03-12
CUST-01037,Mumbai,One year,25,10,64.94,699.18,2,18,54.11,Medium Risk,Yes,2023-01-13
CUST-01038,Hyderabad,Two year,57,4,57.29,219.34,4,8,91.05,High Risk,Yes,2026-05-13
CUST-01039,Jaipur,Month-to-month,40,11,73.8,766.33,4,13,85.16,High Risk,No,2024-12-18
CUST-01040,Mumbai,Two year,33,6,61.09,354.5,1,11,64.78,Medium Risk,Yes,2024-04-13
CUST-01041,Bengaluru,One year,49,39,63.25,2478.77,1,34,18.71,Low Risk,No,2024-05-12
CUST-01042,Hyderabad,Month-to-month,53,44,49.31,2039.26,1,77,20.14,Low Risk,No,2022-05-15
CUST-01043,Mumbai,Month-to-month,34,26,82.22,2219.34,3,22,75.34,High Risk,Yes,2021-11-04
CUST-01044,Pune,Month-to-month,38,38,110.39,4108.59,4,70,64.69,Medium Risk,No,2026-02-23
CUST-01045,Chennai,One year,25,10,49.56,501.03,2,11,46.04,Medium Risk,Yes,2025-07-28
CUST-01046,Pune,One year,34,27,41.57,1164.45,3,24,12.52,Low Risk,No,2025-09-30
CUST-01047,Delhi,Month-to-month,33,27,65.42,1879.92,4,51,55.83,Medium Risk,Yes,2024-04-14
CUST-01048,Jaipur,Month-to-month,37,23,64.41,1557.12,3,20,59.86,Medium Risk,Yes,2025-09-18
CUST-01049,Chennai,One year,38,14,94.55,1331.64,5,19,90.68,High Risk,Yes,2021-04-11
CUST-01050,Jaipur,Two year,41,19,43.86,898.83,4,32,38.23,Low Risk,No,2024-05-26
CUST-01051,Chennai,Month-to-month,37,23,54.72,1264.55,2,26,61.45,Medium Risk,No,2025-07-25
CUST-01052,Bengaluru,Two year,23,22,32.69,723.32,2,28,26.44,Low Risk,No,2021-12-18
CUST-01053,Kolkata,Month-to-month,26,9,100.93,858.73,1,13,92.34,High Risk,Yes,2021-06-23
CUST-01054,Hyderabad,Month-to-month,30,42,70.43,2791.8,2,73,30.22,Low Risk,No,2021-05-26
CUST-01055,Kolkata,Two year,32,20,56.04,1061.39,1,20,55.08,Medium Risk,No,2024-04-22
CUST-01056,Mumbai,Month-to-month,46,31,42.57,1339.06,0,29,18.72,Low Risk,No,2026-02-27
CUST-01057,Hyderabad,Month-to-month,23,13,43.84,562.18,0,16,53.78,Medium Risk,No,2024-12-11
CUST-01058,Mumbai,Month-to-month,31,26,74.21,1894.23,3,34,63.01,Medium Risk,No,2021-05-25
CUST-01059,Bengaluru,Two year,45,21,45.6,900.54,1,27,32.17,Low Risk,No,2025-12-29
CUST-01060,Pune,Two year,32,10,67.2,659.21,4,14,82.79,High Risk,Yes,2021-03-17
CUST-01061,Chennai,Month-to-month,40,19,124.98,2328.26,6,29,97.0,High Risk,Yes,2023-05-19
CUST-01062,Kolkata,Month-to-month,34,16,58.16,948.55,1,28,69.89,Medium Risk,Yes,2022-12-26
CUST-01063,Hyderabad,Month-to-month,38,17,47.79,797.92,1,18,59.96,Medium Risk,No,2022-01-21
CUST-01064,Mumbai,One year,33,34,73.45,2464.84,3,33,30.85,Low Risk,No,2024-03-23
CUST-01065,Mumbai,Month-to-month,42,18,43.91,761.62,3,28,60.25,Medium Risk,No,2021-06-16
CUST-01066,Hyderabad,One year,20,33,112.71,3500.13,3,29,57.76,Medium Risk,Yes,2022-03-23
CUST-01067,Delhi,Month-to-month,31,27,101.85,2661.96,2,43,91.01,High Risk,No,2022-02-05
CUST-01068,Jaipur,Month-to-month,38,21,61.67,1200.33,3,26,75.66,High Risk,Yes,2021-04-26
CUST-01069,Mumbai,Month-to-month,40,36,48.78,1672.83,2,43,30.61,Low Risk,No,2024-01-29
CUST-01070,Delhi,Month-to-month,50,34,56.72,1874.47,1,40,35.96,Low Risk,No,2021-02-03
CUST-01071,Delhi,Two year,31,21,59.13,1171.33,1,25,47.28,Medium Risk,Yes,2025-04-04
CUST-01072,Delhi,Month-to-month,50,22,73.49,1659.46,4,37,64.43,Medium Risk,Yes,2026-01-28
CUST-01073,Jaipur,Month-to-month,28,36,90.66,3149.28,3,67,47.22,Medium Risk,Yes,2022-02-20
CUST-01074,Jaipur,Month-to-month,48,29,46.65,1377.86,3,40,29.26,Low Risk,No,2023-03-29
CUST-01075,Kolkata,Month-to-month,43,42,89.83,3859.72,2,59,46.48,Medium Risk,Yes,2022-08-21
CUST-01076,Mumbai,Month-to-month,26,18,79.21,1413.76,0,15,73.25,High Risk,Yes,2025-03-02
CUST-01077,Mumbai,Month-to-month,38,8,55.25,438.4,2,12,84.5,High Risk,Yes,2023-03-24
CUST-01078,Pune,Month-to-month,34,12,45.91,558.1,0,19,53.45,Medium Risk,Yes,2023-01-13
CUST-01079,Delhi,One year,41,4,67.46,259.58,3,6,89.48,High Risk,Yes,2026-05-28
CUST-01080,Kolkata,Month-to-month,33,11,46.31,470.39,5,14,69.1,Medium Risk,Yes,2022-01-13
CUST-01081,Hyderabad,Month-to-month,32,28,90.19,2583.92,5,30,74.88,High Risk,No,2021-03-23
CUST-01082,Jaipur,Two year,49,18,45.37,830.84,1,19,49.62,Medium Risk,Yes,2023-06-02
CUST-01083,Mumbai,Month-to-month,34,10,77.45,771.57,2,15,89.85,High Risk,Yes,2026-02-23
CUST-01084,Chennai,Month-to-month,43,13,63.34,872.93,1,24,68.24,Medium Risk,Yes,2023-02-08
CUST-01085,Kolkata,Month-to-month,33,23,54.33,1251.31,1,36,58.51,Medium Risk,No,2025-02-21
CUST-01086,Bengaluru,Month-to-month,52,14,62.9,852.91,2,18,79.14,High Risk,Yes,2024-09-07
CUST-01087,Pune,One year,28,16,91.83,1519.48,5,21,72.37,High Risk,Yes,2024-04-06
CUST-01088,Delhi,Month-to-month,29,6,44.38,285.98,2,8,68.92,Medium Risk,Yes,2021-06-01
CUST-01089,Kolkata,One year,50,39,56.97,2306.04,1,55,13.91,Low Risk,No,2023-01-14
CUST-01090,Delhi,Month-to-month,31,42,51.1,2286.6,0,49,9.15,Low Risk,No,2025-05-07
CUST-01091,Kolkata,Month-to-month,51,10,64.2,602.22,1,10,88.63,High Risk,Yes,2021-01-02
CUST-01092,Pune,One year,44,15,52.21,735.66,3,24,54.75,Medium Risk,Yes,2025-09-21
CUST-01093,Pune,Month-to-month,33,4,36.91,139.48,2,6,76.86,High Risk,Yes,2026-05-01
CUST-01094,Bengaluru,One year,18,37,46.37,1771.38,2,29,11.95,Low Risk,No,2025-09-26
CUST-01095,Delhi,Month-to-month,35,7,109.78,754.9,2,8,97.0,High Risk,Yes,2024-09-28
CUST-01096,Delhi,One year,36,19,70.34,1331.69,2,23,74.41,High Risk,No,2026-05-07
CUST-01097,Delhi,Month-to-month,47,9,69.57,602.28,2,14,89.66,High Risk,No,2026-05-08
CUST-01098,Delhi,Two year,51,19,59.38,1170.84,1,21,67.44,Medium Risk,No,2023-08-16
CUST-01099,Hyderabad,Month-to-month,28,33,63.94,2226.61,0,27,39.4,Low Risk,Yes,2025-12-29
CUST-01100,Mumbai,Two year,43,27,56.65,1446.39,4,27,40.63,Medium Risk,No,2025-11-30
CUST-01101,Jaipur,Month-to-month,43,29,76.94,2121.57,4,25,68.82,Medium Risk,Yes,2022-07-21
CUST-01102,Kolkata,One year,46,7,67.13,457.84,2,13,62.31,Medium Risk,No,2023-03-06
CUST-01103,Chennai,Month-to-month,40,18,44.68,775.95,2,22,50.94,Medium Risk,No,2024-05-12
CUST-01104,Kolkata,Two year,18,58,70.5,4109.63,2,42,4.66,Low Risk,No,2023-10-29
CUST-01105,Kolkata,Month-to-month,33,22,29.59,677.29,0,32,31.15,Low Risk,No,2025-12-17
CUST-01106,Delhi,Month-to-month,23,19,74.2,1475.95,2,20,73.46,High Risk,Yes,2025-09-12
CUST-01107,Mumbai,Month-to-month,33,16,41.4,631.5,0,22,52.46,Medium Risk,No,2025-03-10
CUST-01108,Hyderabad,Month-to-month,45,21,63.03,1254.92,2,22,54.46,Medium Risk,No,2024-07-20
CUST-01109,Hyderabad,Month-to-month,38,19,44.35,824.27,1,34,35.74,Low Risk,No,2025-07-03
CUST-01110,Delhi,Two year,46,52,65.06,3192.43,2,95,5.56,Low Risk,No,2021-10-16
CUST-01111,Chennai,Two year,38,31,78.21,2266.16,3,45,60.57,Medium Risk,Yes,2021-11-07
CUST-01112,Delhi,Month-to-month,22,17,105.14,1713.76,1,26,85.05,High Risk,Yes,2021-07-22
CUST-01113,Delhi,Two year,18,30,39.69,1170.5,3,36,12.98,Low Risk,No,2021-11-25
CUST-01114,Bengaluru,Month-to-month,36,11,88.81,990.64,2,20,91.53,High Risk,Yes,2021-04-08
CUST-01115,Pune,Month-to-month,33,19,67.79,1334.02,6,24,67.56,Medium Risk,No,2021-12-30
CUST-01116,Bengaluru,One year,25,14,56.27,752.84,4,17,54.38,Medium Risk,No,2025-02-23
CUST-01117,Jaipur,One year,18,29,82.89,2526.37,2,28,53.96,Medium Risk,No,2026-06-14
CUST-01118,Chennai,Two year,28,18,60.27,1003.92,1,17,46.31,Medium Risk,Yes,2026-04-20
CUST-01119,Delhi,Month-to-month,33,21,81.78,1702.0,2,28,86.15,High Risk,Yes,2026-02-26
CUST-01120,Jaipur,One year,42,17,47.32,821.57,7,18,44.33,Medium Risk,No,2024-01-08
CUST-01121,Chennai,Month-to-month,37,24,53.08,1231.37,3,38,48.84,Medium Risk,Yes,2021-11-16
CUST-01122,Kolkata,Month-to-month,51,29,87.91,2624.32,4,32,72.81,High Risk,Yes,2024-01-17
CUST-01123,Chennai,Month-to-month,25,42,104.56,4649.43,1,73,52.45,Medium Risk,Yes,2021-12-23
CUST-01124,Chennai,Two year,44,16,64.28,960.91,5,25,60.93,Medium Risk,No,2024-10-24
CUST-01125,Pune,One year,35,9,26.64,240.24,2,13,38.09,Low Risk,Yes,2021-06-17
CUST-01126,Bengaluru,One year,42,25,60.99,1407.35,3,37,51.69,Medium Risk,Yes,2021-07-05
CUST-01127,Jaipur,Month-to-month,31,8,65.68,506.91,2,16,83.47,High Risk,Yes,2022-08-18
CUST-01128,Mumbai,Month-to-month,46,16,60.33,909.21,2,13,64.61,Medium Risk,No,2023-10-10
CUST-01129,Mumbai,Month-to-month,38,6,72.39,442.98,0,9,93.87,High Risk,Yes,2023-11-13
CUST-01130,Delhi,Month-to-month,28,72,55.8,3856.05,4,107,3.0,Low Risk,No,2022-09-07
CUST-01131,Hyderabad,Month-to-month,35,39,85.01,3199.96,1,61,49.0,Medium Risk,No,2021-12-17
CUST-01132,Bengaluru,One year,33,37,44.75,1577.77,0,46,12.68,Low Risk,No,2024-10-05
CUST-01133,Jaipur,Month-to-month,40,43,96.56,3981.88,3,50,51.22,Medium Risk,No,2025-03-23
CUST-01134,Delhi,Month-to-month,23,34,106.74,3469.54,1,36,63.4,Medium Risk,Yes,2022-03-19
CUST-01135,Pune,Month-to-month,35,22,48.53,1101.46,2,25,50.77,Medium Risk,No,2024-02-07
CUST-01136,Jaipur,Month-to-month,39,23,48.52,1197.35,0,40,36.56,Low Risk,Yes,2023-04-07
CUST-01137,Chennai,Month-to-month,35,41,74.13,3034.58,1,46,33.48,Low Risk,Yes,2024-10-25
CUST-01138,Bengaluru,Two year,48,43,44.45,1942.05,1,65,7.32,Low Risk,No,2023-02-10
CUST-01139,Bengaluru,One year,43,10,55.52,583.46,1,18,73.43,High Risk,Yes,2025-02-18
CUST-01140,Pune,One year,35,18,92.5,1658.63,2,17,71.65,High Risk,Yes,2021-04-22
CUST-01141,Chennai,Month-to-month,37,20,82.3,1593.86,2,18,83.47,High Risk,No,2021-10-13
CUST-01142,Mumbai,Month-to-month,38,35,122.49,4596.49,3,38,86.79,High Risk,Yes,2023-02-03
CUST-01143,Pune,Month-to-month,39,11,68.65,804.22,1,16,81.04,High Risk,Yes,2022-01-29
CUST-01144,Bengaluru,Two year,18,10,53.46,510.68,2,13,67.14,Medium Risk,No,2024-01-27
CUST-01145,Delhi,One year,32,7,66.07,477.52,6,5,86.46,High Risk,Yes,2022-06-09
CUST-01146,Chennai,Month-to-month,20,14,61.94,887.57,1,14,75.29,High Risk,Yes,2021-06-16
CUST-01147,Hyderabad,Month-to-month,48,15,62.22,955.64,0,14,76.21,High Risk,Yes,2025-06-01
CUST-01148,Pune,Month-to-month,34,48,64.51,3260.27,2,45,16.24,Low Risk,Yes,2022-03-24
CUST-01149,Chennai,One year,33,33,48.24,1636.27,2,36,14.83,Low Risk,No,2024-07-28
CUST-01150,Chennai,Two year,44,35,71.14,2497.07,8,31,40.93,Medium Risk,No,2021-06-18
CUST-01151,Hyderabad,One year,39,9,41.41,393.33,4,16,60.43,Medium Risk,No,2021-08-14
CUST-01152,Chennai,Month-to-month,24,17,51.68,845.5,1,20,64.38,Medium Risk,Yes,2026-05-14
CUST-01153,Hyderabad,Month-to-month,34,30,62.57,1930.93,4,46,55.51,Medium Risk,Yes,2024-09-03
CUST-01154,Pune,Month-to-month,32,21,31.54,683.7,4,33,49.41,Medium Risk,Yes,2021-02-09
CUST-01155,Pune,Month-to-month,18,27,83.13,2377.5,2,48,73.69,High Risk,Yes,2022-05-03
CUST-01156,Hyderabad,Month-to-month,28,7,33.7,254.71,3,8,65.68,Medium Risk,Yes,2024-12-12
CUST-01157,Delhi,One year,33,21,80.53,1706.7,1,22,77.53,High Risk,Yes,2021-12-01
CUST-01158,Chennai,One year,34,31,42.98,1329.06,1,52,15.6,Low Risk,No,2025-03-19
CUST-01159,Chennai,Month-to-month,20,9,57.1,522.18,3,16,75.98,High Risk,Yes,2022-03-12
CUST-01160,Jaipur,Two year,47,5,76.75,393.49,2,6,89.0,High Risk,Yes,2021-09-08
CUST-01161,Chennai,Month-to-month,34,9,131.34,1222.34,3,10,97.0,High Risk,Yes,2026-01-12
CUST-01162,Jaipur,Month-to-month,35,41,67.47,2669.44,1,71,20.96,Low Risk,Yes,2026-02-21
CUST-01163,Mumbai,Month-to-month,39,8,34.47,275.19,3,7,67.1,Medium Risk,Yes,2024-01-27
CUST-01164,Hyderabad,Month-to-month,27,20,88.2,1727.57,4,37,82.23,High Risk,Yes,2021-11-21
CUST-01165,Delhi,Month-to-month,40,5,60.35,279.48,3,13,88.22,High Risk,Yes,2026-01-07
CUST-01166,Chennai,Month-to-month,31,10,66.47,676.35,1,13,85.3,High Risk,Yes,2022-04-15
CUST-01167,Chennai,Month-to-month,26,22,77.7,1811.91,1,36,67.43,Medium Risk,No,2026-01-26
CUST-01168,Bengaluru,Two year,41,19,31.89,646.77,3,23,36.29,Low Risk,No,2025-08-20
CUST-01169,Jaipur,Month-to-month,50,37,65.14,2416.9,3,61,27.63,Low Risk,No,2023-06-23
CUST-01170,Delhi,Month-to-month,42,25,57.01,1485.88,1,29,57.22,Medium Risk,Yes,2026-03-05
CUST-01171,Pune,Month-to-month,44,9,96.1,894.29,3,10,94.19,High Risk,Yes,2022-05-31
CUST-01172,Kolkata,One year,30,17,82.03,1334.02,1,26,67.38,Medium Risk,No,2022-05-17
CUST-01173,Pune,Month-to-month,19,14,38.62,502.87,2,15,56.82,Medium Risk,Yes,2023-10-09
CUST-01174,Delhi,Two year,50,3,97.36,303.66,1,6,95.1,High Risk,Yes,2024-07-28
CUST-01175,Pune,Month-to-month,56,49,75.06,3550.06,0,57,19.54,Low Risk,No,2024-06-29
CUST-01176,Bengaluru,Month-to-month,50,20,39.62,798.66,3,16,43.2,Medium Risk,No,2022-03-10
CUST-01177,Hyderabad,One year,32,22,66.17,1461.35,2,24,46.37,Medium Risk,No,2024-07-02
CUST-01178,Jaipur,Month-to-month,23,29,90.52,2758.59,6,51,77.36,High Risk,Yes,2024-12-01
CUST-01179,Hyderabad,Month-to-month,24,30,44.08,1353.0,0,36,26.78,Low Risk,No,2022-02-13
CUST-01180,Bengaluru,Month-to-month,18,32,101.01,3411.85,3,57,66.02,Medium Risk,Yes,2026-03-05
CUST-01181,Kolkata,One year,34,15,40.06,625.15,3,16,39.36,Low Risk,No,2024-09-11
CUST-01182,Mumbai,Month-to-month,51,14,50.46,762.94,5,21,77.8,High Risk,No,2024-01-27
CUST-01183,Pune,Month-to-month,34,38,48.07,1933.01,2,66,19.15,Low Risk,No,2024-03-18
CUST-01184,Kolkata,Two year,38,50,100.99,4816.07,1,40,25.55,Low Risk,No,2021-04-18
CUST-01185,Jaipur,Month-to-month,49,5,55.55,298.25,2,9,69.52,Medium Risk,Yes,2021-12-16
CUST-01186,Kolkata,One year,31,37,44.8,1615.2,5,66,14.16,Low Risk,No,2021-05-03
CUST-01187,Pune,One year,55,17,74.95,1296.13,2,25,78.2,High Risk,No,2024-08-28
CUST-01188,Jaipur,Month-to-month,55,19,80.32,1633.85,1,32,77.01,High Risk,Yes,2021-09-16
CUST-01189,Mumbai,Month-to-month,34,2,80.48,153.6,4,3,95.95,High Risk,Yes,2025-06-03
CUST-01190,Hyderabad,Month-to-month,29,20,59.59,1259.93,3,29,53.52,Medium Risk,No,2022-02-09
CUST-01191,Jaipur,One year,42,13,70.52,983.23,3,21,63.93,Medium Risk,Yes,2024-05-19
CUST-01192,Bengaluru,One year,32,3,52.79,167.33,1,8,76.62,High Risk,Yes,2026-06-26
CUST-01193,Mumbai,One year,23,40,111.09,4670.52,1,60,48.17,Medium Risk,No,2021-06-26
CUST-01194,Pune,Two year,48,22,93.74,1984.61,0,22,69.69,Medium Risk,Yes,2026-01-12
CUST-01195,Jaipur,One year,47,24,91.92,2173.29,2,44,77.31,High Risk,Yes,2022-01-17
CUST-01196,Chennai,Month-to-month,37,40,83.81,3492.04,2,63,40.68,Medium Risk,Yes,2026-03-26
CUST-01197,Kolkata,Month-to-month,22,30,76.76,2162.11,2,32,48.97,Medium Risk,Yes,2026-02-13
CUST-01198,Kolkata,Two year,23,7,43.65,324.54,3,9,55.82,Medium Risk,Yes,2025-05-23
CUST-01199,Hyderabad,Month-to-month,36,34,79.6,2580.93,4,38,48.64,Medium Risk,No,2021-10-14
CUST-01200,Jaipur,Month-to-month,30,6,67.42,408.71,1,11,88.09,High Risk,Yes,2021-10-29
CUST-01201,Hyderabad,One year,32,29,97.38,2645.57,5,56,68.25,Medium Risk,Yes,2026-06-18
CUST-01202,Jaipur,Month-to-month,45,56,84.16,4475.57,3,42,26.74,Low Risk,No,2023-07-29
CUST-01203,Jaipur,Two year,42,29,77.52,2278.83,2,51,24.51,Low Risk,Yes,2024-08-17
CUST-01204,Mumbai,One year,49,15,37.92,581.05,2,13,52.08,Medium Risk,No,2022-04-04
CUST-01205,Bengaluru,Month-to-month,25,55,63.17,3346.36,1,68,8.7,Low Risk,No,2023-08-03
CUST-01206,Hyderabad,Two year,32,22,54.37,1123.24,2,27,39.4,Low Risk,Yes,2023-02-11
CUST-01207,Pune,Month-to-month,43,10,70.47,710.29,1,11,77.89,High Risk,No,2025-07-19
CUST-01208,Mumbai,Month-to-month,39,12,56.91,720.14,2,18,63.16,Medium Risk,Yes,2025-10-10
CUST-01209,Delhi,Month-to-month,50,12,59.51,680.01,2,22,83.2,High Risk,No,2022-03-17
CUST-01210,Kolkata,Month-to-month,39,63,75.28,4888.0,2,68,8.33,Low Risk,No,2021-11-08
CUST-01211,Mumbai,Month-to-month,53,28,56.61,1556.14,1,24,47.09,Medium Risk,Yes,2021-06-15
CUST-01212,Bengaluru,Month-to-month,40,29,67.58,2098.76,1,40,49.0,Medium Risk,Yes,2021-09-19
CUST-01213,Delhi,Month-to-month,46,26,39.97,969.81,3,41,45.63,Medium Risk,No,2026-02-17
CUST-01214,Hyderabad,Month-to-month,32,23,49.8,1061.09,1,41,39.6,Low Risk,No,2022-05-16
CUST-01215,Hyderabad,One year,35,14,80.18,1055.04,2,15,75.2,High Risk,Yes,2025-10-19
CUST-01216,Delhi,One year,44,8,43.85,366.65,1,15,58.4,Medium Risk,No,2023-07-09
CUST-01217,Jaipur,Month-to-month,51,25,96.84,2584.76,1,31,80.35,High Risk,Yes,2023-08-06
CUST-01218,Pune,Month-to-month,42,54,88.78,5041.48,3,54,34.73,Low Risk,Yes,2026-01-05
CUST-01219,Pune,Month-to-month,34,24,59.65,1481.5,4,45,48.52,Medium Risk,Yes,2021-04-21
CUST-01220,Delhi,Month-to-month,49,42,169.69,6622.49,1,44,87.63,High Risk,Yes,2024-01-02
CUST-01221,Kolkata,One year,18,4,96.75,369.28,1,10,86.82,High Risk,No,2021-06-14
CUST-01222,Delhi,One year,21,24,47.97,1231.48,2,38,34.32,Low Risk,Yes,2025-06-22
CUST-01223,Mumbai,Month-to-month,42,13,82.53,1093.97,1,18,86.54,High Risk,Yes,2024-12-12
CUST-01224,Kolkata,Month-to-month,35,9,66.38,594.39,2,16,75.36,High Risk,No,2022-01-18
CUST-01225,Mumbai,Month-to-month,41,47,50.7,2440.97,6,62,17.47,Low Risk,No,2023-11-30
CUST-01226,Pune,One year,36,15,46.16,656.79,1,17,42.78,Medium Risk,Yes,2024-06-25
CUST-01227,Mumbai,Month-to-month,41,28,89.37,2659.66,0,44,72.53,High Risk,Yes,2024-04-06
CUST-01228,Delhi,Two year,27,18,53.68,990.4,1,32,51.24,Medium Risk,Yes,2026-01-03
CUST-01229,Kolkata,One year,41,7,62.92,438.41,3,9,90.57,High Risk,Yes,2025-07-20
CUST-01230,Mumbai,Month-to-month,45,31,48.41,1490.48,1,56,22.41,Low Risk,Yes,2023-09-15
CUST-01231,Chennai,One year,47,15,51.16,806.98,1,19,36.22,Low Risk,Yes,2023-12-10
CUST-01232,Delhi,Two year,55,34,62.41,2056.71,2,44,33.24,Low Risk,No,2025-02-28
CUST-01233,Delhi,One year,37,10,73.6,693.27,1,14,83.17,High Risk,Yes,2023-02-18
CUST-01234,Jaipur,Month-to-month,38,13,28.39,350.51,2,13,39.12,Low Risk,No,2025-10-08
CUST-01235,Pune,Month-to-month,20,28,65.35,1707.17,3,49,39.45,Low Risk,No,2026-01-25
CUST-01236,Mumbai,Two year,30,11,51.19,563.8,3,19,65.09,Medium Risk,No,2026-04-30
CUST-01237,Chennai,One year,33,31,101.81,3245.62,0,52,72.52,High Risk,Yes,2023-08-14
CUST-01238,Bengaluru,One year,46,4,166.68,713.02,2,6,97.0,High Risk,Yes,2025-11-23
CUST-01239,Kolkata,Two year,29,8,57.94,482.12,3,16,73.42,High Risk,Yes,2025-03-24
CUST-01240,Delhi,Two year,43,21,37.46,797.12,3,32,19.75,Low Risk,No,2023-03-07
CUST-01241,Chennai,Two year,35,29,67.48,2070.88,3,41,38.86,Low Risk,Yes,2025-10-14
CUST-01242,Hyderabad,Month-to-month,33,21,60.86,1358.26,0,39,55.43,Medium Risk,No,2022-07-26
CUST-01243,Hyderabad,Month-to-month,37,27,122.15,3410.12,2,35,93.91,High Risk,Yes,2023-02-07
CUST-01244,Chennai,One year,31,15,110.8,1544.01,5,21,90.66,High Risk,Yes,2021-12-11
CUST-01245,Hyderabad,One year,31,3,85.74,248.65,3,5,93.53,High Risk,Yes,2024-07-13
CUST-01246,Pune,One year,18,16,53.87,839.33,0,30,37.16,Low Risk,Yes,2022-07-29
CUST-01247,Jaipur,Month-to-month,33,16,80.74,1394.65,0,15,80.65,High Risk,Yes,2024-04-27
CUST-01248,Jaipur,One year,30,40,70.75,2813.77,3,38,38.1,Low Risk,Yes,2023-10-11
CUST-01249,Kolkata,One year,30,30,70.22,2194.87,1,25,50.59,Medium Risk,No,2024-09-16
CUST-01250,Pune,Month-to-month,39,9,39.48,373.16,1,12,79.61,High Risk,No,2021-06-03
CUST-01251,Hyderabad,Month-to-month,42,3,91.3,280.62,0,5,95.65,High Risk,Yes,2025-08-14
CUST-01252,Bengaluru,Month-to-month,37,18,67.28,1117.7,1,30,69.16,Medium Risk,No,2026-06-06
CUST-01253,Jaipur,Month-to-month,45,13,62.94,755.3,2,15,80.63,High Risk,Yes,2025-08-10
CUST-01254,Jaipur,Month-to-month,41,51,53.64,2875.17,0,78,9.27,Low Risk,No,2024-03-15
CUST-01255,Pune,Month-to-month,32,41,50.42,2146.35,2,41,18.91,Low Risk,No,2024-04-16
CUST-01256,Mumbai,Month-to-month,30,7,71.95,506.56,0,11,82.51,High Risk,Yes,2021-05-27
CUST-01257,Delhi,One year,38,30,37.14,1069.43,2,48,12.94,Low Risk,No,2025-11-02
CUST-01258,Bengaluru,One year,41,27,83.68,2109.96,2,34,52.59,Medium Risk,Yes,2023-01-14
CUST-01259,Jaipur,Two year,49,26,46.39,1141.35,1,23,35.72,Low Risk,No,2021-09-28
CUST-01260,Bengaluru,Month-to-month,47,72,33.64,2453.21,0,128,3.0,Low Risk,No,2021-01-16
CUST-01261,Delhi,Month-to-month,30,19,116.44,2228.58,2,18,97.0,High Risk,Yes,2023-07-05
CUST-01262,Hyderabad,Two year,34,32,49.39,1692.07,2,31,22.34,Low Risk,No,2025-03-16
CUST-01263,Mumbai,Month-to-month,42,35,51.59,1937.76,0,40,18.94,Low Risk,Yes,2021-05-27
CUST-01264,Bengaluru,Two year,46,25,93.45,2364.66,3,23,69.33,Medium Risk,No,2023-08-29
CUST-01265,Jaipur,Two year,44,51,117.66,6328.47,2,47,37.66,Low Risk,No,2022-03-31
CUST-01266,Jaipur,Month-to-month,34,22,39.8,919.34,1,36,51.83,Medium Risk,Yes,2024-11-27
CUST-01267,Mumbai,Two year,22,34,47.87,1693.3,2,33,18.76,Low Risk,No,2024-09-29
CUST-01268,Bengaluru,Month-to-month,25,12,49.01,582.22,3,12,58.58,Medium Risk,No,2025-12-28
CUST-01269,Pune,Month-to-month,38,8,87.67,688.95,2,13,92.76,High Risk,Yes,2026-05-26
CUST-01270,Delhi,One year,38,28,109.83,2959.18,5,34,71.79,High Risk,Yes,2025-09-08
CUST-01271,Hyderabad,Month-to-month,24,19,46.0,935.12,1,17,53.23,Medium Risk,Yes,2023-10-29
CUST-01272,Chennai,Two year,35,20,102.22,2153.79,1,29,76.14,High Risk,Yes,2021-02-19
CUST-01273,Hyderabad,Month-to-month,41,16,51.81,786.13,2,16,60.23,Medium Risk,Yes,2025-09-21
CUST-01274,Jaipur,Month-to-month,23,33,72.38,2293.94,2,39,29.1,Low Risk,No,2025-06-12
CUST-01275,Bengaluru,One year,46,22,43.27,964.33,3,34,42.71,Medium Risk,No,2023-06-23
CUST-01276,Jaipur,One year,31,67,62.51,4130.27,0,117,3.0,Low Risk,No,2021-01-13
CUST-01277,Delhi,Month-to-month,48,22,62.73,1316.89,1,23,55.79,Medium Risk,No,2024-05-10
CUST-01278,Kolkata,Month-to-month,30,26,58.76,1598.93,2,43,47.2,Medium Risk,Yes,2022-10-21
CUST-01279,Delhi,Two year,25,36,73.52,2435.64,0,34,20.92,Low Risk,No,2022-03-10
CUST-01280,Bengaluru,Month-to-month,30,27,47.09,1239.55,3,36,37.02,Low Risk,No,2024-12-01
CUST-01281,Pune,Two year,34,8,48.99,418.84,4,8,62.66,Medium Risk,No,2026-05-31
CUST-01282,Hyderabad,One year,31,17,74.78,1324.3,3,23,61.23,Medium Risk,Yes,2026-03-13
CUST-01283,Bengaluru,One year,33,11,99.87,1081.22,4,15,94.66,High Risk,Yes,2026-03-04
CUST-01284,Jaipur,One year,38,27,64.53,1861.83,3,52,22.39,Low Risk,No,2021-06-07
CUST-01285,Mumbai,Month-to-month,33,24,76.37,1950.42,2,44,72.25,High Risk,Yes,2023-09-17
CUST-01286,Bengaluru,One year,34,34,82.85,2615.25,1,49,40.97,Medium Risk,No,2023-07-14
CUST-01287,Jaipur,Two year,18,37,84.79,2950.47,1,35,45.06,Medium Risk,No,2025-02-17
CUST-01288,Mumbai,Month-to-month,39,11,47.91,517.5,0,17,64.6,Medium Risk,No,2022-07-27
CUST-01289,Jaipur,Two year,34,37,50.69,2004.39,1,58,11.81,Low Risk,No,2025-04-20
CUST-01290,Jaipur,Month-to-month,51,40,52.12,2199.62,1,30,15.77,Low Risk,No,2024-11-17
CUST-01291,Mumbai,Month-to-month,26,10,120.49,1117.72,0,16,96.75,High Risk,Yes,2026-06-15
CUST-01292,Jaipur,Month-to-month,18,26,76.48,1992.4,2,20,55.51,Medium Risk,Yes,2024-10-23
CUST-01293,Bengaluru,Two year,41,45,75.39,3512.11,4,46,15.6,Low Risk,No,2025-12-22
CUST-01294,Pune,Month-to-month,38,17,73.08,1197.82,2,16,73.59,High Risk,Yes,2022-01-12
CUST-01295,Chennai,Two year,25,20,42.59,882.13,3,36,27.84,Low Risk,No,2024-02-04
CUST-01296,Delhi,Two year,20,25,120.86,2958.52,3,25,79.88,High Risk,Yes,2023-04-12
CUST-01297,Delhi,Month-to-month,50,1,75.77,73.03,1,1,94.07,High Risk,Yes,2022-01-06
CUST-01298,Jaipur,Month-to-month,49,22,81.92,1771.26,3,39,78.95,High Risk,Yes,2021-04-20
CUST-01299,Pune,One year,18,23,36.94,910.9,0,31,22.32,Low Risk,No,2023-10-12
CUST-01300,Hyderabad,Month-to-month,30,30,83.42,2664.89,2,48,63.44,Medium Risk,No,2026-01-03
CUST-01301,Jaipur,One year,52,31,58.0,1917.09,1,36,20.09,Low Risk,Yes,2021-10-21
CUST-01302,Kolkata,Month-to-month,30,19,42.57,862.84,3,27,33.01,Low Risk,No,2024-07-11
CUST-01303,Jaipur,Month-to-month,30,54,47.9,2453.45,2,40,4.0,Low Risk,No,2021-11-27
CUST-01304,Bengaluru,One year,32,11,43.36,507.18,1,16,57.44,Medium Risk,No,2022-02-28
CUST-01305,Hyderabad,Month-to-month,24,34,43.13,1398.91,1,46,23.5,Low Risk,No,2021-10-06
CUST-01306,Chennai,Month-to-month,18,3,66.27,209.57,3,4,92.42,High Risk,Yes,2021-08-12
CUST-01307,Hyderabad,Month-to-month,46,21,57.43,1214.12,2,26,68.23,Medium Risk,Yes,2021-06-22
CUST-01308,Chennai,Month-to-month,18,2,72.33,138.64,2,4,93.9,High Risk,Yes,2024-02-27
CUST-01309,Mumbai,Month-to-month,37,22,111.13,2405.16,5,29,93.66,High Risk,Yes,2026-05-23
CUST-01310,Chennai,One year,44,27,62.36,1665.77,2,42,55.65,Medium Risk,No,2023-10-05
CUST-01311,Jaipur,Month-to-month,20,16,31.69,525.96,2,16,45.7,Medium Risk,Yes,2021-09-03
CUST-01312,Chennai,Month-to-month,26,20,60.16,1223.61,0,37,72.6,High Risk,Yes,2022-06-05
CUST-01313,Bengaluru,One year,47,32,95.23,3201.82,2,36,53.56,Medium Risk,No,2021-10-23
CUST-01314,Chennai,Month-to-month,40,1,63.24,62.2,2,3,88.72,High Risk,Yes,2021-06-05
CUST-01315,Bengaluru,Month-to-month,29,14,106.04,1542.42,1,19,92.22,High Risk,Yes,2022-09-01
CUST-01316,Pune,Two year,47,46,75.14,3618.37,0,77,14.75,Low Risk,No,2021-12-18
CUST-01317,Bengaluru,One year,47,8,36.09,268.54,3,16,56.08,Medium Risk,Yes,2025-07-30
CUST-01318,Hyderabad,One year,38,12,67.32,791.77,1,15,74.11,High Risk,Yes,2021-10-20
CUST-01319,Jaipur,One year,26,4,71.48,303.58,0,9,80.68,High Risk,No,2025-10-12
CUST-01320,Jaipur,Month-to-month,31,14,91.84,1327.93,2,13,87.39,High Risk,Yes,2025-01-18
CUST-01321,Delhi,One year,38,19,116.36,2181.99,1,17,86.9,High Risk,Yes,2024-07-21
CUST-01322,Delhi,Month-to-month,33,72,86.91,5940.11,3,119,8.84,Low Risk,No,2024-02-10
CUST-01323,Chennai,Month-to-month,44,26,74.84,1820.25,4,26,72.62,High Risk,Yes,2022-12-17
CUST-01324,Delhi,Month-to-month,20,15,80.7,1158.08,5,17,78.27,High Risk,Yes,2025-01-15
CUST-01325,Kolkata,Month-to-month,20,6,61.6,354.5,1,10,88.87,High Risk,Yes,2021-03-18
CUST-01326,Mumbai,Month-to-month,37,12,40.7,478.29,5,20,73.23,High Risk,Yes,2025-05-30
CUST-01327,Delhi,Two year,30,11,65.87,687.12,1,14,74.03,High Risk,No,2021-03-21
CUST-01328,Hyderabad,Month-to-month,29,3,73.06,206.77,0,4,92.47,High Risk,Yes,2025-04-29
CUST-01329,Pune,Month-to-month,18,8,44.22,373.23,3,8,78.33,High Risk,Yes,2024-01-07
CUST-01330,Bengaluru,Month-to-month,35,15,99.38,1430.96,1,11,87.45,High Risk,Yes,2023-07-01
CUST-01331,Bengaluru,Month-to-month,34,17,89.67,1539.42,1,17,79.59,High Risk,Yes,2022-03-12
CUST-01332,Hyderabad,One year,42,32,41.91,1276.6,2,56,32.44,Low Risk,No,2025-09-13
CUST-01333,Delhi,Month-to-month,36,47,100.63,4723.37,4,41,42.61,Medium Risk,No,2025-10-16
CUST-01334,Kolkata,Month-to-month,34,16,58.89,908.58,0,25,67.99,Medium Risk,No,2025-12-15
CUST-01335,Kolkata,Month-to-month,47,34,50.67,1608.88,0,58,38.07,Low Risk,Yes,2026-05-14
CUST-01336,Pune,One year,22,15,91.81,1483.39,3,22,80.12,High Risk,Yes,2024-04-27
CUST-01337,Delhi,Month-to-month,40,10,63.95,635.18,1,9,79.13,High Risk,Yes,2025-12-22
CUST-01338,Pune,Month-to-month,18,31,119.36,3636.84,3,46,88.48,High Risk,Yes,2021-02-04
CUST-01339,Jaipur,Month-to-month,27,15,49.47,706.33,2,27,64.23,Medium Risk,Yes,2022-08-06
CUST-01340,Jaipur,Month-to-month,23,11,37.35,410.55,2,12,63.43,Medium Risk,Yes,2021-07-31
CUST-01341,Delhi,Month-to-month,43,10,59.42,607.06,2,11,80.25,High Risk,Yes,2021-10-10
CUST-01342,Bengaluru,One year,34,5,83.67,405.27,1,9,85.92,High Risk,Yes,2023-01-03
CUST-01343,Chennai,One year,35,20,48.31,963.17,7,29,49.61,Medium Risk,Yes,2021-05-18
CUST-01344,Hyderabad,Two year,24,13,42.47,528.88,0,14,51.94,Medium Risk,No,2022-08-10
CUST-01345,Hyderabad,Month-to-month,32,35,69.94,2458.75,1,56,35.42,Low Risk,No,2023-07-05
CUST-01346,Mumbai,Month-to-month,27,55,40.69,2340.79,2,82,4.69,Low Risk,No,2025-08-24
CUST-01347,Mumbai,Month-to-month,39,10,71.7,666.55,3,12,83.11,High Risk,No,2025-11-06
CUST-01348,Mumbai,Two year,25,7,58.29,409.19,4,10,86.82,High Risk,No,2022-04-30
CUST-01349,Kolkata,One year,48,48,76.14,3595.87,2,39,17.67,Low Risk,No,2023-01-28
CUST-01350,Jaipur,One year,18,22,41.74,855.7,0,38,25.61,Low Risk,Yes,2024-05-13
CUST-01351,Chennai,Month-to-month,27,21,98.47,2213.62,1,29,88.05,High Risk,Yes,2024-09-21
CUST-01352,Bengaluru,Month-to-month,52,25,61.3,1473.61,0,35,48.42,Medium Risk,Yes,2026-04-15
CUST-01353,Mumbai,Month-to-month,31,39,82.99,3270.07,5,34,61.78,Medium Risk,Yes,2022-03-29
CUST-01354,Hyderabad,One year,22,39,88.37,3376.19,1,58,20.71,Low Risk,No,2022-05-01
CUST-01355,Bengaluru,Two year,37,30,44.88,1297.1,3,37,18.5,Low Risk,No,2023-04-15
CUST-01356,Chennai,Two year,30,8,86.2,692.6,1,13,81.95,High Risk,Yes,2022-11-30
CUST-01357,Kolkata,Month-to-month,27,4,41.2,169.78,3,5,63.72,Medium Risk,No,2026-06-09
CUST-01358,Mumbai,Month-to-month,24,8,41.93,350.76,2,6,64.75,Medium Risk,No,2024-12-31
CUST-01359,Delhi,Two year,63,5,121.86,622.36,2,6,97.0,High Risk,Yes,2022-02-26
CUST-01360,Pune,One year,32,32,92.78,2981.45,3,40,46.45,Medium Risk,No,2024-03-07
CUST-01361,Kolkata,Month-to-month,18,12,126.21,1581.71,3,16,95.7,High Risk,Yes,2021-01-06
CUST-01362,Delhi,Month-to-month,50,29,57.74,1679.14,3,42,48.94,Medium Risk,Yes,2024-05-21
CUST-01363,Pune,Month-to-month,41,20,67.17,1445.33,4,22,73.76,High Risk,Yes,2024-01-24
CUST-01364,Pune,Month-to-month,27,12,76.95,927.35,0,16,80.92,High Risk,Yes,2023-07-19
CUST-01365,Hyderabad,Month-to-month,26,10,64.75,628.57,3,12,75.38,High Risk,Yes,2022-07-15
CUST-01366,Jaipur,One year,42,11,51.19,558.26,3,18,61.42,Medium Risk,No,2025-11-26
CUST-01367,Hyderabad,Month-to-month,33,7,48.8,341.05,1,13,70.39,High Risk,Yes,2025-12-29
CUST-01368,Kolkata,Month-to-month,18,56,69.6,3762.58,3,98,10.38,Low Risk,No,2021-10-12
CUST-01369,Delhi,Month-to-month,53,18,46.2,786.19,0,30,49.05,Medium Risk,No,2022-01-13
CUST-01370,Delhi,Two year,31,20,45.79,905.75,3,15,38.78,Low Risk,No,2022-05-17
CUST-01371,Kolkata,One year,50,19,73.72,1489.66,0,26,50.78,Medium Risk,Yes,2022-03-25
CUST-01372,Delhi,Month-to-month,48,32,63.05,1938.68,0,40,27.81,Low Risk,Yes,2022-02-21
CUST-01373,Chennai,Two year,25,11,87.73,943.69,1,12,85.32,High Risk,Yes,2023-01-12
CUST-01374,Bengaluru,Two year,45,40,56.74,2363.19,2,74,19.28,Low Risk,Yes,2023-02-24
CUST-01375,Delhi,Month-to-month,28,16,53.97,805.81,1,23,58.65,Medium Risk,No,2024-01-27
CUST-01376,Chennai,Month-to-month,18,15,74.43,1174.52,6,23,85.28,High Risk,Yes,2022-07-15
CUST-01377,Mumbai,One year,31,44,50.13,2283.46,3,80,7.84,Low Risk,No,2025-08-07
CUST-01378,Bengaluru,Two year,39,11,52.66,583.87,5,11,77.52,High Risk,Yes,2021-05-15
CUST-01379,Mumbai,Two year,30,26,53.33,1322.13,2,21,29.69,Low Risk,No,2025-10-30
CUST-01380,Pune,Two year,32,19,60.78,1079.56,3,20,50.26,Medium Risk,No,2023-02-20
CUST-01381,Delhi,One year,46,12,114.61,1316.28,4,11,96.43,High Risk,Yes,2025-10-14
CUST-01382,Mumbai,Month-to-month,36,28,41.84,1220.54,1,27,23.86,Low Risk,Yes,2022-01-23
CUST-01383,Kolkata,Month-to-month,27,8,98.39,841.71,4,16,95.79,High Risk,No,2024-09-04
CUST-01384,Delhi,Month-to-month,42,12,82.31,1025.31,0,21,81.62,High Risk,Yes,2024-05-05
CUST-01385,Pune,Month-to-month,37,21,107.32,2263.68,1,31,90.98,High Risk,Yes,2023-09-03
CUST-01386,Mumbai,One year,18,51,177.35,9697.07,0,79,82.51,High Risk,Yes,2021-05-04
CUST-01387,Hyderabad,One year,39,48,102.77,5192.29,3,41,24.32,Low Risk,Yes,2024-09-14
CUST-01388,Jaipur,One year,39,26,87.41,2329.33,2,37,49.97,Medium Risk,Yes,2023-01-17
CUST-01389,Kolkata,Month-to-month,35,16,42.71,632.84,2,15,58.84,Medium Risk,No,2026-02-11
CUST-01390,Bengaluru,One year,44,3,44.47,128.88,2,4,83.87,High Risk,Yes,2021-03-19
CUST-01391,Delhi,Month-to-month,28,35,72.94,2474.56,4,39,55.26,Medium Risk,No,2025-12-12
CUST-01392,Jaipur,Month-to-month,38,38,37.75,1399.44,1,54,12.7,Low Risk,No,2023-06-20
CUST-01393,Delhi,One year,19,26,79.15,2021.48,3,21,45.98,Medium Risk,No,2026-01-08
CUST-01394,Bengaluru,One year,39,16,32.83,562.21,2,16,26.04,Low Risk,No,2024-07-21
CUST-01395,Mumbai,Two year,55,33,93.98,3221.36,0,48,58.89,Medium Risk,Yes,2026-02-07
CUST-01396,Chennai,Month-to-month,25,19,58.64,1148.38,1,29,67.09,Medium Risk,Yes,2021-05-16
CUST-01397,Mumbai,Month-to-month,27,17,67.69,1137.2,0,22,63.64,Medium Risk,No,2025-02-05
CUST-01398,Delhi,Month-to-month,28,5,51.16,249.15,0,8,75.4,High Risk,Yes,2024-09-09
CUST-01399,Pune,Month-to-month,36,32,35.41,1064.15,2,55,20.96,Low Risk,Yes,2022-01-06
CUST-01400,Hyderabad,Two year,24,21,96.49,2011.21,3,18,86.86,High Risk,Yes,2021-06-03
CUST-01401,Delhi,One year,39,48,99.66,4558.15,2,72,29.63,Low Risk,No,2025-05-30
CUST-01402,Delhi,Two year,43,13,58.09,742.0,2,12,55.92,Medium Risk,No,2023-04-18
CUST-01403,Jaipur,Month-to-month,40,10,80.33,759.14,8,17,91.45,High Risk,Yes,2022-02-21
CUST-01404,Hyderabad,Two year,18,38,57.36,2125.27,1,54,10.04,Low Risk,Yes,2023-11-12
CUST-01405,Pune,Month-to-month,45,43,71.29,2841.31,0,70,34.29,Low Risk,Yes,2021-09-13
CUST-01406,Bengaluru,Two year,44,20,82.87,1526.41,2,23,74.82,High Risk,Yes,2023-09-16
CUST-01407,Chennai,Month-to-month,43,34,77.63,2795.64,3,28,51.28,Medium Risk,Yes,2025-05-24
CUST-01408,Chennai,Month-to-month,39,16,99.83,1633.38,1,25,76.63,High Risk,Yes,2025-07-23
CUST-01409,Bengaluru,Month-to-month,37,16,76.74,1245.06,0,22,72.7,High Risk,No,2023-05-04
CUST-01410,Chennai,Two year,45,26,65.59,1709.1,2,46,47.78,Medium Risk,Yes,2021-02-04
CUST-01411,Delhi,Month-to-month,54,16,50.94,844.61,1,28,67.76,Medium Risk,Yes,2024-04-22
CUST-01412,Jaipur,Month-to-month,25,23,55.77,1331.18,2,31,54.22,Medium Risk,Yes,2024-05-31
CUST-01413,Delhi,Two year,46,21,84.23,1892.01,1,42,57.38,Medium Risk,Yes,2024-02-24
CUST-01414,Jaipur,Month-to-month,34,8,40.2,308.45,1,11,68.67,Medium Risk,Yes,2026-02-02
CUST-01415,Bengaluru,Month-to-month,34,23,92.6,2226.99,2,36,75.05,High Risk,No,2025-07-25
CUST-01416,Kolkata,Month-to-month,20,8,59.41,512.63,3,13,81.72,High Risk,Yes,2024-05-07
CUST-01417,Jaipur,Month-to-month,32,32,50.02,1480.02,1,43,22.52,Low Risk,No,2021-05-09
CUST-01418,Jaipur,Two year,25,38,45.73,1702.7,2,51,15.05,Low Risk,No,2023-03-21
CUST-01419,Bengaluru,One year,30,18,80.66,1437.02,2,28,72.87,High Risk,Yes,2025-05-13
CUST-01420,Kolkata,Month-to-month,24,51,64.7,3469.61,4,69,13.76,Low Risk,No,2026-02-23
CUST-01421,Mumbai,Two year,31,42,108.07,4185.81,1,50,55.93,Medium Risk,Yes,2023-10-09
CUST-01422,Bengaluru,Month-to-month,31,23,43.39,1013.72,1,35,35.78,Low Risk,No,2024-06-06
CUST-01423,Jaipur,Month-to-month,36,16,54.02,918.61,2,15,54.0,Medium Risk,No,2021-08-10
CUST-01424,Delhi,Month-to-month,19,36,63.11,2143.87,0,31,33.94,Low Risk,No,2023-01-06
CUST-01425,Kolkata,Month-to-month,21,51,51.1,2445.8,1,44,7.42,Low Risk,No,2023-05-14
CUST-01426,Kolkata,Month-to-month,39,25,65.13,1758.45,1,31,53.02,Medium Risk,No,2025-06-09
CUST-01427,Jaipur,Two year,27,57,72.0,4318.04,0,99,3.96,Low Risk,No,2025-11-11
CUST-01428,Kolkata,One year,46,14,75.9,1096.16,4,20,82.77,High Risk,Yes,2025-01-11
CUST-01429,Pune,Month-to-month,37,30,105.25,3106.47,1,57,82.27,High Risk,Yes,2022-04-09
CUST-01430,Chennai,One year,41,20,42.83,905.11,5,17,37.17,Low Risk,Yes,2024-07-07
CUST-01431,Bengaluru,One year,49,10,72.42,773.19,2,19,83.43,High Risk,Yes,2025-03-11
CUST-01432,Bengaluru,Two year,32,15,52.85,822.23,2,18,55.62,Medium Risk,Yes,2023-11-07
CUST-01433,Bengaluru,Two year,29,38,74.59,2788.21,2,28,20.76,Low Risk,No,2022-08-12
CUST-01434,Pune,Month-to-month,44,18,74.62,1361.11,4,29,82.15,High Risk,Yes,2021-12-21
CUST-01435,Jaipur,One year,40,13,47.4,576.62,0,12,44.34,Medium Risk,Yes,2023-07-25
CUST-01436,Jaipur,One year,33,44,48.72,2026.38,0,45,9.94,Low Risk,No,2024-12-12
CUST-01437,Mumbai,One year,49,37,76.56,2961.0,4,44,32.53,Low Risk,No,2022-03-16
CUST-01438,Hyderabad,Month-to-month,33,15,65.49,908.37,1,28,82.89,High Risk,Yes,2022-06-07
CUST-01439,Delhi,Month-to-month,35,58,60.59,3260.74,4,84,8.52,Low Risk,Yes,2023-09-23
CUST-01440,Pune,Month-to-month,35,19,80.23,1526.33,2,22,67.35,Medium Risk,Yes,2023-09-12
CUST-01441,Kolkata,Month-to-month,26,25,82.15,1945.49,2,23,51.35,Medium Risk,Yes,2024-08-12
CUST-01442,Jaipur,Month-to-month,36,21,54.87,1114.24,0,18,49.88,Medium Risk,No,2022-10-15
CUST-01443,Pune,One year,49,11,49.49,535.58,2,13,72.79,High Risk,No,2022-10-26
CUST-01444,Mumbai,Month-to-month,39,18,43.4,783.98,2,34,64.32,Medium Risk,Yes,2024-01-29
CUST-01445,Chennai,One year,35,19,65.7,1205.07,2,36,58.64,Medium Risk,Yes,2024-08-06
CUST-01446,Delhi,Month-to-month,33,4,41.22,164.45,3,11,73.68,High Risk,Yes,2024-03-05
CUST-01447,Hyderabad,Two year,38,24,67.1,1577.08,3,42,47.54,Medium Risk,No,2024-06-24
CUST-01448,Chennai,Month-to-month,42,34,95.94,3043.29,3,58,71.1,High Risk,Yes,2021-07-29
CUST-01449,Kolkata,Month-to-month,41,9,58.05,553.14,4,17,88.59,High Risk,Yes,2023-06-22
CUST-01450,Pune,One year,32,31,54.75,1637.88,2,56,28.19,Low Risk,No,2021-11-14
CUST-01451,Bengaluru,Two year,38,39,123.19,4888.49,3,68,76.12,High Risk,No,2023-10-06
CUST-01452,Pune,Two year,40,1,105.37,106.55,2,4,97.0,High Risk,Yes,2025-05-01
CUST-01453,Chennai,Month-to-month,25,18,50.89,871.93,1,23,62.79,Medium Risk,Yes,2024-05-22
CUST-01454,Bengaluru,Month-to-month,37,58,67.96,3645.24,4,78,4.97,Low Risk,No,2024-05-07
CUST-01455,Jaipur,Two year,18,24,72.21,1832.01,4,37,45.99,Medium Risk,Yes,2021-05-07
CUST-01456,Kolkata,Month-to-month,40,4,69.38,277.42,5,8,89.88,High Risk,Yes,2024-11-06
CUST-01457,Pune,One year,42,7,116.17,802.06,3,14,94.53,High Risk,Yes,2021-01-13
CUST-01458,Pune,Month-to-month,42,24,66.84,1671.64,4,37,67.38,Medium Risk,No,2022-01-21
CUST-01459,Delhi,Month-to-month,31,30,70.13,1946.75,1,26,35.5,Low Risk,Yes,2023-01-18
CUST-01460,Pune,Month-to-month,38,21,81.03,1773.84,2,24,71.1,High Risk,Yes,2025-11-29
CUST-01461,Mumbai,Month-to-month,49,23,95.12,2155.88,3,42,85.17,High Risk,Yes,2023-11-19
CUST-01462,Pune,One year,49,21,87.72,1857.34,1,32,58.85,Medium Risk,No,2023-05-09
CUST-01463,Jaipur,Two year,35,12,77.21,963.94,1,14,73.33,High Risk,Yes,2022-05-03
CUST-01464,Pune,Month-to-month,36,21,39.47,835.08,2,36,48.9,Medium Risk,No,2024-09-23
CUST-01465,Kolkata,One year,46,6,55.6,310.21,2,8,66.27,Medium Risk,No,2026-06-01
CUST-01466,Jaipur,Month-to-month,20,16,84.49,1401.29,3,18,88.23,High Risk,Yes,2025-03-18
CUST-01467,Kolkata,Month-to-month,32,28,70.42,2062.1,2,28,48.15,Medium Risk,No,2026-06-02
CUST-01468,Mumbai,Month-to-month,48,10,84.67,841.54,3,18,93.01,High Risk,Yes,2023-08-07
CUST-01469,Chennai,Two year,45,17,118.9,2001.59,1,28,87.64,High Risk,Yes,2022-12-09
CUST-01470,Hyderabad,One year,39,22,44.6,942.25,1,30,34.79,Low Risk,No,2021-11-13
CUST-01471,Bengaluru,One year,20,56,93.55,5359.64,0,99,9.36,Low Risk,No,2026-05-23
CUST-01472,Hyderabad,Two year,35,37,58.48,2296.01,2,67,21.17,Low Risk,Yes,2022-11-17
CUST-01473,Chennai,One year,29,6,87.68,539.21,5,12,90.35,High Risk,Yes,2024-09-13
CUST-01474,Mumbai,Two year,38,64,64.15,4283.83,0,109,3.0,Low Risk,No,2022-09-04
CUST-01475,Mumbai,One year,27,45,128.38,6089.02,1,69,62.0,Medium Risk,Yes,2022-07-25
CUST-01476,Pune,Two year,25,23,67.76,1490.19,1,36,46.89,Medium Risk,Yes,2021-10-31
CUST-01477,Chennai,Month-to-month,18,33,52.95,1719.98,1,40,22.51,Low Risk,No,2026-04-13
CUST-01478,Hyderabad,Month-to-month,47,11,74.35,809.47,2,13,86.25,High Risk,Yes,2022-02-06
CUST-01479,Hyderabad,Month-to-month,31,19,72.1,1382.81,3,15,66.23,Medium Risk,Yes,2024-08-22
CUST-01480,Mumbai,Month-to-month,37,11,93.56,954.93,2,18,93.06,High Risk,Yes,2026-02-21
CUST-01481,Chennai,One year,35,29,75.02,2206.35,0,28,44.99,Medium Risk,Yes,2023-01-19
CUST-01482,Jaipur,Month-to-month,24,72,143.51,9652.45,2,87,41.17,Medium Risk,No,2024-05-11
CUST-01483,Bengaluru,One year,22,15,62.72,986.95,1,18,68.29,Medium Risk,No,2024-03-24
CUST-01484,Jaipur,Month-to-month,25,18,62.96,1217.24,2,25,59.21,Medium Risk,Yes,2022-02-20
CUST-01485,Mumbai,Month-to-month,28,20,53.58,1035.55,3,22,60.52,Medium Risk,No,2024-09-07
CUST-01486,Mumbai,Month-to-month,39,16,66.81,1070.09,2,26,75.2,High Risk,Yes,2022-08-01
CUST-01487,Mumbai,Two year,27,28,69.99,2061.06,2,53,51.35,Medium Risk,Yes,2021-08-10
CUST-01488,Hyderabad,Month-to-month,52,39,71.12,2691.43,1,72,29.67,Low Risk,Yes,2025-12-19
CUST-01489,Mumbai,Month-to-month,45,13,66.41,816.06,0,21,82.56,High Risk,Yes,2024-09-27
CUST-01490,Mumbai,One year,43,20,53.48,1110.51,1,39,34.91,Low Risk,No,2021-06-01
CUST-01491,Delhi,One year,34,31,49.02,1567.85,1,39,18.67,Low Risk,No,2026-02-26
CUST-01492,Mumbai,Month-to-month,50,10,57.65,582.95,0,17,71.14,High Risk,No,2022-12-16
CUST-01493,Delhi,Month-to-month,33,8,93.66,802.56,5,8,91.29,High Risk,Yes,2026-04-17
CUST-01494,Jaipur,Month-to-month,35,13,100.34,1399.41,3,23,91.37,High Risk,Yes,2026-03-29
CUST-01495,Pune,Two year,37,32,63.42,2146.84,3,31,29.85,Low Risk,No,2023-01-01
CUST-01496,Pune,Month-to-month,42,10,48.09,464.97,0,16,78.88,High Risk,No,2021-05-23
CUST-01497,Pune,Month-to-month,41,14,63.33,847.66,1,24,67.29,Medium Risk,No,2023-10-05
CUST-01498,Bengaluru,Month-to-month,30,20,126.94,2675.18,4,27,94.77,High Risk,Yes,2022-01-03
CUST-01499,Mumbai,Month-to-month,30,22,89.48,2016.23,0,20,65.92,Medium Risk,No,2022-03-09
CUST-01500,Chennai,One year,41,18,77.53,1372.35,3,29,79.8,High Risk,Yes,2022-10-19
CUST-01501,Bengaluru,Month-to-month,42,20,88.45,1743.46,2,32,81.18,High Risk,No,2024-08-11
CUST-01502,Bengaluru,Month-to-month,31,6,106.42,674.62,2,7,96.19,High Risk,Yes,2022-12-14
CUST-01503,Jaipur,Month-to-month,19,13,44.95,552.86,2,21,57.86,Medium Risk,Yes,2024-01-16
CUST-01504,Mumbai,Month-to-month,33,33,57.34,2026.64,4,56,23.9,Low Risk,No,2021-01-04
CUST-01505,Mumbai,Month-to-month,41,12,54.88,672.6,1,25,61.03,Medium Risk,Yes,2022-03-17
CUST-01506,Mumbai,One year,53,23,78.43,1887.98,2,26,55.75,Medium Risk,Yes,2025-03-31
CUST-01507,Bengaluru,One year,23,21,68.42,1407.13,0,19,53.07,Medium Risk,Yes,2024-04-09
CUST-01508,Bengaluru,Two year,31,31,82.8,2602.49,4,36,30.39,Low Risk,No,2023-06-11
CUST-01509,Pune,Two year,31,34,55.27,1954.34,2,51,23.37,Low Risk,No,2026-05-05
CUST-01510,Hyderabad,One year,49,40,100.83,3991.34,4,68,56.2,Medium Risk,Yes,2024-07-09
CUST-01511,Chennai,Month-to-month,35,48,63.57,3045.47,3,85,9.69,Low Risk,No,2023-09-13
CUST-01512,Hyderabad,One year,26,10,81.18,822.46,4,18,83.44,High Risk,No,2026-06-02
CUST-01513,Kolkata,Two year,41,3,95.29,265.9,0,8,95.08,High Risk,Yes,2026-01-31
CUST-01514,Jaipur,One year,31,15,92.87,1474.0,4,22,80.09,High Risk,Yes,2024-09-27
CUST-01515,Delhi,Month-to-month,23,9,72.96,695.16,3,9,84.93,High Risk,Yes,2023-11-20
CUST-01516,Jaipur,Month-to-month,26,11,84.49,896.89,1,15,95.19,High Risk,Yes,2023-04-06
CUST-01517,Pune,Two year,52,28,113.49,3370.84,1,48,80.52,High Risk,Yes,2021-03-27
CUST-01518,Chennai,One year,39,39,76.61,3105.0,5,57,32.3,Low Risk,No,2025-10-27
CUST-01519,Delhi,Two year,36,23,51.46,1180.4,1,28,30.42,Low Risk,No,2025-05-11
CUST-01520,Kolkata,Month-to-month,33,12,78.33,917.06,0,13,85.55,High Risk,Yes,2022-12-10
CUST-01521,Jaipur,Month-to-month,38,24,64.23,1516.7,2,24,65.25,Medium Risk,No,2022-02-24
CUST-01522,Kolkata,Month-to-month,38,32,30.66,986.52,3,43,10.26,Low Risk,No,2021-10-29
CUST-01523,Mumbai,One year,38,6,75.36,445.83,2,13,72.15,High Risk,No,2023-08-28
CUST-01524,Jaipur,Month-to-month,36,16,67.47,1065.74,3,15,71.09,High Risk,Yes,2024-11-09
CUST-01525,Bengaluru,Month-to-month,44,17,94.11,1523.88,2,19,88.55,High Risk,No,2024-06-22
CUST-01526,Delhi,Two year,35,18,51.13,950.94,2,29,46.9,Medium Risk,No,2024-11-20
CUST-01527,Delhi,Month-to-month,25,10,40.15,408.54,3,12,51.68,Medium Risk,Yes,2026-03-20
CUST-01528,Mumbai,Two year,29,24,68.6,1775.98,2,25,46.15,Medium Risk,No,2025-05-22
CUST-01529,Chennai,Month-to-month,18,26,73.41,1799.1,3,24,60.94,Medium Risk,No,2021-05-05
CUST-01530,Bengaluru,Two year,55,10,66.98,628.41,3,12,74.47,High Risk,Yes,2021-01-10
CUST-01531,Mumbai,One year,44,44,65.43,2886.26,0,63,10.51,Low Risk,No,2025-03-17
CUST-01532,Pune,Two year,27,8,46.17,348.79,3,14,56.99,Medium Risk,Yes,2024-07-22
CUST-01533,Hyderabad,Two year,32,12,62.17,759.24,0,17,66.38,Medium Risk,Yes,2026-02-17
CUST-01534,Delhi,Month-to-month,29,7,58.14,387.19,2,13,81.96,High Risk,Yes,2023-01-19
CUST-01535,Mumbai,Month-to-month,50,6,91.62,548.22,4,8,94.2,High Risk,Yes,2024-10-27
CUST-01536,Jaipur,Month-to-month,21,21,73.39,1568.64,1,31,74.09,High Risk,No,2025-06-19
CUST-01537,Delhi,One year,36,12,59.47,708.85,3,21,56.82,Medium Risk,No,2021-07-02
CUST-01538,Pune,Two year,34,34,112.85,3726.39,0,36,47.28,Medium Risk,Yes,2022-11-20
CUST-01539,Delhi,Month-to-month,43,10,59.64,623.34,2,16,79.43,High Risk,No,2024-04-21
CUST-01540,Bengaluru,One year,34,12,77.7,985.31,3,14,78.84,High Risk,Yes,2024-05-22
CUST-01541,Hyderabad,Month-to-month,18,31,61.62,1842.38,3,42,41.4,Medium Risk,Yes,2026-02-03
CUST-01542,Jaipur,One year,32,9,109.55,1035.39,4,14,92.17,High Risk,Yes,2023-03-20
CUST-01543,Bengaluru,Two year,25,14,66.83,919.4,2,23,72.74,High Risk,No,2024-04-21
CUST-01544,Delhi,Month-to-month,36,44,67.47,2962.8,1,78,33.5,Low Risk,No,2023-08-28
CUST-01545,Kolkata,Month-to-month,49,2,62.15,118.97,6,5,93.51,High Risk,Yes,2022-04-03
CUST-01546,Bengaluru,Month-to-month,18,1,69.22,70.61,2,5,91.9,High Risk,Yes,2022-12-20
CUST-01547,Chennai,One year,27,6,95.42,535.96,2,12,83.45,High Risk,Yes,2025-05-24
CUST-01548,Bengaluru,Month-to-month,29,49,85.2,4236.01,2,37,23.16,Low Risk,Yes,2026-03-21
CUST-01549,Jaipur,Month-to-month,31,26,65.59,1838.96,2,30,48.77,Medium Risk,Yes,2022-11-14
CUST-01550,Pune,Month-to-month,42,24,112.03,2797.76,1,22,84.89,High Risk,Yes,2025-02-25
CUST-01551,Kolkata,Month-to-month,33,6,85.95,548.3,4,9,93.12,High Risk,Yes,2022-04-10
CUST-01552,Pune,Month-to-month,39,21,56.5,1179.7,1,26,51.51,Medium Risk,No,2024-01-11
CUST-01553,Chennai,One year,29,10,41.79,393.97,4,19,45.43,Medium Risk,Yes,2021-11-09
CUST-01554,Chennai,Month-to-month,37,35,56.92,1924.77,7,48,38.62,Low Risk,No,2026-01-14
CUST-01555,Delhi,One year,43,36,74.19,2478.12,3,55,26.29,Low Risk,No,2023-03-29
CUST-01556,Delhi,One year,28,13,78.69,1023.27,3,16,83.01,High Risk,Yes,2023-08-23
CUST-01557,Pune,Month-to-month,43,27,100.41,2775.99,1,40,81.65,High Risk,Yes,2026-04-12
CUST-01558,Mumbai,Month-to-month,36,25,45.79,1130.92,3,43,46.05,Medium Risk,Yes,2022-11-27
CUST-01559,Chennai,One year,45,18,56.48,1026.92,4,22,66.66,Medium Risk,Yes,2022-09-14
CUST-01560,Kolkata,Two year,33,10,44.59,433.11,3,21,51.87,Medium Risk,Yes,2023-09-14
CUST-01561,Mumbai,Month-to-month,39,14,42.35,553.61,1,16,60.75,Medium Risk,Yes,2024-05-25
CUST-01562,Delhi,Month-to-month,35,34,53.17,1788.11,2,61,37.83,Low Risk,No,2021-04-26
CUST-01563,Hyderabad,Month-to-month,34,44,73.09,3240.55,3,35,22.59,Low Risk,Yes,2024-12-04
CUST-01564,Delhi,One year,38,15,83.2,1344.37,2,23,63.45,Medium Risk,No,2025-07-03
CUST-01565,Chennai,Month-to-month,40,47,47.99,2200.41,2,84,8.6,Low Risk,No,2024-07-26
CUST-01566,Mumbai,Month-to-month,23,26,50.17,1341.52,1,36,45.35,Medium Risk,No,2025-04-26
CUST-01567,Pune,One year,49,18,36.78,696.21,1,27,27.09,Low Risk,No,2021-03-28
CUST-01568,Jaipur,One year,18,17,69.61,1152.2,0,25,51.69,Medium Risk,No,2024-01-22
CUST-01569,Pune,Month-to-month,28,11,51.42,604.53,1,14,63.14,Medium Risk,Yes,2024-06-02
CUST-01570,Bengaluru,Month-to-month,34,28,110.67,3018.85,1,25,81.9,High Risk,Yes,2024-08-31
CUST-01571,Bengaluru,One year,39,52,74.11,4143.4,4,54,9.02,Low Risk,No,2021-09-12
CUST-01572,Delhi,Month-to-month,51,18,61.53,1019.32,0,17,54.07,Medium Risk,Yes,2023-10-11
CUST-01573,Hyderabad,Month-to-month,18,9,52.94,486.69,0,17,66.56,Medium Risk,No,2024-07-21
CUST-01574,Chennai,Two year,30,31,40.29,1306.93,0,55,12.07,Low Risk,No,2021-11-23
CUST-01575,Delhi,Month-to-month,18,15,41.96,607.25,0,17,58.65,Medium Risk,Yes,2021-08-12
CUST-01576,Jaipur,One year,35,11,53.27,550.07,2,19,63.12,Medium Risk,No,2023-09-28
CUST-01577,Jaipur,Two year,38,6,51.97,288.09,3,8,64.5,Medium Risk,No,2025-10-01
CUST-01578,Pune,Month-to-month,51,28,47.21,1231.87,5,27,40.21,Medium Risk,Yes,2026-03-31
CUST-01579,Pune,Month-to-month,36,40,73.34,2953.8,0,64,35.35,Low Risk,No,2021-05-16
CUST-01580,Bengaluru,One year,45,8,76.63,646.31,0,11,79.15,High Risk,Yes,2025-07-08
CUST-01581,Delhi,Two year,41,16,56.13,835.31,1,16,43.84,Medium Risk,Yes,2025-01-05
CUST-01582,Mumbai,Two year,31,17,120.74,1925.54,0,29,90.22,High Risk,Yes,2023-09-08
CUST-01583,Pune,One year,21,11,37.17,376.49,1,24,35.86,Low Risk,No,2021-12-28
CUST-01584,Bengaluru,Month-to-month,38,46,66.22,2940.01,2,63,22.78,Low Risk,Yes,2024-07-20
CUST-01585,Kolkata,One year,20,6,60.61,388.17,0,8,72.78,High Risk,Yes,2026-01-17
CUST-01586,Jaipur,Month-to-month,48,26,54.5,1366.28,4,30,43.83,Medium Risk,No,2024-12-11
CUST-01587,Hyderabad,Month-to-month,33,29,51.99,1493.43,2,45,53.0,Medium Risk,Yes,2025-12-27
CUST-01588,Mumbai,Month-to-month,47,11,64.86,676.81,1,17,80.69,High Risk,Yes,2022-08-01
CUST-01589,Mumbai,Month-to-month,30,9,60.47,510.82,1,18,59.19,Medium Risk,Yes,2024-04-26
CUST-01590,Hyderabad,One year,38,13,57.34,707.54,4,23,70.4,High Risk,No,2025-09-06
CUST-01591,Hyderabad,Month-to-month,37,4,42.9,163.65,5,11,66.06,Medium Risk,Yes,2023-09-23
CUST-01592,Kolkata,Month-to-month,35,53,38.73,1931.27,1,77,6.13,Low Risk,No,2024-07-25
CUST-01593,Jaipur,Month-to-month,31,13,59.27,806.45,2,17,74.77,High Risk,Yes,2023-11-22
CUST-01594,Jaipur,Two year,39,15,57.15,854.13,1,23,54.88,Medium Risk,Yes,2023-10-06
CUST-01595,Hyderabad,One year,26,59,61.03,3623.68,2,87,3.39,Low Risk,No,2022-02-13
CUST-01596,Bengaluru,Month-to-month,23,5,62.78,307.6,1,7,86.62,High Risk,Yes,2023-01-23
CUST-01597,Delhi,Month-to-month,47,18,54.99,944.01,1,27,58.11,Medium Risk,No,2021-05-16
CUST-01598,Jaipur,Month-to-month,42,32,60.73,1817.09,2,33,39.82,Low Risk,Yes,2023-12-23
CUST-01599,Jaipur,Two year,36,53,49.46,2443.51,2,94,4.19,Low Risk,No,2025-04-14
CUST-01600,Chennai,One year,52,5,105.85,502.59,1,6,86.89,High Risk,Yes,2021-07-28
CUST-01601,Delhi,Month-to-month,32,58,50.32,3082.08,2,96,5.5,Low Risk,No,2021-02-09
CUST-01602,Mumbai,One year,48,16,57.72,881.64,4,22,69.53,Medium Risk,Yes,2025-09-05
CUST-01603,Delhi,Month-to-month,37,16,51.56,805.8,3,27,69.58,Medium Risk,Yes,2022-05-29
CUST-01604,Mumbai,One year,25,8,51.29,415.1,0,11,62.28,Medium Risk,Yes,2025-11-27
CUST-01605,Jaipur,Month-to-month,53,20,65.51,1312.59,2,34,80.91,High Risk,Yes,2026-01-15
CUST-01606,Bengaluru,Month-to-month,45,58,62.91,3745.59,0,56,6.22,Low Risk,No,2023-09-26
CUST-01607,Jaipur,Month-to-month,34,20,56.11,1067.31,2,27,58.83,Medium Risk,Yes,2024-06-17
CUST-01608,Chennai,Month-to-month,42,10,59.36,595.88,0,10,72.0,High Risk,Yes,2023-01-23
CUST-01609,Delhi,Two year,31,12,51.63,646.1,2,16,40.5,Medium Risk,Yes,2022-06-27
CUST-01610,Bengaluru,Month-to-month,43,12,73.92,871.07,4,19,89.37,High Risk,Yes,2022-08-03
CUST-01611,Chennai,Two year,18,49,125.47,6612.23,3,76,41.25,Medium Risk,No,2024-06-11
CUST-01612,Pune,One year,25,55,49.13,2735.85,3,43,3.0,Low Risk,No,2021-12-12
CUST-01613,Bengaluru,Month-to-month,45,6,73.73,454.75,1,8,89.45,High Risk,Yes,2024-11-17
CUST-01614,Mumbai,Month-to-month,33,8,65.94,524.07,2,13,84.24,High Risk,Yes,2023-09-18
CUST-01615,Mumbai,Month-to-month,37,9,80.51,766.08,3,15,90.13,High Risk,Yes,2023-10-31
CUST-01616,Pune,One year,22,13,81.24,1047.92,5,12,82.76,High Risk,No,2021-02-20
CUST-01617,Kolkata,Month-to-month,53,62,69.42,4608.61,0,69,3.59,Low Risk,No,2025-09-30
CUST-01618,Pune,Month-to-month,47,57,64.18,3545.58,1,78,11.03,Low Risk,No,2024-04-10
CUST-01619,Bengaluru,Month-to-month,33,19,56.56,1137.54,1,21,62.31,Medium Risk,Yes,2023-11-16
CUST-01620,Hyderabad,One year,31,14,50.89,728.35,2,24,63.57,Medium Risk,Yes,2024-05-11
CUST-01621,Bengaluru,Month-to-month,45,3,63.02,198.11,2,8,87.4,High Risk,Yes,2024-09-20
CUST-01622,Jaipur,Month-to-month,55,22,43.09,877.86,2,23,51.69,Medium Risk,No,2025-07-15
CUST-01623,Bengaluru,Month-to-month,45,21,53.75,1088.53,4,30,45.7,Medium Risk,No,2025-01-31
CUST-01624,Kolkata,Month-to-month,57,7,92.63,684.42,0,12,92.16,High Risk,Yes,2023-09-01
CUST-01625,Delhi,One year,26,25,67.08,1628.26,1,30,29.41,Low Risk,No,2023-01-18
CUST-01626,Hyderabad,Month-to-month,27,35,86.49,3130.15,0,37,50.36,Medium Risk,No,2023-10-17
CUST-01627,Delhi,One year,23,7,104.03,785.56,1,10,88.45,High Risk,Yes,2023-10-08
CUST-01628,Bengaluru,One year,39,13,61.42,757.22,4,11,66.75,Medium Risk,No,2023-07-06
CUST-01629,Jaipur,One year,37,34,69.46,2330.48,1,55,27.8,Low Risk,Yes,2022-09-12
CUST-01630,Bengaluru,One year,33,11,59.02,614.43,0,19,57.82,Medium Risk,No,2025-06-15
CUST-01631,Hyderabad,Month-to-month,43,13,50.12,615.52,5,25,65.81,Medium Risk,Yes,2021-01-30
CUST-01632,Mumbai,Month-to-month,47,14,47.92,685.16,3,16,79.97,High Risk,Yes,2022-12-12
CUST-01633,Pune,One year,20,26,85.13,2104.08,2,36,56.87,Medium Risk,No,2021-08-17
CUST-01634,Hyderabad,Month-to-month,29,38,69.49,2633.29,2,62,47.03,Medium Risk,No,2025-08-06
CUST-01635,Kolkata,One year,43,51,117.37,6443.61,3,48,31.78,Low Risk,Yes,2022-08-15
CUST-01636,Delhi,Month-to-month,30,37,88.72,3195.0,2,28,48.38,Medium Risk,No,2024-02-21
CUST-01637,Mumbai,Two year,27,19,51.44,1035.79,5,22,50.49,Medium Risk,Yes,2021-08-23
CUST-01638,Delhi,One year,45,29,85.05,2425.55,3,51,70.31,High Risk,Yes,2025-01-06
CUST-01639,Kolkata,Month-to-month,22,7,58.95,396.99,3,11,89.52,High Risk,Yes,2024-01-13
CUST-01640,Kolkata,Month-to-month,32,67,95.95,6260.22,2,86,8.89,Low Risk,No,2022-09-17
CUST-01641,Bengaluru,One year,38,11,55.63,575.48,3,20,60.76,Medium Risk,No,2023-05-20
CUST-01642,Chennai,One year,29,28,46.41,1336.69,1,37,20.54,Low Risk,No,2021-12-06
CUST-01643,Bengaluru,Month-to-month,43,21,50.39,1059.72,1,16,61.74,Medium Risk,No,2026-06-29
CUST-01644,Pune,Two year,29,6,51.22,312.92,3,10,71.69,High Risk,Yes,2023-04-18
CUST-01645,Jaipur,Month-to-month,49,11,49.68,529.26,2,19,75.67,High Risk,Yes,2023-05-26
CUST-01646,Hyderabad,Month-to-month,34,40,54.12,2217.96,1,58,25.59,Low Risk,No,2025-03-04
CUST-01647,Jaipur,Two year,42,18,85.5,1456.41,1,28,79.97,High Risk,Yes,2022-09-08
CUST-01648,Chennai,Two year,42,9,115.48,1064.67,1,13,96.21,High Risk,Yes,2022-10-22
CUST-01649,Hyderabad,One year,29,16,42.47,633.98,2,30,46.88,Medium Risk,Yes,2024-05-05
CUST-01650,Hyderabad,Two year,18,9,97.39,862.52,2,11,93.11,High Risk,Yes,2026-01-19
CUST-01651,Jaipur,Month-to-month,39,13,55.79,738.01,1,20,61.54,Medium Risk,Yes,2024-05-11
CUST-01652,Mumbai,Two year,36,5,72.65,383.9,3,10,93.33,High Risk,Yes,2024-02-28
CUST-01653,Delhi,Month-to-month,41,19,38.29,763.88,3,35,59.46,Medium Risk,No,2025-08-21
CUST-01654,Mumbai,Month-to-month,33,21,76.87,1621.23,2,31,72.86,High Risk,Yes,2022-10-10
CUST-01655,Jaipur,Month-to-month,31,13,34.22,472.15,2,14,63.72,Medium Risk,No,2023-03-19
CUST-01656,Kolkata,Month-to-month,55,40,71.87,2877.52,2,45,34.12,Low Risk,No,2026-03-29
CUST-01657,Bengaluru,Month-to-month,20,14,70.58,990.83,2,10,81.17,High Risk,Yes,2025-07-30
CUST-01658,Mumbai,Month-to-month,42,18,69.1,1287.69,3,20,80.48,High Risk,Yes,2025-08-08
CUST-01659,Mumbai,Month-to-month,29,12,51.38,653.83,5,16,81.35,High Risk,Yes,2025-11-02
CUST-01660,Mumbai,Month-to-month,32,15,77.5,1181.61,2,28,80.18,High Risk,Yes,2024-01-28
CUST-01661,Pune,One year,32,30,73.67,2367.17,2,41,48.58,Medium Risk,Yes,2023-11-20
CUST-01662,Bengaluru,Month-to-month,27,7,60.78,407.26,1,8,78.98,High Risk,No,2022-01-20
CUST-01663,Kolkata,Month-to-month,41,25,80.59,2151.53,0,27,72.48,High Risk,Yes,2021-07-16
CUST-01664,Bengaluru,One year,49,11,63.04,662.56,2,17,72.81,High Risk,Yes,2021-03-05
CUST-01665,Kolkata,Two year,40,7,76.98,541.14,0,13,70.72,High Risk,Yes,2025-01-27
CUST-01666,Chennai,One year,36,15,62.43,980.81,3,25,58.81,Medium Risk,No,2021-02-05
CUST-01667,Delhi,Month-to-month,25,48,69.67,3505.53,3,86,24.17,Low Risk,Yes,2022-08-14
CUST-01668,Kolkata,One year,40,28,78.12,2109.72,2,51,47.9,Medium Risk,No,2022-11-20
CUST-01669,Jaipur,Month-to-month,57,15,57.23,925.19,0,21,78.33,High Risk,Yes,2021-03-22
CUST-01670,Chennai,Month-to-month,31,10,43.8,408.61,3,16,60.56,Medium Risk,Yes,2025-10-07
CUST-01671,Mumbai,Month-to-month,31,56,71.0,3680.05,3,56,14.57,Low Risk,No,2022-06-20
CUST-01672,Chennai,One year,29,23,95.11,2307.07,3,19,74.0,High Risk,Yes,2022-09-11
CUST-01673,Chennai,Month-to-month,30,20,71.53,1503.62,2,19,69.45,Medium Risk,No,2023-01-22
CUST-01674,Chennai,Month-to-month,18,27,71.97,2009.36,2,27,45.16,Medium Risk,Yes,2025-07-26
CUST-01675,Hyderabad,Month-to-month,39,29,64.13,1964.15,2,23,51.11,Medium Risk,No,2023-01-21
CUST-01676,Mumbai,Two year,27,14,82.34,1085.91,0,27,65.99,Medium Risk,Yes,2025-02-24
CUST-01677,Jaipur,One year,19,33,61.25,1890.5,2,45,19.47,Low Risk,No,2022-01-14
CUST-01678,Mumbai,Month-to-month,43,6,56.21,362.59,0,14,80.07,High Risk,Yes,2025-07-04
CUST-01679,Delhi,One year,24,28,92.58,2643.77,2,51,56.71,Medium Risk,No,2022-08-12
CUST-01680,Hyderabad,Month-to-month,32,14,54.85,819.48,2,25,76.88,High Risk,Yes,2025-01-09
CUST-01681,Mumbai,One year,50,41,86.4,3772.77,4,73,19.76,Low Risk,Yes,2025-03-13
CUST-01682,Kolkata,Month-to-month,21,13,92.6,1233.3,2,19,89.2,High Risk,Yes,2025-07-31
CUST-01683,Pune,Two year,20,36,77.93,2863.15,2,43,27.61,Low Risk,No,2023-03-05
CUST-01684,Chennai,Month-to-month,38,24,43.58,1022.48,2,35,41.02,Medium Risk,No,2023-03-26
CUST-01685,Jaipur,One year,46,32,65.57,1980.44,0,52,24.7,Low Risk,No,2026-04-20
CUST-01686,Chennai,Month-to-month,19,20,60.93,1254.98,3,36,71.16,High Risk,Yes,2024-06-11
CUST-01687,Kolkata,Month-to-month,39,5,55.46,291.4,3,13,84.35,High Risk,Yes,2024-04-03
CUST-01688,Bengaluru,Month-to-month,41,39,68.04,2672.51,2,60,33.97,Low Risk,No,2021-04-17
CUST-01689,Pune,Month-to-month,18,40,83.14,3086.62,1,55,43.94,Medium Risk,No,2022-03-30
CUST-01690,Hyderabad,Month-to-month,43,15,56.13,794.12,4,29,75.42,High Risk,Yes,2024-07-14
CUST-01691,Delhi,One year,44,12,61.53,691.34,2,24,58.69,Medium Risk,No,2026-04-06
CUST-01692,Bengaluru,Month-to-month,32,34,60.17,2097.44,1,46,28.59,Low Risk,No,2025-07-17
CUST-01693,Mumbai,One year,48,23,94.33,2192.08,3,37,76.16,High Risk,No,2025-06-07
CUST-01694,Delhi,One year,46,17,59.87,1012.33,1,27,41.3,Medium Risk,No,2025-12-20
CUST-01695,Mumbai,One year,36,26,43.79,1146.45,2,35,20.84,Low Risk,No,2024-04-13
CUST-01696,Jaipur,One year,30,15,39.29,568.22,1,24,37.75,Low Risk,Yes,2023-04-10
CUST-01697,Jaipur,One year,25,40,73.0,3062.37,1,36,33.57,Low Risk,Yes,2021-11-28
CUST-01698,Jaipur,Month-to-month,35,16,50.96,792.99,3,22,68.77,Medium Risk,No,2025-04-24
CUST-01699,Kolkata,One year,41,34,80.51,2800.54,0,44,36.89,Low Risk,No,2022-01-25
CUST-01700,Bengaluru,Month-to-month,32,20,42.45,834.18,1,33,59.5,Medium Risk,No,2023-09-30
CUST-01701,Kolkata,One year,18,24,54.7,1222.93,1,23,36.05,Low Risk,Yes,2024-12-14
CUST-01702,Mumbai,One year,48,55,42.46,2244.49,2,48,3.95,Low Risk,No,2022-03-22
CUST-01703,Mumbai,Month-to-month,37,14,74.7,1123.62,3,24,82.49,High Risk,Yes,2021-11-12
CUST-01704,Bengaluru,Month-to-month,31,32,80.0,2433.24,2,33,44.04,Medium Risk,Yes,2025-07-04
CUST-01705,Mumbai,Month-to-month,44,47,72.44,3189.47,3,53,26.89,Low Risk,No,2023-09-29
CUST-01706,Jaipur,One year,50,31,45.92,1375.95,2,52,34.53,Low Risk,No,2024-09-20
CUST-01707,Pune,Two year,18,41,51.2,2226.13,3,51,17.02,Low Risk,No,2023-03-15
CUST-01708,Delhi,Month-to-month,39,21,70.06,1425.6,1,37,72.83,High Risk,No,2025-06-01
CUST-01709,Pune,One year,21,30,37.88,1121.38,1,36,10.77,Low Risk,No,2024-09-13
CUST-01710,Pune,Two year,40,36,60.17,2100.3,1,57,12.39,Low Risk,No,2024-09-29
CUST-01711,Delhi,Month-to-month,36,20,105.61,2277.45,3,26,88.08,High Risk,Yes,2024-03-28
CUST-01712,Jaipur,Month-to-month,41,11,61.36,728.94,3,22,82.95,High Risk,Yes,2022-11-11
CUST-01713,Hyderabad,One year,30,9,40.37,362.33,2,12,50.07,Medium Risk,No,2023-12-20
CUST-01714,Bengaluru,Two year,18,51,53.52,2853.91,0,60,5.52,Low Risk,No,2022-02-01
CUST-01715,Jaipur,Two year,30,46,53.12,2334.07,1,82,4.24,Low Risk,No,2026-02-28
CUST-01716,Kolkata,Month-to-month,39,12,128.93,1516.04,2,19,97.0,High Risk,Yes,2022-04-25
CUST-01717,Jaipur,Month-to-month,45,41,110.76,4671.47,2,67,60.28,Medium Risk,No,2023-01-17
CUST-01718,Hyderabad,Month-to-month,23,26,82.13,2062.38,2,27,74.68,High Risk,No,2022-07-03
CUST-01719,Kolkata,Month-to-month,45,20,58.24,1113.49,0,27,63.46,Medium Risk,Yes,2024-06-28
CUST-01720,Delhi,Month-to-month,29,12,95.45,1222.78,3,17,90.38,High Risk,Yes,2021-03-02
CUST-01721,Delhi,One year,39,18,45.23,780.83,3,22,52.12,Medium Risk,Yes,2022-10-20
CUST-01722,Jaipur,Month-to-month,30,10,91.73,852.62,2,17,86.91,High Risk,No,2023-09-13
CUST-01723,Mumbai,Two year,37,16,87.47,1455.74,1,30,64.45,Medium Risk,Yes,2022-02-06
CUST-01724,Jaipur,Month-to-month,44,10,61.93,593.86,4,11,80.56,High Risk,Yes,2026-05-08
CUST-01725,Hyderabad,One year,23,7,93.59,649.91,2,11,81.45,High Risk,Yes,2021-11-06
CUST-01726,Jaipur,Month-to-month,28,42,56.33,2218.82,4,41,20.86,Low Risk,No,2024-11-02
CUST-01727,Bengaluru,Month-to-month,37,18,43.36,726.6,1,31,49.82,Medium Risk,No,2024-08-03
CUST-01728,Kolkata,Month-to-month,59,25,88.88,2207.94,2,35,77.38,High Risk,No,2025-06-03
CUST-01729,Chennai,Two year,26,13,63.25,800.82,2,18,69.38,Medium Risk,No,2025-08-28
CUST-01730,Pune,One year,55,17,78.8,1340.87,0,30,65.44,Medium Risk,No,2024-09-25
CUST-01731,Mumbai,Month-to-month,55,10,116.4,1250.75,1,13,95.34,High Risk,Yes,2023-05-10
CUST-01732,Pune,Month-to-month,34,51,51.59,2592.1,2,61,6.52,Low Risk,No,2025-05-23
CUST-01733,Bengaluru,Two year,32,3,62.09,189.33,5,3,79.44,High Risk,Yes,2023-08-26
CUST-01734,Mumbai,Month-to-month,28,34,107.41,3416.81,4,30,73.06,High Risk,Yes,2023-08-12
CUST-01735,Jaipur,Month-to-month,34,13,80.51,1111.26,4,13,90.74,High Risk,Yes,2023-06-15
CUST-01736,Chennai,One year,21,10,51.96,545.03,2,12,44.82,Medium Risk,No,2024-05-18
CUST-01737,Mumbai,Two year,34,6,47.88,288.31,3,8,67.12,Medium Risk,Yes,2024-10-07
CUST-01738,Delhi,Month-to-month,50,21,54.89,1094.3,1,18,65.63,Medium Risk,No,2023-08-07
CUST-01739,Mumbai,Month-to-month,29,32,51.32,1622.78,4,29,44.06,Medium Risk,Yes,2025-06-11
CUST-01740,Mumbai,Two year,33,30,70.13,2035.69,3,28,34.66,Low Risk,No,2021-03-03
CUST-01741,Chennai,Month-to-month,18,14,66.65,1006.93,2,15,87.29,High Risk,Yes,2024-01-08
CUST-01742,Hyderabad,Month-to-month,39,17,71.08,1206.59,1,16,67.77,Medium Risk,Yes,2025-11-07
CUST-01743,Hyderabad,One year,38,9,49.67,441.47,2,9,62.17,Medium Risk,No,2021-09-20
CUST-01744,Jaipur,Two year,36,11,63.54,661.93,4,24,66.4,Medium Risk,Yes,2023-05-30
CUST-01745,Mumbai,Month-to-month,33,42,33.67,1355.11,3,58,11.78,Low Risk,No,2024-03-28
CUST-01746,Bengaluru,Two year,32,5,68.09,351.98,2,8,92.64,High Risk,Yes,2021-09-12
CUST-01747,Jaipur,One year,40,4,94.68,380.84,2,7,96.45,High Risk,Yes,2023-05-14
CUST-01748,Delhi,Month-to-month,35,12,41.2,483.17,1,17,67.59,Medium Risk,Yes,2021-02-09
CUST-01749,Hyderabad,Two year,38,51,75.87,3743.7,5,76,12.91,Low Risk,No,2025-06-02
CUST-01750,Jaipur,Month-to-month,37,20,53.46,1018.01,3,29,59.08,Medium Risk,No,2021-12-05
CUST-01751,Bengaluru,Month-to-month,46,72,84.03,5598.96,2,106,7.86,Low Risk,No,2025-09-10
CUST-01752,Delhi,One year,42,16,68.39,1177.78,2,29,72.53,High Risk,Yes,2023-09-27
CUST-01753,Jaipur,Month-to-month,37,30,73.99,2309.59,4,30,61.34,Medium Risk,No,2021-03-21
CUST-01754,Delhi,Month-to-month,50,38,66.36,2694.31,3,42,38.89,Low Risk,No,2026-04-13
CUST-01755,Kolkata,Month-to-month,39,66,99.43,6470.56,1,57,16.89,Low Risk,No,2021-07-12
CUST-01756,Chennai,Month-to-month,48,13,72.64,1000.13,2,24,89.75,High Risk,Yes,2021-01-25
CUST-01757,Kolkata,Two year,41,20,51.87,996.94,3,28,33.76,Low Risk,Yes,2025-07-30
CUST-01758,Bengaluru,One year,18,17,67.09,1142.32,1,30,58.2,Medium Risk,No,2024-08-11
CUST-01759,Jaipur,Two year,48,32,57.76,1760.33,0,40,27.42,Low Risk,Yes,2024-03-29
CUST-01760,Bengaluru,Month-to-month,36,48,68.47,3428.72,0,58,13.01,Low Risk,No,2023-02-15
CUST-01761,Bengaluru,Month-to-month,34,48,56.83,2726.79,1,61,17.08,Low Risk,No,2022-10-15
CUST-01762,Chennai,Month-to-month,38,12,52.34,631.73,0,18,65.69,Medium Risk,No,2025-09-27
CUST-01763,Jaipur,Month-to-month,32,11,69.28,805.91,2,20,88.83,High Risk,Yes,2024-05-02
CUST-01764,Bengaluru,Month-to-month,37,30,66.17,2061.08,1,33,42.62,Medium Risk,No,2023-05-27
CUST-01765,Delhi,One year,29,8,91.36,785.41,1,15,88.81,High Risk,No,2023-07-13
CUST-01766,Mumbai,Two year,48,33,56.92,1849.91,0,33,22.96,Low Risk,No,2022-05-31
CUST-01767,Hyderabad,Two year,34,20,34.48,685.35,1,30,39.31,Low Risk,No,2024-07-26
CUST-01768,Bengaluru,Month-to-month,31,43,57.86,2533.89,1,57,20.7,Low Risk,No,2024-08-06
CUST-01769,Mumbai,Two year,26,39,38.63,1495.32,1,66,6.2,Low Risk,No,2026-05-29
CUST-01770,Mumbai,Month-to-month,38,21,74.25,1539.2,5,36,77.08,High Risk,Yes,2026-02-06
CUST-01771,Bengaluru,Month-to-month,37,8,38.04,296.56,2,12,66.28,Medium Risk,No,2022-08-29
CUST-01772,Hyderabad,Two year,39,8,47.38,399.17,2,7,64.48,Medium Risk,Yes,2024-04-24
CUST-01773,Chennai,One year,25,20,57.88,1163.8,2,37,37.6,Low Risk,No,2021-11-25
CUST-01774,Kolkata,Month-to-month,19,27,106.53,2925.74,3,23,82.62,High Risk,No,2024-07-22
CUST-01775,Hyderabad,Month-to-month,41,16,46.11,702.83,1,24,69.37,Medium Risk,No,2025-07-31
CUST-01776,Mumbai,Month-to-month,50,10,65.26,626.68,1,10,88.85,High Risk,Yes,2025-04-08
CUST-01777,Pune,One year,25,16,78.26,1220.06,2,21,58.42,Medium Risk,Yes,2025-10-05
CUST-01778,Mumbai,Month-to-month,51,43,104.51,4469.03,0,61,38.32,Low Risk,No,2022-06-09
CUST-01779,Delhi,Two year,38,16,83.37,1236.58,5,21,78.68,High Risk,No,2025-02-09
CUST-01780,Chennai,Month-to-month,35,13,92.24,1273.64,2,25,83.86,High Risk,Yes,2026-05-05
CUST-01781,Jaipur,Month-to-month,31,8,85.71,729.97,2,14,87.9,High Risk,Yes,2024-09-13
CUST-01782,Kolkata,Month-to-month,21,19,44.14,860.36,1,30,48.71,Medium Risk,No,2022-01-01
CUST-01783,Bengaluru,Month-to-month,45,39,72.93,2760.56,0,45,32.65,Low Risk,No,2025-12-16
CUST-01784,Pune,Month-to-month,27,40,85.28,3348.61,4,34,32.93,Low Risk,Yes,2023-10-26
CUST-01785,Pune,One year,27,11,47.86,546.17,0,19,61.26,Medium Risk,No,2023-10-05
CUST-01786,Chennai,Two year,45,22,53.99,1147.17,2,33,39.02,Low Risk,Yes,2022-04-20
CUST-01787,Pune,Two year,18,12,50.27,613.75,4,17,54.79,Medium Risk,No,2024-12-17
CUST-01788,Pune,One year,20,15,83.23,1329.6,3,20,83.09,High Risk,Yes,2024-10-31
CUST-01789,Jaipur,Two year,35,19,63.57,1190.52,2,29,58.91,Medium Risk,Yes,2026-04-18
CUST-01790,Bengaluru,One year,38,14,58.66,832.68,1,25,58.96,Medium Risk,Yes,2024-03-19
CUST-01791,Delhi,Two year,40,1,43.13,46.09,3,2,72.32,High Risk,Yes,2024-11-30
CUST-01792,Hyderabad,Month-to-month,32,52,63.61,3223.35,3,76,15.0,Low Risk,Yes,2023-02-12
CUST-01793,Bengaluru,Month-to-month,60,13,54.2,733.87,0,26,68.53,Medium Risk,Yes,2022-03-22
CUST-01794,Pune,Month-to-month,33,12,70.26,877.54,0,16,78.09,High Risk,Yes,2024-12-30
CUST-01795,Jaipur,Month-to-month,33,11,45.09,529.99,1,8,55.3,Medium Risk,Yes,2026-02-15
CUST-01796,Jaipur,Month-to-month,27,6,68.81,436.55,2,10,91.47,High Risk,Yes,2024-12-17
CUST-01797,Hyderabad,Two year,36,52,56.48,3053.89,7,72,15.16,Low Risk,No,2023-03-05
CUST-01798,Jaipur,Month-to-month,41,19,43.58,846.11,1,15,51.45,Medium Risk,Yes,2021-04-27
CUST-01799,Jaipur,Month-to-month,47,27,42.51,1100.24,2,33,32.2,Low Risk,No,2025-06-04
CUST-01800,Jaipur,Month-to-month,20,25,44.6,1145.44,2,37,44.21,Medium Risk,Yes,2024-02-23
CUST-01801,Kolkata,Month-to-month,33,14,60.85,821.43,1,25,76.2,High Risk,No,2025-01-03
CUST-01802,Hyderabad,Month-to-month,39,19,67.57,1271.51,2,33,68.41,Medium Risk,Yes,2022-01-31
CUST-01803,Mumbai,Month-to-month,41,31,70.86,2270.36,2,50,61.67,Medium Risk,Yes,2026-06-23
CUST-01804,Delhi,Month-to-month,35,6,71.72,442.36,0,6,85.51,High Risk,Yes,2026-01-15
CUST-01805,Mumbai,Month-to-month,40,15,50.99,752.76,0,25,50.19,Medium Risk,No,2025-08-03
CUST-01806,Hyderabad,One year,27,17,91.2,1471.68,2,27,78.24,High Risk,No,2024-10-07
CUST-01807,Pune,One year,51,13,56.42,731.6,2,13,72.98,High Risk,Yes,2022-01-24
CUST-01808,Delhi,Month-to-month,45,13,75.07,939.99,0,13,83.03,High Risk,Yes,2022-09-04
CUST-01809,Delhi,Month-to-month,22,22,61.67,1303.65,3,21,49.95,Medium Risk,No,2025-06-16
CUST-01810,Jaipur,Month-to-month,24,45,73.3,3207.09,3,43,22.79,Low Risk,No,2025-03-06
CUST-01811,Pune,One year,25,26,60.69,1630.01,4,41,51.79,Medium Risk,No,2025-07-18
CUST-01812,Hyderabad,Month-to-month,42,11,73.73,810.68,2,10,87.56,High Risk,Yes,2023-01-29
CUST-01813,Delhi,Month-to-month,22,72,64.85,4574.45,2,73,3.0,Low Risk,No,2022-03-11
CUST-01814,Jaipur,One year,32,45,84.34,4038.56,3,45,23.28,Low Risk,Yes,2024-06-13
CUST-01815,Jaipur,Month-to-month,40,14,50.02,723.45,4,21,79.06,High Risk,Yes,2025-03-20
CUST-01816,Kolkata,Month-to-month,34,45,36.89,1658.63,1,43,10.52,Low Risk,No,2021-12-25
CUST-01817,Delhi,Month-to-month,38,22,47.6,1034.01,2,16,36.54,Low Risk,No,2026-03-10
CUST-01818,Hyderabad,Two year,24,8,91.51,769.43,1,11,90.69,High Risk,Yes,2025-06-17
CUST-01819,Pune,Two year,41,42,61.86,2462.15,6,45,24.58,Low Risk,No,2023-09-06
CUST-01820,Mumbai,One year,29,11,66.94,755.68,1,17,80.54,High Risk,Yes,2023-03-04
CUST-01821,Delhi,Month-to-month,32,27,46.4,1156.79,7,45,48.39,Medium Risk,Yes,2025-10-29
CUST-01822,Jaipur,Month-to-month,37,22,66.38,1345.16,2,20,73.66,High Risk,Yes,2022-10-26
CUST-01823,Pune,Two year,36,28,46.86,1402.73,2,24,27.54,Low Risk,No,2024-04-22
CUST-01824,Hyderabad,Two year,35,55,49.11,2707.1,5,56,3.17,Low Risk,No,2021-10-02
CUST-01825,Pune,Month-to-month,27,19,57.15,1053.73,2,36,69.36,Medium Risk,Yes,2025-12-20
CUST-01826,Bengaluru,One year,32,8,74.95,627.87,2,9,85.94,High Risk,Yes,2023-05-13
CUST-01827,Jaipur,Month-to-month,35,12,77.55,1002.79,2,25,83.34,High Risk,Yes,2025-06-07
CUST-01828,Kolkata,Month-to-month,21,7,78.23,506.82,3,14,91.46,High Risk,Yes,2022-08-31
CUST-01829,Hyderabad,One year,30,6,39.1,217.26,2,9,75.72,High Risk,Yes,2024-05-13
CUST-01830,Delhi,Month-to-month,39,39,64.86,2673.13,0,63,22.64,Low Risk,No,2021-02-15
CUST-01831,Kolkata,Two year,22,21,61.03,1293.26,1,27,49.81,Medium Risk,No,2025-08-09
CUST-01832,Pune,Month-to-month,47,18,39.81,760.46,2,25,42.43,Medium Risk,Yes,2024-04-27
CUST-01833,Bengaluru,Month-to-month,48,14,65.33,943.1,3,21,77.77,High Risk,No,2022-08-06
CUST-01834,Hyderabad,Two year,23,33,59.99,1970.35,2,50,28.73,Low Risk,No,2023-12-05
CUST-01835,Chennai,Two year,49,48,76.56,3475.76,1,41,16.21,Low Risk,No,2022-12-29
CUST-01836,Pune,Month-to-month,34,10,66.71,655.34,3,15,83.82,High Risk,Yes,2022-09-25
CUST-01837,Jaipur,Month-to-month,39,26,54.52,1482.65,4,41,66.77,Medium Risk,Yes,2022-03-06
CUST-01838,Mumbai,One year,30,37,87.41,3096.48,0,39,26.35,Low Risk,Yes,2023-11-07
CUST-01839,Kolkata,Month-to-month,44,23,31.93,759.34,1,41,31.02,Low Risk,No,2024-11-23
CUST-01840,Delhi,Two year,39,31,63.68,1894.28,1,30,33.55,Low Risk,No,2021-11-25
CUST-01841,Mumbai,Two year,27,8,36.97,294.03,1,17,42.27,Medium Risk,No,2025-12-31
CUST-01842,Mumbai,Month-to-month,23,49,48.54,2220.69,2,74,9.68,Low Risk,No,2025-06-23
CUST-01843,Mumbai,Month-to-month,20,33,76.89,2519.1,3,49,60.18,Medium Risk,No,2026-04-12
CUST-01844,Pune,Month-to-month,37,28,43.23,1232.27,4,47,36.61,Low Risk,No,2023-12-10
CUST-01845,Kolkata,Two year,41,35,41.21,1456.96,1,57,9.67,Low Risk,No,2024-10-30
CUST-01846,Delhi,Month-to-month,42,16,139.3,2195.45,1,20,97.0,High Risk,Yes,2022-10-13
CUST-01847,Jaipur,Month-to-month,34,9,42.07,370.74,2,16,46.14,Medium Risk,Yes,2026-02-23
CUST-01848,Delhi,Month-to-month,23,8,110.23,850.15,1,10,97.0,High Risk,Yes,2022-11-13
CUST-01849,Chennai,One year,28,7,61.52,449.04,0,8,72.49,High Risk,No,2022-08-29
CUST-01850,Pune,Month-to-month,47,26,54.95,1493.31,4,48,52.71,Medium Risk,Yes,2024-05-21
CUST-01851,Delhi,Month-to-month,30,15,77.93,1165.78,0,18,67.93,Medium Risk,Yes,2023-10-18
CUST-01852,Chennai,Two year,36,47,99.69,4597.39,2,38,39.39,Low Risk,No,2023-07-28
CUST-01853,Chennai,Two year,24,41,45.04,1887.24,3,59,7.91,Low Risk,No,2021-02-04
CUST-01854,Chennai,One year,38,33,55.21,1838.76,1,36,24.25,Low Risk,Yes,2021-02-28
CUST-01855,Kolkata,Month-to-month,30,29,85.23,2537.81,0,32,60.66,Medium Risk,No,2023-10-20
CUST-01856,Delhi,Month-to-month,45,12,71.27,828.7,3,16,77.41,High Risk,Yes,2022-10-14
CUST-01857,Hyderabad,One year,43,13,92.48,1257.71,1,22,89.85,High Risk,Yes,2023-08-27
CUST-01858,Bengaluru,Month-to-month,30,12,76.65,892.83,2,16,89.61,High Risk,Yes,2022-06-08
CUST-01859,Chennai,Two year,34,9,115.93,1029.8,1,15,95.68,High Risk,Yes,2022-06-24
CUST-01860,Hyderabad,One year,29,18,68.82,1165.91,3,33,65.7,Medium Risk,No,2023-01-03
CUST-01861,Hyderabad,Month-to-month,21,37,69.78,2728.66,4,69,29.26,Low Risk,Yes,2025-09-06
CUST-01862,Pune,Two year,26,17,72.05,1253.12,2,26,71.46,High Risk,Yes,2023-05-27
CUST-01863,Delhi,Two year,37,11,62.1,654.17,2,13,83.8,High Risk,Yes,2026-01-06
CUST-01864,Bengaluru,Month-to-month,38,17,85.27,1531.17,3,20,86.71,High Risk,Yes,2023-05-17
CUST-01865,Kolkata,Month-to-month,36,22,70.12,1593.19,0,41,64.2,Medium Risk,Yes,2023-03-08
CUST-01866,Kolkata,Month-to-month,32,14,83.65,1160.27,5,18,85.65,High Risk,Yes,2022-01-11
CUST-01867,Jaipur,Month-to-month,44,18,87.94,1706.98,1,32,72.0,High Risk,Yes,2024-02-26
CUST-01868,Delhi,Month-to-month,36,72,74.55,5227.79,3,93,3.49,Low Risk,No,2025-03-03
CUST-01869,Jaipur,One year,42,6,76.32,428.58,0,10,89.57,High Risk,Yes,2026-06-13
CUST-01870,Hyderabad,Two year,18,3,47.04,146.39,3,3,80.17,High Risk,Yes,2025-08-07
CUST-01871,Chennai,Month-to-month,18,21,54.5,1191.57,3,28,54.65,Medium Risk,No,2025-11-27
CUST-01872,Delhi,Month-to-month,38,25,85.14,1978.3,3,40,78.78,High Risk,Yes,2023-03-25
CUST-01873,Bengaluru,One year,21,18,102.51,1939.48,1,34,73.67,High Risk,No,2024-05-28
CUST-01874,Chennai,Month-to-month,33,9,34.93,328.25,3,13,66.56,Medium Risk,Yes,2021-07-12
CUST-01875,Hyderabad,Two year,32,47,54.2,2722.5,0,43,5.2,Low Risk,No,2023-03-08
CUST-01876,Bengaluru,Month-to-month,51,20,65.49,1229.86,1,33,68.92,Medium Risk,No,2023-12-12
CUST-01877,Pune,Month-to-month,39,21,49.06,1046.88,2,29,49.98,Medium Risk,No,2025-04-25
CUST-01878,Bengaluru,Month-to-month,37,33,49.96,1574.67,2,29,26.88,Low Risk,No,2022-06-02
CUST-01879,Delhi,One year,43,17,75.67,1265.69,1,24,75.8,High Risk,Yes,2025-12-24
CUST-01880,Bengaluru,Month-to-month,39,16,107.82,1660.28,1,26,96.21,High Risk,Yes,2024-04-03
CUST-01881,Pune,One year,30,47,33.93,1581.77,2,58,3.51,Low Risk,No,2023-07-07
CUST-01882,Chennai,Month-to-month,46,5,61.55,288.69,1,8,91.38,High Risk,Yes,2024-07-10
CUST-01883,Pune,Month-to-month,24,24,75.39,1752.48,2,29,55.28,Medium Risk,Yes,2022-01-20
CUST-01884,Hyderabad,Month-to-month,38,23,83.43,1787.15,2,31,75.5,High Risk,Yes,2022-08-12
CUST-01885,Delhi,Two year,20,14,71.99,1006.54,2,16,58.27,Medium Risk,Yes,2024-04-14
CUST-01886,Bengaluru,Two year,37,18,114.21,1988.9,1,23,87.22,High Risk,Yes,2024-12-29
CUST-01887,Jaipur,Month-to-month,37,44,65.6,2928.11,2,44,26.92,Low Risk,No,2024-06-13
CUST-01888,Delhi,Month-to-month,52,11,98.91,1080.43,0,10,95.45,High Risk,Yes,2021-05-22
CUST-01889,Hyderabad,Month-to-month,19,31,52.85,1571.2,1,32,23.67,Low Risk,No,2021-12-01
CUST-01890,Kolkata,Month-to-month,29,20,66.22,1240.26,1,15,68.35,Medium Risk,Yes,2023-02-06
CUST-01891,Jaipur,Month-to-month,43,29,44.09,1330.43,6,27,53.64,Medium Risk,No,2026-04-16
CUST-01892,Mumbai,Two year,38,26,86.72,2302.75,1,32,68.38,Medium Risk,Yes,2025-09-09
CUST-01893,Chennai,Two year,37,3,62.54,173.6,1,4,82.14,High Risk,No,2022-03-01
CUST-01894,Delhi,Month-to-month,25,10,72.89,785.97,1,9,80.8,High Risk,Yes,2022-12-09
CUST-01895,Bengaluru,Month-to-month,29,12,58.8,721.69,7,22,80.09,High Risk,No,2024-06-19
CUST-01896,Hyderabad,Two year,47,9,78.42,672.71,1,12,78.36,High Risk,No,2025-11-07
CUST-01897,Pune,One year,34,13,73.82,1011.94,1,18,72.31,High Risk,Yes,2021-04-17
CUST-01898,Delhi,Month-to-month,39,21,47.28,1053.58,2,25,43.48,Medium Risk,Yes,2022-12-26
CUST-01899,Mumbai,Month-to-month,34,35,48.16,1705.47,2,47,28.68,Low Risk,No,2026-04-06
CUST-01900,Hyderabad,Month-to-month,23,7,64.42,478.76,3,9,86.65,High Risk,Yes,2023-06-06
CUST-01901,Bengaluru,Month-to-month,44,20,80.27,1484.46,2,26,80.48,High Risk,No,2022-08-20
CUST-01902,Jaipur,Month-to-month,40,24,117.98,3033.2,2,30,84.21,High Risk,Yes,2022-03-22
CUST-01903,Hyderabad,Month-to-month,58,39,71.62,2595.29,2,58,39.64,Low Risk,Yes,2024-08-29
CUST-01904,Jaipur,One year,25,50,89.73,4588.71,2,87,15.38,Low Risk,Yes,2024-03-11
CUST-01905,Hyderabad,Month-to-month,43,17,38.79,643.17,0,28,66.16,Medium Risk,No,2026-05-18
CUST-01906,Delhi,Month-to-month,22,10,123.78,1146.56,2,10,95.68,High Risk,Yes,2023-04-14
CUST-01907,Kolkata,Month-to-month,37,25,78.9,2107.98,2,36,67.8,Medium Risk,No,2021-03-16
CUST-01908,Mumbai,One year,45,10,63.98,602.47,2,10,77.05,High Risk,Yes,2025-08-28
CUST-01909,Mumbai,Two year,18,23,61.66,1498.45,2,34,33.28,Low Risk,No,2022-08-13
CUST-01910,Delhi,Month-to-month,33,11,45.61,488.09,3,15,82.62,High Risk,Yes,2022-03-07
CUST-01911,Mumbai,Month-to-month,29,27,49.98,1401.53,2,36,55.94,Medium Risk,Yes,2024-04-27
CUST-01912,Chennai,Two year,28,12,119.79,1380.95,2,16,92.07,High Risk,Yes,2021-12-06
CUST-01913,Kolkata,Month-to-month,39,47,47.37,2256.11,1,72,7.84,Low Risk,No,2021-08-15
CUST-01914,Mumbai,Month-to-month,46,20,47.07,986.52,1,31,69.88,Medium Risk,No,2024-07-30
CUST-01915,Mumbai,Month-to-month,34,5,51.92,262.35,1,7,86.96,High Risk,Yes,2022-11-20
CUST-01916,Hyderabad,Month-to-month,37,35,44.3,1502.51,1,54,18.17,Low Risk,No,2025-01-07
CUST-01917,Chennai,Month-to-month,36,17,65.32,1063.08,1,31,73.94,High Risk,No,2025-01-17
CUST-01918,Pune,Two year,35,29,92.1,2531.93,3,24,50.13,Medium Risk,No,2022-08-06
CUST-01919,Mumbai,One year,24,36,53.47,2029.27,1,40,27.05,Low Risk,No,2024-12-23
CUST-01920,Mumbai,Month-to-month,46,20,41.88,852.47,2,35,50.32,Medium Risk,No,2021-09-14
CUST-01921,Hyderabad,Two year,38,7,71.36,500.21,1,10,83.67,High Risk,No,2025-12-10
CUST-01922,Jaipur,Month-to-month,39,22,63.85,1348.42,0,32,50.0,Medium Risk,No,2024-08-10
CUST-01923,Pune,Month-to-month,27,43,89.59,3811.54,0,58,26.55,Low Risk,No,2024-11-25
CUST-01924,Mumbai,One year,30,18,56.2,1031.03,1,36,51.09,Medium Risk,Yes,2023-09-25
CUST-01925,Hyderabad,One year,33,26,59.81,1448.54,5,47,61.68,Medium Risk,Yes,2021-12-22
CUST-01926,Jaipur,Month-to-month,20,11,61.96,666.37,4,11,77.68,High Risk,Yes,2024-12-16
CUST-01927,Bengaluru,Month-to-month,18,6,66.88,384.55,3,7,82.68,High Risk,Yes,2021-05-09
CUST-01928,Bengaluru,One year,29,17,57.33,997.46,2,21,55.27,Medium Risk,Yes,2023-06-16
CUST-01929,Pune,One year,40,20,54.43,1107.11,2,16,60.68,Medium Risk,Yes,2025-06-07
CUST-01930,Jaipur,One year,28,38,35.95,1322.26,0,44,5.31,Low Risk,No,2025-03-06
CUST-01931,Bengaluru,Month-to-month,25,21,54.24,1055.5,0,36,46.47,Medium Risk,Yes,2026-03-22
CUST-01932,Bengaluru,Month-to-month,27,37,81.72,2870.19,0,64,47.83,Medium Risk,Yes,2022-11-01
CUST-01933,Bengaluru,Month-to-month,30,14,85.32,1129.51,4,27,92.13,High Risk,Yes,2025-01-24
CUST-01934,Pune,Month-to-month,31,7,55.9,395.58,2,6,79.35,High Risk,No,2023-10-28
CUST-01935,Pune,Two year,57,27,98.52,2519.29,1,43,78.36,High Risk,No,2024-10-18
CUST-01936,Chennai,Month-to-month,46,46,64.41,2954.49,2,59,23.22,Low Risk,No,2025-08-11
CUST-01937,Delhi,Month-to-month,45,13,42.36,560.77,1,16,61.86,Medium Risk,No,2023-12-04
CUST-01938,Chennai,One year,47,29,38.31,1178.46,2,37,24.9,Low Risk,Yes,2023-08-27
CUST-01939,Bengaluru,Month-to-month,25,30,95.99,2762.22,3,53,78.35,High Risk,Yes,2022-06-09
CUST-01940,Jaipur,Month-to-month,23,6,57.69,328.75,0,11,71.87,High Risk,No,2023-03-18
CUST-01941,Jaipur,One year,24,17,44.07,710.02,5,32,60.55,Medium Risk,Yes,2025-04-05
CUST-01942,Mumbai,Two year,48,31,31.55,956.21,1,45,14.04,Low Risk,No,2023-09-12
CUST-01943,Hyderabad,One year,30,25,57.27,1465.92,5,34,56.14,Medium Risk,Yes,2023-10-26
CUST-01944,Hyderabad,Month-to-month,22,31,73.99,2356.76,2,35,50.53,Medium Risk,No,2024-02-10
CUST-01945,Hyderabad,One year,31,27,51.99,1338.81,2,19,30.51,Low Risk,No,2022-07-18
CUST-01946,Bengaluru,One year,33,18,46.4,785.92,1,26,42.53,Medium Risk,No,2026-03-21
CUST-01947,Mumbai,Month-to-month,38,20,54.52,1081.45,1,31,61.34,Medium Risk,Yes,2022-02-13
CUST-01948,Delhi,Month-to-month,38,38,96.76,3465.79,2,48,71.68,High Risk,Yes,2023-06-27
CUST-01949,Mumbai,Two year,27,22,41.62,961.48,2,30,32.44,Low Risk,No,2023-09-13
CUST-01950,Mumbai,Month-to-month,42,12,52.93,592.87,2,24,73.31,High Risk,No,2025-01-03
CUST-01951,Jaipur,One year,29,17,95.76,1693.58,2,18,86.4,High Risk,Yes,2025-02-02
CUST-01952,Delhi,Month-to-month,33,26,76.14,1834.78,0,36,63.27,Medium Risk,No,2024-11-09
CUST-01953,Pune,Month-to-month,42,36,68.83,2599.59,3,55,67.83,Medium Risk,Yes,2025-05-27
CUST-01954,Hyderabad,Month-to-month,29,6,52.82,323.37,1,7,80.27,High Risk,Yes,2022-04-29
CUST-01955,Kolkata,One year,29,16,65.64,1020.39,1,28,69.54,Medium Risk,Yes,2021-06-26
CUST-01956,Kolkata,Month-to-month,41,35,54.72,1886.25,0,53,32.11,Low Risk,No,2023-08-21
CUST-01957,Pune,Month-to-month,26,11,49.37,558.16,1,10,49.73,Medium Risk,No,2022-06-18
CUST-01958,Mumbai,One year,31,11,46.01,480.65,3,18,51.4,Medium Risk,No,2022-01-05
CUST-01959,Pune,One year,41,20,83.54,1775.14,3,36,70.02,High Risk,Yes,2023-09-27
CUST-01960,Hyderabad,Two year,56,5,63.76,317.93,3,10,75.94,High Risk,Yes,2022-04-14
CUST-01961,Jaipur,Month-to-month,41,54,71.88,4043.08,2,64,12.17,Low Risk,No,2025-06-09
CUST-01962,Mumbai,Month-to-month,40,25,68.23,1707.58,0,48,43.97,Medium Risk,No,2025-04-16
CUST-01963,Chennai,Two year,40,29,74.85,2154.08,1,27,33.61,Low Risk,Yes,2023-06-16
CUST-01964,Mumbai,One year,24,39,59.91,2325.13,1,54,15.24,Low Risk,Yes,2025-11-04
CUST-01965,Bengaluru,Month-to-month,36,72,55.72,3923.98,2,66,3.62,Low Risk,No,2023-07-12
CUST-01966,Bengaluru,Month-to-month,35,18,50.07,934.82,4,22,51.75,Medium Risk,No,2023-02-09
CUST-01967,Delhi,Two year,38,6,41.34,261.78,2,12,52.34,Medium Risk,Yes,2024-11-01
CUST-01968,Mumbai,Month-to-month,36,24,45.39,1151.13,0,42,32.86,Low Risk,No,2021-12-15
CUST-01969,Mumbai,One year,39,11,57.83,597.57,1,18,63.55,Medium Risk,Yes,2025-03-10
CUST-01970,Jaipur,Month-to-month,32,8,38.92,324.38,3,11,57.74,Medium Risk,Yes,2023-09-29
CUST-01971,Jaipur,Month-to-month,36,14,41.76,556.57,1,27,50.99,Medium Risk,No,2025-02-26
CUST-01972,Chennai,One year,23,18,90.73,1505.67,2,23,70.71,High Risk,Yes,2026-04-05
CUST-01973,Delhi,Month-to-month,32,40,69.83,2692.85,2,34,33.21,Low Risk,Yes,2024-08-14
CUST-01974,Bengaluru,Month-to-month,49,55,56.25,2991.22,3,80,10.43,Low Risk,No,2022-01-27
CUST-01975,Delhi,Month-to-month,38,9,134.46,1270.12,3,12,97.0,High Risk,Yes,2024-08-07
CUST-01976,Kolkata,Month-to-month,35,15,38.36,597.72,2,17,51.12,Medium Risk,No,2022-09-13
CUST-01977,Delhi,One year,54,28,88.82,2321.7,0,48,51.77,Medium Risk,Yes,2022-07-01
CUST-01978,Mumbai,Two year,21,31,62.72,1890.18,3,47,30.4,Low Risk,Yes,2023-06-22
CUST-01979,Chennai,One year,24,10,83.56,802.35,2,20,77.52,High Risk,Yes,2025-12-20
CUST-01980,Chennai,Month-to-month,52,35,67.31,2391.83,1,48,53.7,Medium Risk,Yes,2025-04-08
CUST-01981,Delhi,Month-to-month,35,12,35.7,431.25,3,13,47.58,Medium Risk,Yes,2025-11-06
CUST-01982,Chennai,Month-to-month,33,10,67.02,689.39,1,9,78.13,High Risk,Yes,2021-10-29
CUST-01983,Bengaluru,Two year,23,27,72.37,2082.4,2,50,51.55,Medium Risk,Yes,2023-09-26
CUST-01984,Bengaluru,Two year,39,40,32.23,1272.92,4,33,7.06,Low Risk,No,2023-02-26
CUST-01985,Jaipur,Two year,40,24,121.08,2978.42,5,37,92.16,High Risk,Yes,2021-03-20
CUST-01986,Jaipur,Month-to-month,24,21,71.81,1608.95,4,24,83.35,High Risk,Yes,2022-08-07
CUST-01987,Hyderabad,Month-to-month,34,18,80.59,1460.29,3,28,86.36,High Risk,Yes,2022-09-01
CUST-01988,Bengaluru,Month-to-month,32,21,44.76,911.13,3,24,39.0,Low Risk,No,2022-04-28
CUST-01989,Mumbai,Month-to-month,38,17,81.08,1356.95,0,15,72.16,High Risk,No,2025-11-03
CUST-01990,Hyderabad,Month-to-month,24,28,92.11,2684.15,2,45,70.21,High Risk,No,2023-11-03
CUST-01991,Hyderabad,Two year,48,21,70.49,1532.4,1,26,61.42,Medium Risk,No,2024-12-28
CUST-01992,Delhi,Month-to-month,44,70,64.81,4717.02,1,95,4.41,Low Risk,No,2022-02-19
CUST-01993,Pune,Month-to-month,31,25,48.83,1268.27,2,39,35.42,Low Risk,Yes,2025-10-01
CUST-01994,Jaipur,Month-to-month,33,17,60.65,1100.41,4,28,69.7,Medium Risk,Yes,2023-05-02
CUST-01995,Hyderabad,Two year,34,9,55.18,517.6,3,11,68.05,Medium Risk,Yes,2022-10-01
CUST-01996,Pune,One year,27,10,78.06,824.99,3,18,80.62,High Risk,Yes,2023-07-23
CUST-01997,Kolkata,One year,31,25,49.52,1252.6,0,47,37.64,Low Risk,No,2021-11-09
CUST-01998,Jaipur,Two year,32,13,77.87,1035.66,2,22,76.26,High Risk,Yes,2023-02-15
CUST-01999,Jaipur,Month-to-month,51,22,49.7,1175.22,3,34,57.57,Medium Risk,No,2022-09-04
CUST-02000,Delhi,One year,44,42,59.77,2659.07,2,69,19.04,Low Risk,No,2022-05-18
CUST-02001,Delhi,Month-to-month,44,8,79.16,661.38,3,14,95.24,High Risk,Yes,2022-06-10
CUST-02002,Delhi,Month-to-month,39,18,51.89,961.74,0,20,55.71,Medium Risk,No,2024-10-05
CUST-02003,Kolkata,Two year,24,2,80.04,156.46,3,7,93.66,High Risk,Yes,2024-04-17
CUST-02004,Delhi,One year,35,6,77.58,469.06,5,7,94.17,High Risk,Yes,2022-06-05
CUST-02005,Delhi,Month-to-month,45,23,59.6,1273.23,1,45,55.45,Medium Risk,No,2025-08-04
CUST-02006,Hyderabad,Month-to-month,22,7,94.27,651.04,4,9,94.02,High Risk,Yes,2022-12-17
CUST-02007,Mumbai,Month-to-month,41,8,66.64,500.02,1,10,92.58,High Risk,Yes,2021-07-13
CUST-02008,Hyderabad,Month-to-month,58,51,92.49,4889.55,4,87,48.16,Medium Risk,Yes,2022-07-04
CUST-02009,Jaipur,Month-to-month,46,12,115.39,1471.6,0,13,95.69,High Risk,Yes,2025-04-06
CUST-02010,Bengaluru,Month-to-month,49,9,60.17,513.29,3,9,87.38,High Risk,Yes,2025-08-20
CUST-02011,Jaipur,Month-to-month,37,42,79.9,3219.25,2,63,27.89,Low Risk,No,2022-08-19
CUST-02012,Jaipur,One year,45,9,53.0,504.24,3,15,78.01,High Risk,Yes,2023-06-15
CUST-02013,Kolkata,Month-to-month,28,24,46.71,1136.44,4,20,31.53,Low Risk,No,2024-04-16
CUST-02014,Jaipur,Month-to-month,43,25,61.06,1548.07,1,34,62.49,Medium Risk,No,2022-12-05
CUST-02015,Bengaluru,Month-to-month,42,33,42.03,1400.94,0,42,16.72,Low Risk,No,2024-11-08
CUST-02016,Mumbai,Two year,38,8,48.15,367.84,1,12,47.7,Medium Risk,No,2023-02-16
CUST-02017,Mumbai,Month-to-month,48,11,78.54,828.46,3,17,81.23,High Risk,Yes,2021-09-28
CUST-02018,Chennai,Month-to-month,30,12,55.15,709.41,1,13,67.17,Medium Risk,Yes,2023-08-07
CUST-02019,Jaipur,Month-to-month,33,11,81.59,929.58,1,13,90.08,High Risk,Yes,2023-01-07
CUST-02020,Pune,One year,36,32,71.54,2139.26,1,52,23.35,Low Risk,Yes,2021-06-30
CUST-02021,Kolkata,One year,25,25,117.54,2808.24,1,44,73.33,High Risk,No,2026-06-14
CUST-02022,Bengaluru,One year,37,27,76.87,2117.7,3,40,49.11,Medium Risk,No,2021-09-16
CUST-02023,Kolkata,Two year,18,6,92.85,537.8,2,8,92.39,High Risk,Yes,2026-02-22
CUST-02024,Jaipur,One year,45,22,73.92,1561.64,4,33,72.49,High Risk,No,2021-01-22
CUST-02025,Mumbai,One year,35,46,71.81,3145.94,2,78,15.34,Low Risk,No,2021-10-22
CUST-02026,Delhi,Month-to-month,30,65,94.36,5824.99,4,82,18.48,Low Risk,No,2026-06-20
CUST-02027,Hyderabad,Month-to-month,27,14,80.51,1147.58,0,21,85.17,High Risk,Yes,2025-12-06
CUST-02028,Kolkata,Two year,33,34,69.52,2517.17,1,64,24.85,Low Risk,Yes,2026-05-08
CUST-02029,Delhi,Month-to-month,42,11,69.42,746.65,5,19,91.22,High Risk,Yes,2022-06-08
CUST-02030,Pune,Month-to-month,40,6,77.22,435.26,2,11,87.2,High Risk,Yes,2022-06-30
CUST-02031,Delhi,One year,28,6,52.43,295.67,1,10,71.31,High Risk,Yes,2024-08-17
CUST-02032,Bengaluru,Month-to-month,27,42,51.73,2323.42,1,40,9.95,Low Risk,Yes,2024-10-08
CUST-02033,Bengaluru,One year,42,15,102.57,1545.62,4,19,90.69,High Risk,Yes,2025-11-22
CUST-02034,Kolkata,One year,28,13,118.04,1526.24,1,22,95.02,High Risk,Yes,2026-01-16
CUST-02035,Pune,Month-to-month,36,31,48.29,1590.58,1,37,30.47,Low Risk,Yes,2023-05-17
CUST-02036,Mumbai,Two year,36,7,52.47,367.71,1,8,67.27,Medium Risk,Yes,2025-08-19
CUST-02037,Jaipur,Month-to-month,38,26,93.69,2428.38,0,21,75.9,High Risk,Yes,2023-03-18
CUST-02038,Delhi,Month-to-month,44,17,77.1,1400.17,3,32,86.2,High Risk,Yes,2021-09-16
CUST-02039,Delhi,Month-to-month,22,61,80.71,4903.19,4,104,21.46,Low Risk,No,2024-04-13
CUST-02040,Delhi,One year,18,14,86.6,1191.25,0,20,79.14,High Risk,Yes,2022-06-08
CUST-02041,Chennai,One year,29,18,60.18,1097.39,3,29,51.11,Medium Risk,Yes,2025-04-28
CUST-02042,Bengaluru,Month-to-month,53,6,72.24,466.54,4,9,92.08,High Risk,Yes,2021-11-29
CUST-02043,Bengaluru,One year,55,67,70.46,5071.16,3,84,3.0,Low Risk,No,2024-10-31
CUST-02044,Jaipur,Month-to-month,53,15,49.39,773.52,1,19,54.71,Medium Risk,No,2022-12-08
CUST-02045,Chennai,Two year,33,53,71.9,3810.26,2,77,3.78,Low Risk,No,2025-03-14
CUST-02046,Hyderabad,Month-to-month,18,5,96.59,512.43,3,6,94.8,High Risk,Yes,2025-12-15
CUST-02047,Jaipur,One year,18,23,58.41,1326.1,0,32,23.54,Low Risk,Yes,2025-07-05
CUST-02048,Hyderabad,Month-to-month,29,62,68.25,4326.38,3,67,6.88,Low Risk,No,2021-03-31
CUST-02049,Bengaluru,Month-to-month,33,12,69.44,790.54,0,9,75.78,High Risk,Yes,2023-02-17
CUST-02050,Jaipur,Month-to-month,48,22,59.34,1339.17,1,38,49.24,Medium Risk,Yes,2025-03-04
CUST-02051,Bengaluru,Two year,44,43,80.72,3346.62,4,34,16.08,Low Risk,No,2024-07-07
CUST-02052,Bengaluru,Month-to-month,37,15,52.29,818.45,1,17,61.53,Medium Risk,Yes,2026-03-08
CUST-02053,Delhi,Two year,26,6,99.57,589.2,0,9,84.27,High Risk,Yes,2021-09-25
CUST-02054,Kolkata,Month-to-month,25,14,79.42,1093.81,2,15,87.07,High Risk,No,2021-02-22
CUST-02055,Chennai,Month-to-month,38,24,48.16,1201.44,3,35,50.04,Medium Risk,Yes,2025-09-11
CUST-02056,Pune,Month-to-month,42,23,111.92,2543.4,4,31,91.28,High Risk,Yes,2021-09-29
CUST-02057,Bengaluru,One year,39,30,68.59,2128.16,1,30,48.06,Medium Risk,No,2021-05-25
CUST-02058,Mumbai,Month-to-month,25,10,51.58,545.1,0,11,68.58,Medium Risk,Yes,2025-02-20
CUST-02059,Pune,Two year,42,59,92.56,5143.76,2,52,12.99,Low Risk,No,2023-05-13
CUST-02060,Bengaluru,Two year,39,11,76.15,834.84,0,16,80.39,High Risk,Yes,2022-02-14
CUST-02061,Jaipur,Two year,24,21,36.87,829.39,2,35,23.12,Low Risk,No,2025-11-29
CUST-02062,Bengaluru,Month-to-month,27,24,54.94,1384.42,3,21,46.77,Medium Risk,Yes,2021-01-29
CUST-02063,Chennai,One year,42,23,71.07,1758.48,6,34,65.58,Medium Risk,No,2025-03-12
CUST-02064,Bengaluru,One year,33,8,32.57,275.58,2,15,38.17,Low Risk,No,2024-10-05
CUST-02065,Jaipur,Month-to-month,51,44,66.79,2849.53,3,45,41.58,Medium Risk,Yes,2025-02-28
CUST-02066,Hyderabad,One year,40,13,68.37,843.18,0,23,68.62,Medium Risk,Yes,2025-09-07
CUST-02067,Delhi,Month-to-month,30,26,44.51,1103.66,6,41,44.55,Medium Risk,Yes,2023-06-26
CUST-02068,Delhi,Month-to-month,35,22,70.88,1488.73,1,35,80.37,High Risk,No,2024-10-12
CUST-02069,Delhi,Month-to-month,36,22,65.16,1336.21,5,37,61.9,Medium Risk,No,2022-11-05
CUST-02070,Mumbai,Month-to-month,28,6,44.4,283.74,2,8,83.81,High Risk,Yes,2022-05-17
CUST-02071,Hyderabad,Month-to-month,26,12,87.24,1047.31,4,13,93.18,High Risk,Yes,2023-08-25
CUST-02072,Bengaluru,Month-to-month,42,25,84.99,1989.2,3,33,83.06,High Risk,No,2024-06-08
CUST-02073,Delhi,One year,43,6,59.24,370.38,0,7,72.06,High Risk,Yes,2025-04-14
CUST-02074,Chennai,Month-to-month,41,17,61.0,1008.07,2,21,71.14,High Risk,Yes,2023-09-20
CUST-02075,Chennai,Month-to-month,50,21,82.01,1604.01,6,35,84.29,High Risk,Yes,2021-05-01
CUST-02076,Chennai,Month-to-month,30,29,60.96,1680.09,1,38,50.68,Medium Risk,No,2021-06-26
CUST-02077,Delhi,One year,52,21,35.04,754.39,4,26,38.26,Low Risk,Yes,2025-07-14
CUST-02078,Bengaluru,One year,26,17,75.96,1352.06,2,18,63.29,Medium Risk,Yes,2021-12-13
CUST-02079,Kolkata,One year,25,23,50.11,1107.11,2,23,29.26,Low Risk,No,2021-05-24
CUST-02080,Hyderabad,One year,18,16,57.38,929.4,1,15,49.46,Medium Risk,Yes,2021-12-03
CUST-02081,Jaipur,Month-to-month,31,10,103.64,953.63,1,17,93.65,High Risk,Yes,2025-10-05
CUST-02082,Jaipur,One year,30,14,62.27,840.87,2,25,74.26,High Risk,Yes,2023-06-29
CUST-02083,Bengaluru,Month-to-month,40,25,65.04,1543.17,4,32,70.0,High Risk,Yes,2024-07-16
CUST-02084,Kolkata,Month-to-month,37,17,76.51,1212.55,2,14,84.48,High Risk,Yes,2023-07-20
CUST-02085,Bengaluru,One year,23,72,76.41,5487.34,2,114,3.0,Low Risk,No,2021-02-21
CUST-02086,Bengaluru,Month-to-month,31,8,48.44,395.64,0,13,64.3,Medium Risk,No,2022-06-21
CUST-02087,Jaipur,One year,31,25,63.76,1478.31,3,47,50.87,Medium Risk,No,2023-01-14
CUST-02088,Pune,One year,18,27,65.76,1672.65,2,38,21.6,Low Risk,No,2021-08-24
CUST-02089,Chennai,Month-to-month,25,20,70.91,1516.29,2,27,71.21,High Risk,Yes,2022-01-16
CUST-02090,Mumbai,Month-to-month,27,16,71.3,1090.26,7,23,80.9,High Risk,Yes,2022-05-06
CUST-02091,Hyderabad,Month-to-month,49,19,148.77,2944.21,4,16,97.0,High Risk,Yes,2022-03-19
CUST-02092,Kolkata,Two year,37,19,44.62,881.38,3,27,37.44,Low Risk,No,2022-04-05
CUST-02093,Delhi,One year,42,49,88.94,4233.65,3,75,22.16,Low Risk,No,2025-11-10
CUST-02094,Bengaluru,Month-to-month,20,4,94.92,361.71,1,7,94.75,High Risk,Yes,2023-06-04
CUST-02095,Delhi,Month-to-month,47,10,76.1,729.82,0,14,89.49,High Risk,Yes,2023-12-28
CUST-02096,Hyderabad,One year,48,23,52.79,1226.97,0,34,33.91,Low Risk,No,2023-07-27
CUST-02097,Bengaluru,Two year,18,37,110.73,4019.11,0,52,49.97,Medium Risk,No,2026-05-22
CUST-02098,Pune,Month-to-month,28,10,32.23,322.07,2,12,45.38,Medium Risk,Yes,2025-11-12
CUST-02099,Hyderabad,Month-to-month,40,8,52.23,438.67,2,17,70.22,High Risk,Yes,2025-10-21
CUST-02100,Mumbai,Two year,41,18,94.57,1702.89,2,27,82.78,High Risk,Yes,2021-04-28
CUST-02101,Kolkata,Month-to-month,28,10,57.74,623.15,2,19,81.19,High Risk,Yes,2022-03-05
CUST-02102,Bengaluru,Month-to-month,32,18,108.34,2001.86,4,21,92.67,High Risk,Yes,2021-03-13
CUST-02103,Delhi,Two year,29,10,40.07,381.93,2,18,59.97,Medium Risk,Yes,2023-01-29
CUST-02104,Hyderabad,One year,36,29,45.54,1320.56,4,36,17.3,Low Risk,No,2022-08-07
CUST-02105,Hyderabad,Month-to-month,47,10,54.83,575.8,0,16,77.48,High Risk,Yes,2021-10-12
CUST-02106,Mumbai,Month-to-month,27,5,74.29,354.71,3,12,88.5,High Risk,Yes,2025-03-19
CUST-02107,Chennai,Month-to-month,45,30,60.54,1882.87,1,52,34.74,Low Risk,No,2025-12-18
CUST-02108,Kolkata,Month-to-month,27,19,55.56,976.84,2,28,52.92,Medium Risk,No,2023-07-16
CUST-02109,Delhi,Two year,27,14,102.4,1535.13,4,16,89.47,High Risk,Yes,2025-08-04
CUST-02110,Kolkata,Month-to-month,43,15,105.5,1623.86,5,29,95.86,High Risk,Yes,2021-08-11
CUST-02111,Delhi,One year,44,21,56.93,1130.98,6,38,60.76,Medium Risk,No,2023-09-04
CUST-02112,Delhi,Two year,44,8,37.61,318.9,5,10,62.09,Medium Risk,No,2025-09-08
CUST-02113,Delhi,Month-to-month,22,7,32.59,212.87,2,8,68.05,Medium Risk,Yes,2026-03-03
CUST-02114,Chennai,Month-to-month,30,10,70.17,691.14,2,16,90.96,High Risk,Yes,2024-07-27
CUST-02115,Pune,Month-to-month,43,16,80.18,1331.52,0,17,80.56,High Risk,Yes,2025-11-29
CUST-02116,Delhi,Two year,35,10,66.32,709.61,7,13,83.57,High Risk,Yes,2021-08-22
CUST-02117,Mumbai,One year,24,49,63.54,3038.14,2,65,6.74,Low Risk,No,2025-03-19
CUST-02118,Pune,Month-to-month,40,10,50.25,529.07,4,18,75.82,High Risk,No,2022-10-28
CUST-02119,Jaipur,One year,28,20,80.16,1525.41,2,15,75.25,High Risk,Yes,2021-01-02
CUST-02120,Chennai,One year,53,26,111.21,2676.39,3,47,88.69,High Risk,Yes,2025-04-18
CUST-02121,Chennai,Two year,50,40,31.98,1182.75,3,72,7.44,Low Risk,No,2021-02-03
CUST-02122,Bengaluru,Month-to-month,41,53,63.41,3445.78,2,91,13.25,Low Risk,No,2023-05-08
CUST-02123,Kolkata,Month-to-month,49,66,47.65,2970.9,3,78,3.89,Low Risk,No,2025-06-22
CUST-02124,Mumbai,Two year,36,39,40.34,1460.07,1,48,7.17,Low Risk,No,2021-02-07
CUST-02125,Kolkata,Month-to-month,43,35,45.28,1705.69,1,44,14.77,Low Risk,No,2021-05-07
CUST-02126,Pune,Month-to-month,50,9,73.4,633.33,0,18,89.28,High Risk,Yes,2025-10-08
CUST-02127,Pune,Month-to-month,37,27,73.99,1985.76,2,35,68.92,Medium Risk,No,2025-10-25
CUST-02128,Delhi,Month-to-month,32,16,103.72,1689.55,0,17,92.29,High Risk,Yes,2021-05-28
CUST-02129,Chennai,Month-to-month,18,16,65.18,983.55,0,18,63.76,Medium Risk,No,2025-08-01
CUST-02130,Mumbai,Two year,34,15,37.03,542.76,1,20,50.68,Medium Risk,Yes,2026-06-27
CUST-02131,Delhi,Month-to-month,43,9,60.23,554.88,2,17,83.84,High Risk,No,2021-06-10
CUST-02132,Jaipur,Month-to-month,44,13,41.71,554.36,2,17,53.43,Medium Risk,Yes,2022-09-26
CUST-02133,Bengaluru,One year,40,10,44.18,465.98,3,19,46.15,Medium Risk,Yes,2023-12-05
CUST-02134,Bengaluru,Month-to-month,30,4,78.27,309.95,1,5,90.76,High Risk,Yes,2022-05-11
CUST-02135,Hyderabad,Month-to-month,18,44,69.17,3233.31,2,75,22.83,Low Risk,Yes,2021-03-01
CUST-02136,Chennai,One year,30,20,78.45,1614.74,1,27,60.12,Medium Risk,No,2022-03-26
CUST-02137,Jaipur,Two year,32,20,57.97,1170.92,2,36,64.97,Medium Risk,Yes,2023-01-20
CUST-02138,Hyderabad,One year,32,19,83.71,1493.06,2,27,74.19,High Risk,Yes,2022-12-02
CUST-02139,Delhi,One year,41,37,56.95,2132.34,3,54,15.07,Low Risk,No,2022-11-22
CUST-02140,Chennai,Month-to-month,55,21,92.92,1980.88,0,28,68.86,Medium Risk,No,2023-11-02
CUST-02141,Chennai,Two year,36,45,72.58,3401.34,2,39,17.46,Low Risk,No,2025-10-10
CUST-02142,Bengaluru,Month-to-month,33,29,60.83,1825.92,1,31,51.17,Medium Risk,Yes,2024-03-06
CUST-02143,Hyderabad,One year,32,11,69.56,768.83,2,11,85.12,High Risk,Yes,2021-09-24
CUST-02144,Mumbai,Month-to-month,36,40,64.63,2623.6,2,51,26.17,Low Risk,No,2024-03-18
CUST-02145,Bengaluru,Two year,27,24,108.33,2713.21,2,34,87.56,High Risk,Yes,2022-12-17
CUST-02146,Chennai,One year,36,18,70.31,1235.5,2,20,51.47,Medium Risk,Yes,2025-09-28
CUST-02147,Bengaluru,One year,40,34,64.97,2079.97,0,46,21.65,Low Risk,No,2023-03-05
CUST-02148,Mumbai,Month-to-month,37,20,60.22,1276.53,3,24,57.58,Medium Risk,Yes,2026-06-06
CUST-02149,Bengaluru,Month-to-month,40,31,85.13,2835.38,0,40,65.49,Medium Risk,No,2024-03-16
CUST-02150,Chennai,One year,39,8,81.53,644.86,1,7,77.66,High Risk,Yes,2023-09-29
CUST-02151,Mumbai,One year,18,20,59.55,1284.43,2,29,49.39,Medium Risk,No,2022-05-10
CUST-02152,Delhi,Month-to-month,41,12,44.91,523.63,1,17,54.26,Medium Risk,No,2023-02-24
CUST-02153,Hyderabad,Two year,28,65,48.7,2945.98,1,69,3.0,Low Risk,No,2024-06-28
CUST-02154,Chennai,Two year,24,43,61.28,2665.59,2,60,10.72,Low Risk,No,2022-11-15
CUST-02155,Jaipur,Month-to-month,24,22,100.09,2331.7,1,20,85.16,High Risk,No,2024-04-27
CUST-02156,Delhi,Two year,39,40,60.0,2445.11,2,71,9.21,Low Risk,No,2021-05-09
CUST-02157,Delhi,Month-to-month,33,12,53.75,594.37,1,23,58.08,Medium Risk,Yes,2021-08-28
CUST-02158,Mumbai,Month-to-month,18,14,37.0,477.54,1,23,42.06,Medium Risk,No,2022-01-13
CUST-02159,Bengaluru,Month-to-month,40,4,105.5,437.15,1,4,97.0,High Risk,Yes,2024-05-08
CUST-02160,Hyderabad,One year,21,30,77.98,2468.66,2,43,47.96,Medium Risk,No,2022-03-18
CUST-02161,Pune,One year,36,3,83.86,241.64,2,5,93.62,High Risk,Yes,2021-12-16
CUST-02162,Pune,Month-to-month,37,13,88.42,1143.97,0,17,80.47,High Risk,Yes,2021-05-01
CUST-02163,Mumbai,One year,44,8,61.66,529.67,1,11,77.32,High Risk,Yes,2025-07-09
CUST-02164,Chennai,One year,53,36,66.78,2388.91,0,35,20.6,Low Risk,Yes,2021-02-10
CUST-02165,Bengaluru,One year,21,61,104.66,6012.25,2,60,9.51,Low Risk,No,2021-06-01
CUST-02166,Kolkata,Month-to-month,34,33,68.84,2421.35,4,49,44.37,Medium Risk,No,2021-06-20
CUST-02167,Pune,Two year,32,29,78.44,2273.0,1,52,43.39,Medium Risk,No,2021-12-03
CUST-02168,Jaipur,Month-to-month,39,23,85.88,1926.04,0,27,78.31,High Risk,Yes,2024-10-29
CUST-02169,Pune,Month-to-month,37,21,79.85,1568.84,2,19,83.1,High Risk,Yes,2021-04-04
CUST-02170,Mumbai,Month-to-month,31,11,62.39,681.71,2,12,82.25,High Risk,Yes,2023-09-28
CUST-02171,Pune,Month-to-month,31,6,64.3,402.45,1,10,87.63,High Risk,Yes,2024-02-14
CUST-02172,Jaipur,Two year,24,21,83.37,1811.61,3,23,80.53,High Risk,Yes,2025-11-06
CUST-02173,Delhi,Month-to-month,45,24,83.32,1998.59,4,26,83.12,High Risk,Yes,2025-12-06
CUST-02174,Chennai,One year,40,24,94.46,2346.67,1,24,68.3,Medium Risk,Yes,2025-01-13
CUST-02175,Delhi,Month-to-month,44,26,77.54,1967.9,2,37,72.26,High Risk,No,2024-05-26
CUST-02176,Chennai,Month-to-month,32,31,78.67,2530.57,4,43,74.76,High Risk,No,2024-03-29
CUST-02177,Delhi,Two year,28,20,56.35,1052.3,1,38,35.14,Low Risk,No,2024-05-27
CUST-02178,Pune,One year,24,10,53.97,513.73,2,16,59.12,Medium Risk,Yes,2022-03-01
CUST-02179,Hyderabad,Month-to-month,39,26,83.45,2300.83,1,27,79.14,High Risk,Yes,2023-11-01
CUST-02180,Bengaluru,Month-to-month,25,30,54.09,1569.13,5,49,40.32,Medium Risk,No,2023-08-19
CUST-02181,Mumbai,Month-to-month,53,16,64.57,984.51,4,17,84.39,High Risk,Yes,2021-04-26
CUST-02182,Delhi,Month-to-month,22,30,101.06,2832.43,2,40,82.13,High Risk,Yes,2023-01-11
CUST-02183,Jaipur,One year,38,21,96.06,1982.71,1,18,66.46,Medium Risk,No,2024-07-21
CUST-02184,Mumbai,One year,51,9,71.59,599.67,3,11,80.9,High Risk,Yes,2025-03-06
CUST-02185,Pune,Month-to-month,41,72,59.12,4254.58,1,89,3.0,Low Risk,No,2023-10-29
CUST-02186,Kolkata,Two year,37,15,62.48,1000.06,0,15,56.75,Medium Risk,No,2024-07-30
CUST-02187,Chennai,One year,25,9,85.8,807.68,2,13,73.81,High Risk,No,2021-07-29
CUST-02188,Hyderabad,Month-to-month,21,12,64.25,714.34,1,16,72.12,High Risk,Yes,2023-02-16
CUST-02189,Hyderabad,Month-to-month,43,2,54.37,105.26,2,3,90.09,High Risk,Yes,2022-05-29
CUST-02190,Pune,One year,50,16,95.91,1457.87,5,18,92.68,High Risk,Yes,2025-06-05
CUST-02191,Delhi,One year,31,44,68.89,2821.13,2,55,15.27,Low Risk,Yes,2023-08-29
CUST-02192,Kolkata,Month-to-month,24,22,54.04,1114.44,2,38,55.79,Medium Risk,Yes,2024-08-18
CUST-02193,Pune,Month-to-month,18,11,75.77,887.9,0,10,79.7,High Risk,Yes,2024-05-06
CUST-02194,Bengaluru,Month-to-month,25,19,88.69,1633.91,2,34,86.9,High Risk,Yes,2024-11-13
CUST-02195,Jaipur,One year,34,4,47.08,185.07,1,8,78.21,High Risk,No,2022-10-14
CUST-02196,Mumbai,Month-to-month,51,19,60.96,1155.59,2,35,74.63,High Risk,No,2025-09-04
CUST-02197,Bengaluru,Month-to-month,42,16,60.07,998.79,4,21,75.19,High Risk,Yes,2022-03-02
CUST-02198,Chennai,One year,38,35,75.12,2754.72,3,42,39.47,Low Risk,No,2023-05-17
CUST-02199,Bengaluru,Two year,31,24,79.57,2051.37,1,36,63.89,Medium Risk,No,2024-10-26
CUST-02200,Mumbai,Two year,29,10,54.48,519.58,1,8,62.06,Medium Risk,Yes,2025-02-04
CUST-02201,Kolkata,Month-to-month,49,34,40.31,1326.92,3,29,30.46,Low Risk,Yes,2021-06-07
CUST-02202,Jaipur,Month-to-month,37,41,90.43,3596.67,1,45,47.95,Medium Risk,Yes,2021-02-21
CUST-02203,Mumbai,Month-to-month,18,25,45.42,1125.55,0,41,43.61,Medium Risk,Yes,2025-01-28
CUST-02204,Jaipur,Month-to-month,28,17,70.89,1264.4,1,16,78.04,High Risk,No,2024-08-19
CUST-02205,Hyderabad,Two year,26,13,62.31,776.26,1,21,57.58,Medium Risk,Yes,2022-07-02
CUST-02206,Kolkata,Month-to-month,30,50,68.47,3578.47,3,50,24.8,Low Risk,No,2022-08-05
CUST-02207,Delhi,Month-to-month,41,24,110.25,2520.7,1,38,89.36,High Risk,Yes,2025-12-29
CUST-02208,Chennai,Month-to-month,34,21,171.85,3730.19,2,29,97.0,High Risk,Yes,2023-01-08
CUST-02209,Delhi,Month-to-month,34,8,38.54,323.07,4,7,61.99,Medium Risk,Yes,2023-03-23
CUST-02210,Kolkata,One year,48,10,89.05,940.91,5,14,91.69,High Risk,Yes,2022-02-04
CUST-02211,Hyderabad,Month-to-month,28,6,61.83,371.59,4,7,93.02,High Risk,Yes,2025-05-26
CUST-02212,Chennai,Month-to-month,54,17,90.89,1502.78,1,16,72.86,High Risk,No,2026-03-03
CUST-02213,Jaipur,Month-to-month,28,13,88.3,1197.93,1,16,73.31,High Risk,Yes,2025-08-08
CUST-02214,Kolkata,Month-to-month,36,21,102.05,2081.64,5,37,92.89,High Risk,Yes,2022-11-03
CUST-02215,Hyderabad,Month-to-month,32,38,71.21,2553.62,2,57,37.51,Low Risk,No,2021-01-14
CUST-02216,Mumbai,One year,36,30,48.9,1545.56,2,53,27.12,Low Risk,No,2024-12-04
CUST-02217,Chennai,One year,39,34,87.46,2931.41,1,62,39.03,Low Risk,No,2025-01-20
CUST-02218,Delhi,One year,39,38,67.5,2594.07,1,49,11.09,Low Risk,No,2024-03-10
CUST-02219,Chennai,Two year,27,11,60.31,707.83,1,14,57.22,Medium Risk,No,2023-10-07
CUST-02220,Jaipur,Two year,24,15,55.81,788.37,3,26,69.78,Medium Risk,Yes,2022-10-02
CUST-02221,Hyderabad,Two year,60,13,89.69,1176.64,1,19,83.4,High Risk,No,2022-12-30
CUST-02222,Bengaluru,Month-to-month,30,31,108.58,3397.63,2,55,76.14,High Risk,Yes,2023-02-19
CUST-02223,Jaipur,Month-to-month,42,8,44.34,375.26,1,15,49.89,Medium Risk,Yes,2025-09-05
CUST-02224,Delhi,Month-to-month,19,45,79.31,3478.3,0,70,13.37,Low Risk,No,2022-10-18
CUST-02225,Jaipur,Two year,32,14,57.7,795.03,3,28,71.07,High Risk,No,2022-05-12
CUST-02226,Bengaluru,Two year,34,8,40.64,326.12,2,15,55.2,Medium Risk,Yes,2026-01-18
CUST-02227,Mumbai,Two year,40,15,68.15,967.82,2,20,75.31,High Risk,No,2025-08-12
CUST-02228,Pune,Month-to-month,18,16,49.79,792.9,1,22,49.48,Medium Risk,Yes,2022-06-20
CUST-02229,Delhi,Two year,37,17,39.23,660.09,0,28,22.86,Low Risk,Yes,2025-04-28
CUST-02230,Delhi,Month-to-month,24,18,50.61,866.87,3,30,57.0,Medium Risk,No,2025-07-17
CUST-02231,Hyderabad,Month-to-month,38,38,46.78,1872.36,3,43,17.91,Low Risk,No,2024-11-13
CUST-02232,Jaipur,Month-to-month,25,24,52.85,1254.4,0,30,34.22,Low Risk,No,2022-09-15
CUST-02233,Kolkata,Month-to-month,26,8,42.53,329.68,2,11,63.36,Medium Risk,Yes,2024-08-05
CUST-02234,Chennai,Month-to-month,32,15,57.28,808.39,1,15,66.41,Medium Risk,No,2025-03-01
CUST-02235,Pune,Month-to-month,24,13,51.74,628.47,2,14,63.52,Medium Risk,Yes,2024-03-28
CUST-02236,Pune,Month-to-month,30,20,73.3,1573.95,2,23,65.43,Medium Risk,Yes,2025-03-25
CUST-02237,Chennai,One year,23,18,78.6,1526.89,3,32,81.52,High Risk,Yes,2021-08-29
CUST-02238,Delhi,Two year,18,54,70.64,4057.43,0,60,6.47,Low Risk,No,2021-02-04
CUST-02239,Jaipur,One year,45,34,60.28,2035.95,2,45,26.52,Low Risk,No,2022-06-04
CUST-02240,Delhi,Month-to-month,22,28,59.76,1755.72,1,48,40.45,Medium Risk,No,2026-02-10
CUST-02241,Hyderabad,One year,33,3,49.73,157.17,3,4,79.98,High Risk,No,2021-05-25
CUST-02242,Jaipur,Two year,43,33,50.11,1600.66,2,32,23.42,Low Risk,No,2022-08-15
CUST-02243,Bengaluru,Month-to-month,29,4,81.41,330.12,2,11,90.28,High Risk,Yes,2023-11-10
CUST-02244,Kolkata,Month-to-month,27,14,37.01,556.01,3,24,42.5,Medium Risk,No,2022-04-20
CUST-02245,Chennai,Month-to-month,37,15,63.34,916.67,1,16,54.35,Medium Risk,Yes,2024-06-25
CUST-02246,Bengaluru,Month-to-month,46,37,58.61,2225.09,1,60,42.58,Medium Risk,No,2021-11-30
CUST-02247,Jaipur,One year,23,9,78.74,727.09,3,18,80.77,High Risk,Yes,2023-11-12
CUST-02248,Chennai,Two year,33,17,41.2,695.1,2,31,44.28,Medium Risk,Yes,2022-03-14
CUST-02249,Pune,Month-to-month,18,7,65.26,456.11,1,8,83.7,High Risk,Yes,2023-05-31
CUST-02250,Jaipur,One year,31,27,72.54,1944.91,2,33,53.89,Medium Risk,No,2022-08-06
CUST-02251,Jaipur,Two year,35,14,35.33,496.29,2,23,39.95,Low Risk,Yes,2022-04-04
CUST-02252,Kolkata,Two year,26,22,46.09,957.0,3,27,24.55,Low Risk,No,2024-05-17
CUST-02253,Pune,Month-to-month,30,2,63.12,132.19,1,2,83.77,High Risk,No,2022-08-12
CUST-02254,Chennai,Two year,21,8,76.62,628.76,3,8,81.14,High Risk,Yes,2022-01-06
CUST-02255,Chennai,Month-to-month,36,22,68.91,1630.95,0,34,48.03,Medium Risk,No,2021-03-22
CUST-02256,Bengaluru,One year,46,29,77.77,2163.54,2,32,41.95,Medium Risk,Yes,2026-06-18
CUST-02257,Bengaluru,Month-to-month,24,46,46.02,1997.01,6,33,9.47,Low Risk,No,2021-09-05
CUST-02258,Mumbai,Month-to-month,29,42,39.09,1600.42,1,67,8.8,Low Risk,No,2022-03-28
CUST-02259,Mumbai,One year,40,13,66.78,869.49,1,15,64.42,Medium Risk,Yes,2022-12-21
CUST-02260,Mumbai,Month-to-month,47,21,43.86,877.59,1,26,48.03,Medium Risk,Yes,2021-06-08
CUST-02261,Hyderabad,Month-to-month,20,31,49.28,1518.05,2,46,35.5,Low Risk,No,2024-09-26
CUST-02262,Pune,Month-to-month,33,24,87.59,2150.13,3,32,76.8,High Risk,No,2024-03-10
CUST-02263,Chennai,One year,38,15,69.05,962.2,0,23,50.55,Medium Risk,Yes,2024-02-11
CUST-02264,Mumbai,Month-to-month,34,22,54.19,1241.4,2,19,35.81,Low Risk,Yes,2023-02-04
CUST-02265,Pune,One year,18,44,51.99,2448.5,2,33,8.33,Low Risk,No,2023-11-19
CUST-02266,Pune,Month-to-month,40,19,79.29,1450.65,2,25,75.47,High Risk,Yes,2025-01-26
CUST-02267,Pune,Month-to-month,50,27,69.56,1961.12,3,51,61.76,Medium Risk,Yes,2022-10-12
CUST-02268,Hyderabad,Month-to-month,36,23,44.07,1000.3,2,25,46.06,Medium Risk,Yes,2022-02-21
CUST-02269,Delhi,Month-to-month,25,12,34.85,429.2,3,20,69.87,Medium Risk,Yes,2023-06-30
CUST-02270,Bengaluru,Month-to-month,30,36,118.7,4439.35,2,36,65.36,Medium Risk,Yes,2024-02-21
CUST-02271,Jaipur,Month-to-month,53,19,43.96,807.84,3,23,48.73,Medium Risk,No,2024-10-18
CUST-02272,Mumbai,Two year,44,15,76.96,1207.48,2,13,74.67,High Risk,Yes,2022-05-22
CUST-02273,Bengaluru,One year,41,23,105.4,2271.03,2,41,73.61,High Risk,Yes,2025-06-01
CUST-02274,Pune,Month-to-month,39,39,68.14,2864.41,4,44,25.86,Low Risk,No,2022-05-27
CUST-02275,Kolkata,Month-to-month,28,22,53.64,1149.31,2,24,63.45,Medium Risk,No,2025-03-12
CUST-02276,Pune,Two year,33,22,41.18,865.92,0,36,18.99,Low Risk,No,2025-04-20
CUST-02277,Hyderabad,Month-to-month,34,27,41.0,1043.0,2,28,22.93,Low Risk,No,2023-04-02
CUST-02278,Bengaluru,Month-to-month,40,31,73.33,2386.78,3,30,45.82,Medium Risk,Yes,2023-07-06
CUST-02279,Pune,One year,50,16,103.41,1677.3,2,13,91.87,High Risk,Yes,2024-03-27
CUST-02280,Jaipur,One year,46,18,57.27,1105.36,2,36,47.96,Medium Risk,Yes,2026-03-19
CUST-02281,Delhi,One year,21,16,54.41,891.13,1,16,35.55,Low Risk,No,2025-09-06
CUST-02282,Mumbai,Month-to-month,37,26,81.25,2058.62,4,49,67.4,Medium Risk,Yes,2025-11-06
CUST-02283,Bengaluru,Month-to-month,42,19,52.19,1044.98,1,18,57.04,Medium Risk,No,2026-01-08
CUST-02284,Jaipur,One year,41,20,70.97,1369.72,1,17,66.04,Medium Risk,Yes,2025-02-25
CUST-02285,Delhi,Month-to-month,29,20,65.88,1273.51,0,37,68.54,Medium Risk,Yes,2024-05-07
CUST-02286,Delhi,Month-to-month,64,8,57.02,421.73,1,14,78.86,High Risk,No,2021-06-26
CUST-02287,Kolkata,Month-to-month,22,29,64.68,1801.3,0,36,36.22,Low Risk,Yes,2023-07-09
CUST-02288,Mumbai,Month-to-month,24,16,114.27,1758.53,3,24,97.0,High Risk,Yes,2021-07-27
CUST-02289,Bengaluru,Two year,37,19,78.87,1449.98,6,21,82.63,High Risk,Yes,2025-05-24
CUST-02290,Delhi,Two year,56,14,92.2,1263.67,0,23,82.51,High Risk,Yes,2021-05-14
CUST-02291,Pune,One year,27,9,48.44,441.31,2,16,40.36,Medium Risk,No,2026-04-06
CUST-02292,Delhi,Month-to-month,32,22,92.3,1938.46,2,20,79.29,High Risk,No,2026-03-28
CUST-02293,Delhi,Month-to-month,46,25,79.75,2037.38,6,43,70.52,High Risk,Yes,2022-05-30
CUST-02294,Bengaluru,Month-to-month,35,72,40.23,2726.62,4,90,3.0,Low Risk,No,2021-11-05
CUST-02295,Jaipur,Month-to-month,32,13,77.26,1073.63,0,14,76.22,High Risk,Yes,2022-06-06
CUST-02296,Jaipur,Two year,41,32,55.15,1630.99,2,35,22.94,Low Risk,Yes,2022-06-20
CUST-02297,Delhi,Month-to-month,38,16,39.64,675.66,0,30,49.63,Medium Risk,No,2024-02-10
CUST-02298,Jaipur,Month-to-month,45,34,67.76,2321.24,3,41,39.53,Low Risk,No,2022-02-21
CUST-02299,Jaipur,Month-to-month,48,28,77.24,2235.4,2,39,53.64,Medium Risk,Yes,2025-03-14
CUST-02300,Mumbai,One year,38,13,68.23,858.37,2,23,69.99,Medium Risk,No,2024-09-25
CUST-02301,Chennai,Month-to-month,38,9,62.77,535.45,2,17,80.4,High Risk,Yes,2021-10-05
CUST-02302,Bengaluru,Month-to-month,37,7,58.48,438.66,3,10,73.44,High Risk,Yes,2023-04-09
CUST-02303,Bengaluru,Month-to-month,40,36,143.12,5103.69,5,37,94.09,High Risk,Yes,2022-04-25
CUST-02304,Delhi,Two year,36,11,44.52,488.19,3,20,51.26,Medium Risk,Yes,2024-05-30
CUST-02305,Kolkata,Month-to-month,35,6,85.95,555.77,4,10,94.07,High Risk,Yes,2026-02-02
CUST-02306,Mumbai,Two year,47,35,65.32,2226.24,2,61,26.12,Low Risk,No,2024-07-07
CUST-02307,Jaipur,Two year,50,20,49.45,925.73,2,20,43.77,Medium Risk,No,2024-04-17
CUST-02308,Pune,Month-to-month,20,17,64.0,1103.13,2,20,70.13,High Risk,Yes,2025-03-20
CUST-02309,Jaipur,One year,35,31,41.62,1301.53,2,24,11.35,Low Risk,No,2023-03-18
CUST-02310,Mumbai,Month-to-month,28,16,53.72,897.08,1,21,64.44,Medium Risk,No,2023-11-21
CUST-02311,Bengaluru,Two year,32,29,64.03,1992.07,2,26,31.83,Low Risk,Yes,2025-01-04
CUST-02312,Chennai,Month-to-month,39,13,39.57,498.58,4,25,73.67,High Risk,Yes,2021-07-20
CUST-02313,Bengaluru,Month-to-month,42,43,76.43,3403.12,2,78,39.08,Low Risk,Yes,2021-01-30
CUST-02314,Hyderabad,Month-to-month,34,12,47.75,567.0,0,18,73.66,High Risk,Yes,2024-06-22
CUST-02315,Kolkata,Month-to-month,18,29,40.85,1238.44,0,24,16.71,Low Risk,No,2023-05-11
CUST-02316,Jaipur,Two year,25,39,46.0,1697.63,2,43,15.1,Low Risk,No,2023-10-11
CUST-02317,Delhi,Month-to-month,44,1,130.41,130.43,1,6,97.0,High Risk,Yes,2025-02-05
CUST-02318,Mumbai,One year,18,27,34.52,868.99,0,24,16.52,Low Risk,No,2022-05-15
CUST-02319,Mumbai,Month-to-month,47,12,74.73,905.54,2,16,89.02,High Risk,Yes,2024-04-05
CUST-02320,Mumbai,Two year,40,30,51.1,1451.81,2,36,27.89,Low Risk,Yes,2022-09-03
CUST-02321,Kolkata,Month-to-month,48,23,58.11,1434.91,2,44,48.63,Medium Risk,Yes,2021-01-25
CUST-02322,Hyderabad,Month-to-month,33,27,78.86,2147.73,5,31,78.1,High Risk,Yes,2024-06-26
CUST-02323,Pune,Month-to-month,18,19,77.63,1481.9,3,14,79.2,High Risk,No,2025-05-13
CUST-02324,Mumbai,One year,39,40,52.28,2249.24,1,62,7.19,Low Risk,No,2024-06-06
CUST-02325,Chennai,Month-to-month,48,7,42.09,294.56,2,10,71.71,High Risk,No,2024-04-02
CUST-02326,Kolkata,Month-to-month,44,38,79.32,3099.39,1,57,32.36,Low Risk,Yes,2022-01-30
CUST-02327,Chennai,Month-to-month,28,14,77.57,1007.21,1,13,73.01,High Risk,Yes,2022-04-19
CUST-02328,Jaipur,One year,36,4,59.33,245.23,2,8,83.7,High Risk,Yes,2022-09-10
CUST-02329,Pune,Month-to-month,30,21,74.87,1472.73,1,25,57.66,Medium Risk,Yes,2021-10-29
CUST-02330,Jaipur,One year,27,13,56.36,765.53,3,18,50.36,Medium Risk,Yes,2023-05-07
CUST-02331,Delhi,Month-to-month,45,26,49.89,1375.35,1,47,59.13,Medium Risk,No,2023-02-28
CUST-02332,Jaipur,Two year,23,28,65.08,1768.44,1,54,29.66,Low Risk,Yes,2022-05-12
CUST-02333,Pune,Two year,26,18,76.74,1464.89,2,30,71.63,High Risk,Yes,2022-01-21
CUST-02334,Pune,Month-to-month,24,27,71.76,1932.14,4,42,70.92,High Risk,Yes,2021-07-21
CUST-02335,Jaipur,Month-to-month,20,24,76.5,1857.03,1,33,69.78,Medium Risk,Yes,2026-01-05
CUST-02336,Mumbai,Month-to-month,36,20,50.96,1004.68,3,19,59.45,Medium Risk,Yes,2021-04-09
CUST-02337,Bengaluru,Month-to-month,47,18,107.83,1933.66,2,26,92.58,High Risk,Yes,2022-02-21
CUST-02338,Mumbai,Month-to-month,33,14,58.25,868.77,2,16,76.07,High Risk,Yes,2023-01-15
CUST-02339,Jaipur,One year,20,54,62.57,3620.59,4,53,5.9,Low Risk,No,2023-11-21
CUST-02340,Mumbai,Month-to-month,43,20,42.62,845.02,4,31,60.98,Medium Risk,Yes,2024-11-12
CUST-02341,Hyderabad,Two year,52,25,61.09,1530.76,2,38,42.04,Medium Risk,Yes,2026-02-02
CUST-02342,Jaipur,Month-to-month,29,30,77.07,2170.11,0,33,49.95,Medium Risk,Yes,2022-03-29
CUST-02343,Jaipur,One year,30,17,82.96,1370.97,2,28,84.7,High Risk,Yes,2022-04-10
CUST-02344,Mumbai,Month-to-month,40,26,107.15,2791.8,2,47,83.28,High Risk,Yes,2026-04-17
CUST-02345,Kolkata,Month-to-month,51,51,76.77,3728.95,2,70,21.26,Low Risk,Yes,2026-03-30
CUST-02346,Pune,Month-to-month,30,12,71.02,862.68,1,20,83.39,High Risk,No,2022-07-31
CUST-02347,Pune,Month-to-month,22,51,56.35,2959.05,0,55,8.75,Low Risk,No,2021-06-22
CUST-02348,Mumbai,Month-to-month,41,31,52.6,1669.72,1,56,35.53,Low Risk,No,2024-04-05
CUST-02349,Pune,One year,43,13,88.67,1142.11,2,14,77.59,High Risk,No,2025-11-07
CUST-02350,Jaipur,Two year,35,12,88.12,1103.01,3,21,86.39,High Risk,No,2022-08-22
CUST-02351,Pune,Month-to-month,29,51,46.05,2280.73,2,91,7.36,Low Risk,No,2026-03-12
CUST-02352,Kolkata,Month-to-month,45,36,81.92,2934.62,0,57,56.84,Medium Risk,Yes,2023-01-24
CUST-02353,Pune,Month-to-month,40,18,80.04,1387.74,1,29,83.69,High Risk,Yes,2024-05-25
CUST-02354,Chennai,Month-to-month,27,15,45.51,693.97,3,21,71.21,High Risk,Yes,2025-03-04
CUST-02355,Hyderabad,Month-to-month,35,14,77.27,1071.52,1,25,76.84,High Risk,No,2023-08-07
CUST-02356,Jaipur,One year,21,18,46.46,798.43,3,30,33.2,Low Risk,No,2026-05-05
CUST-02357,Kolkata,Two year,42,19,29.87,550.11,0,23,26.32,Low Risk,No,2024-03-10
CUST-02358,Jaipur,Two year,32,22,61.75,1310.57,3,19,59.41,Medium Risk,Yes,2023-06-16
CUST-02359,Bengaluru,Month-to-month,31,10,70.59,752.31,1,15,82.46,High Risk,Yes,2022-09-02
CUST-02360,Delhi,Two year,35,13,62.65,817.31,3,24,62.76,Medium Risk,Yes,2021-06-06
CUST-02361,Jaipur,One year,35,17,162.69,2833.28,3,30,97.0,High Risk,Yes,2023-04-09
CUST-02362,Mumbai,Month-to-month,44,63,73.38,4944.5,2,103,8.48,Low Risk,No,2024-10-06
CUST-02363,Delhi,Month-to-month,41,24,68.13,1551.98,1,22,59.99,Medium Risk,Yes,2022-08-07
CUST-02364,Bengaluru,Two year,33,8,74.58,638.35,1,13,77.79,High Risk,No,2022-01-21
CUST-02365,Bengaluru,Month-to-month,43,11,56.44,624.78,2,15,82.72,High Risk,Yes,2025-12-09
CUST-02366,Jaipur,Month-to-month,39,51,87.52,4717.92,2,77,25.57,Low Risk,No,2026-01-22
CUST-02367,Jaipur,Month-to-month,31,40,72.96,2763.37,4,44,37.77,Low Risk,Yes,2023-01-07
CUST-02368,Bengaluru,One year,34,16,71.9,1108.61,1,25,72.6,High Risk,Yes,2026-03-01
CUST-02369,Mumbai,Month-to-month,34,27,53.23,1366.88,0,39,56.9,Medium Risk,Yes,2026-01-07
CUST-02370,Hyderabad,Two year,40,25,39.4,1009.18,3,35,23.66,Low Risk,Yes,2022-09-25
CUST-02371,Pune,One year,31,20,55.36,1043.56,1,33,34.9,Low Risk,No,2022-02-15
CUST-02372,Chennai,One year,31,12,71.15,893.76,6,19,75.05,High Risk,Yes,2025-02-05
CUST-02373,Hyderabad,Month-to-month,55,5,56.38,270.64,1,8,87.17,High Risk,No,2022-02-26
CUST-02374,Mumbai,One year,44,34,71.36,2331.32,2,61,25.38,Low Risk,No,2024-10-25
CUST-02375,Pune,Month-to-month,27,26,60.34,1513.9,6,28,56.51,Medium Risk,No,2025-02-13
CUST-02376,Delhi,Month-to-month,41,12,74.6,930.49,4,18,86.98,High Risk,Yes,2022-03-12
CUST-02377,Mumbai,Month-to-month,36,39,47.55,1980.32,1,35,26.12,Low Risk,No,2024-09-21
CUST-02378,Hyderabad,Month-to-month,39,50,69.14,3682.4,1,75,21.58,Low Risk,No,2023-10-13
CUST-02379,Mumbai,One year,36,23,52.95,1140.15,1,40,23.96,Low Risk,No,2023-02-02
CUST-02380,Hyderabad,Month-to-month,47,20,39.73,764.4,0,16,56.93,Medium Risk,Yes,2021-06-09
CUST-02381,Chennai,Month-to-month,38,7,61.65,443.44,1,12,76.42,High Risk,Yes,2022-04-17
CUST-02382,Chennai,Month-to-month,34,18,106.27,1949.14,1,16,91.03,High Risk,Yes,2024-11-10
CUST-02383,Kolkata,Two year,45,10,40.76,397.82,7,11,61.35,Medium Risk,No,2023-04-14
CUST-02384,Mumbai,One year,37,19,67.53,1357.56,0,33,50.58,Medium Risk,Yes,2021-05-28
CUST-02385,Mumbai,One year,36,37,83.9,2920.76,2,57,28.67,Low Risk,No,2021-02-26
CUST-02386,Bengaluru,Month-to-month,38,29,135.69,4022.54,4,28,96.61,High Risk,Yes,2023-12-22
CUST-02387,Mumbai,Month-to-month,34,40,55.51,2139.79,2,71,20.41,Low Risk,No,2023-09-14
CUST-02388,Pune,Two year,35,17,53.1,906.62,3,25,54.73,Medium Risk,Yes,2025-06-10
CUST-02389,Hyderabad,Month-to-month,29,8,44.75,351.56,0,11,58.64,Medium Risk,No,2025-02-19
CUST-02390,Pune,Month-to-month,27,16,93.63,1613.07,0,28,78.5,High Risk,Yes,2022-05-27
CUST-02391,Mumbai,One year,25,23,49.25,1130.34,4,30,33.65,Low Risk,No,2022-11-19
CUST-02392,Delhi,Month-to-month,21,41,57.73,2547.23,2,41,22.37,Low Risk,No,2021-07-30
CUST-02393,Mumbai,One year,26,33,35.97,1140.48,2,55,11.09,Low Risk,No,2022-10-09
CUST-02394,Delhi,Month-to-month,33,6,86.25,539.69,0,11,94.18,High Risk,Yes,2021-03-08
CUST-02395,Chennai,Month-to-month,36,23,94.16,2240.89,2,32,82.8,High Risk,Yes,2023-03-29
CUST-02396,Mumbai,Month-to-month,32,37,85.2,3327.75,4,66,55.1,Medium Risk,Yes,2023-02-03
CUST-02397,Delhi,Month-to-month,18,43,38.89,1724.07,1,71,9.82,Low Risk,No,2023-03-13
CUST-02398,Jaipur,Two year,51,38,78.94,3087.24,5,39,41.7,Medium Risk,Yes,2021-04-15
CUST-02399,Pune,One year,46,13,38.06,507.5,3,25,58.47,Medium Risk,Yes,2023-05-05
CUST-02400,Pune,Month-to-month,39,13,66.22,927.67,3,15,84.46,High Risk,Yes,2023-12-29
CUST-02401,Mumbai,Month-to-month,54,54,69.41,3585.08,1,65,17.03,Low Risk,No,2024-10-18
CUST-02402,Jaipur,One year,25,15,71.78,995.75,4,30,77.24,High Risk,Yes,2021-11-19
CUST-02403,Mumbai,One year,54,49,77.13,3886.99,1,79,22.04,Low Risk,Yes,2022-08-23
CUST-02404,Mumbai,Month-to-month,25,11,64.83,675.74,7,16,90.05,High Risk,Yes,2025-10-21
CUST-02405,Pune,Month-to-month,37,19,34.69,678.03,3,30,61.42,Medium Risk,Yes,2024-03-31
CUST-02406,Pune,Month-to-month,22,4,77.14,299.66,1,5,88.94,High Risk,Yes,2022-09-19
CUST-02407,Mumbai,One year,35,18,67.06,1118.89,1,16,64.97,Medium Risk,No,2024-08-15
CUST-02408,Delhi,Two year,39,11,48.69,558.71,2,18,47.2,Medium Risk,Yes,2025-04-06
CUST-02409,Kolkata,Month-to-month,33,30,39.34,1095.54,0,49,28.28,Low Risk,No,2025-03-28
CUST-02410,Bengaluru,One year,42,29,106.4,2949.41,1,48,70.95,High Risk,Yes,2021-02-01
CUST-02411,Pune,Month-to-month,36,26,96.39,2440.54,1,34,83.02,High Risk,Yes,2025-09-07
CUST-02412,Delhi,Month-to-month,30,12,81.47,920.19,0,14,91.17,High Risk,Yes,2024-10-24
CUST-02413,Bengaluru,Month-to-month,29,40,52.35,2232.56,2,68,23.49,Low Risk,Yes,2025-02-02
CUST-02414,Jaipur,Two year,43,21,29.05,621.94,1,27,20.1,Low Risk,No,2024-10-09
CUST-02415,Bengaluru,Month-to-month,28,31,83.02,2728.2,2,22,49.75,Medium Risk,No,2022-08-22
CUST-02416,Kolkata,Month-to-month,44,38,73.09,2858.32,1,71,41.78,Medium Risk,Yes,2021-11-07
CUST-02417,Mumbai,Month-to-month,47,22,57.66,1368.37,1,37,54.68,Medium Risk,Yes,2022-03-25
CUST-02418,Jaipur,Month-to-month,18,7,93.16,654.74,1,14,94.3,High Risk,Yes,2026-02-03
CUST-02419,Jaipur,Month-to-month,46,24,85.26,1900.14,2,17,73.69,High Risk,Yes,2025-12-14
CUST-02420,Mumbai,One year,56,18,68.77,1170.69,2,18,58.37,Medium Risk,Yes,2025-12-23
CUST-02421,Delhi,Month-to-month,38,11,65.73,733.26,0,13,77.42,High Risk,Yes,2026-03-02
CUST-02422,Jaipur,One year,41,46,66.07,2965.17,1,64,13.75,Low Risk,No,2021-12-25
CUST-02423,Hyderabad,Month-to-month,45,17,80.8,1288.52,1,27,82.78,High Risk,No,2023-05-19
CUST-02424,Bengaluru,Month-to-month,32,28,49.4,1325.25,2,47,30.29,Low Risk,Yes,2023-05-22
CUST-02425,Delhi,Month-to-month,37,33,74.49,2448.17,0,45,60.49,Medium Risk,Yes,2024-03-30
CUST-02426,Kolkata,Month-to-month,22,24,48.41,1165.22,2,34,40.61,Medium Risk,Yes,2021-07-11
CUST-02427,Jaipur,Month-to-month,36,15,99.69,1599.33,2,25,82.97,High Risk,Yes,2022-04-21
CUST-02428,Kolkata,Month-to-month,40,7,77.07,504.16,5,13,94.99,High Risk,Yes,2021-05-18
CUST-02429,Mumbai,One year,40,26,52.15,1325.05,2,47,32.18,Low Risk,Yes,2026-03-07
CUST-02430,Chennai,One year,46,17,66.7,1135.0,2,29,62.97,Medium Risk,Yes,2026-05-20
CUST-02431,Pune,Month-to-month,27,53,49.46,2459.18,0,51,4.92,Low Risk,No,2022-05-26
CUST-02432,Chennai,Month-to-month,30,13,105.18,1408.43,0,23,91.93,High Risk,Yes,2023-08-27
CUST-02433,Kolkata,Month-to-month,54,4,109.26,438.09,0,5,97.0,High Risk,Yes,2022-04-19
CUST-02434,Delhi,Month-to-month,33,9,81.22,726.24,2,16,91.51,High Risk,Yes,2022-05-12
CUST-02435,Kolkata,Month-to-month,37,38,106.97,4166.37,1,58,67.39,Medium Risk,No,2021-04-20
CUST-02436,Mumbai,Two year,34,33,68.24,2175.47,2,48,28.93,Low Risk,No,2023-12-11
CUST-02437,Mumbai,Month-to-month,27,46,82.99,3719.4,1,50,40.83,Medium Risk,Yes,2023-03-13
CUST-02438,Mumbai,Month-to-month,51,18,96.19,1637.98,4,15,93.51,High Risk,Yes,2023-06-29
CUST-02439,Bengaluru,Month-to-month,30,31,64.88,2018.92,2,30,52.57,Medium Risk,No,2025-09-01
CUST-02440,Delhi,Month-to-month,24,23,66.5,1498.28,0,41,57.77,Medium Risk,Yes,2025-02-06
CUST-02441,Bengaluru,One year,30,14,87.63,1179.78,2,18,85.98,High Risk,Yes,2024-10-12
CUST-02442,Bengaluru,Month-to-month,18,21,79.94,1577.95,1,30,74.22,High Risk,Yes,2025-02-11
CUST-02443,Hyderabad,Month-to-month,28,16,51.04,754.34,0,32,53.66,Medium Risk,No,2024-08-10
CUST-02444,Chennai,One year,25,44,32.28,1350.63,5,44,6.56,Low Risk,No,2022-07-14
CUST-02445,Mumbai,Month-to-month,41,13,61.45,766.57,5,22,90.92,High Risk,Yes,2024-12-21
CUST-02446,Mumbai,One year,28,48,33.23,1591.32,4,60,4.33,Low Risk,No,2021-01-28
CUST-02447,Delhi,One year,44,13,47.34,589.92,4,15,70.69,High Risk,No,2022-01-11
CUST-02448,Delhi,Month-to-month,49,16,49.14,826.2,3,30,75.86,High Risk,Yes,2023-07-26
CUST-02449,Jaipur,One year,43,21,54.19,1133.28,2,34,49.54,Medium Risk,No,2024-06-13
CUST-02450,Mumbai,Month-to-month,33,13,84.51,1120.39,3,10,93.67,High Risk,Yes,2022-05-03
CUST-02451,Delhi,Month-to-month,36,21,90.6,1813.69,1,31,66.36,Medium Risk,Yes,2023-08-10
CUST-02452,Kolkata,Month-to-month,20,23,76.49,1735.66,2,41,52.14,Medium Risk,No,2023-09-04
CUST-02453,Bengaluru,Month-to-month,34,43,79.58,3478.21,3,37,50.77,Medium Risk,No,2024-11-02
CUST-02454,Mumbai,One year,26,4,80.19,311.06,1,5,83.91,High Risk,Yes,2022-08-11
CUST-02455,Bengaluru,Two year,42,13,29.24,370.16,1,24,37.26,Low Risk,No,2024-09-06
CUST-02456,Jaipur,Two year,61,52,65.21,3557.71,4,87,19.37,Low Risk,No,2023-12-20
CUST-02457,Mumbai,One year,40,16,36.58,616.86,1,26,37.87,Low Risk,No,2021-08-13
CUST-02458,Pune,Month-to-month,18,16,76.5,1230.45,1,19,86.06,High Risk,Yes,2025-12-10
CUST-02459,Bengaluru,Month-to-month,31,12,33.27,424.56,1,15,49.22,Medium Risk,Yes,2025-01-16
CUST-02460,Mumbai,Month-to-month,36,30,61.35,1910.2,2,48,49.48,Medium Risk,Yes,2021-02-21
CUST-02461,Kolkata,Month-to-month,36,6,77.45,431.64,2,7,91.48,High Risk,Yes,2025-06-25
CUST-02462,Chennai,Month-to-month,28,25,45.45,1147.06,2,34,51.74,Medium Risk,No,2024-10-15
CUST-02463,Pune,Two year,37,56,88.42,5108.22,0,86,9.22,Low Risk,No,2023-03-22
CUST-02464,Bengaluru,Month-to-month,23,5,76.44,384.7,2,9,87.4,High Risk,Yes,2023-01-02
CUST-02465,Pune,Month-to-month,26,31,73.42,2396.91,2,28,46.25,Medium Risk,No,2021-09-07
CUST-02466,Delhi,Month-to-month,41,9,81.27,708.12,4,12,91.22,High Risk,Yes,2025-10-14
CUST-02467,Mumbai,Two year,25,26,57.94,1401.71,0,36,24.77,Low Risk,No,2022-02-28
CUST-02468,Jaipur,One year,40,25,68.24,1742.47,2,37,41.91,Medium Risk,No,2021-02-11
CUST-02469,Bengaluru,One year,21,32,65.21,2163.78,0,51,32.03,Low Risk,No,2024-12-15
CUST-02470,Bengaluru,Month-to-month,53,14,64.74,944.83,2,18,86.8,High Risk,Yes,2023-09-07
CUST-02471,Delhi,One year,27,15,52.42,724.79,2,11,55.38,Medium Risk,No,2024-12-01
CUST-02472,Kolkata,Month-to-month,33,32,43.68,1436.53,3,51,23.12,Low Risk,Yes,2021-11-19
CUST-02473,Kolkata,Two year,38,14,58.36,754.39,2,28,56.51,Medium Risk,Yes,2021-11-21
CUST-02474,Hyderabad,Month-to-month,29,35,57.34,2095.13,3,57,18.08,Low Risk,No,2021-12-01
CUST-02475,Bengaluru,Month-to-month,36,3,51.35,159.06,2,5,85.84,High Risk,No,2022-09-14
CUST-02476,Chennai,Month-to-month,41,24,85.37,2070.98,2,47,71.62,High Risk,Yes,2021-04-27
CUST-02477,Jaipur,One year,45,33,44.67,1475.6,3,43,28.51,Low Risk,Yes,2022-08-04
CUST-02478,Hyderabad,Month-to-month,43,18,61.53,1145.66,4,25,63.39,Medium Risk,Yes,2021-04-08
CUST-02479,Jaipur,Two year,33,44,94.41,3859.73,0,32,22.82,Low Risk,Yes,2021-09-07
CUST-02480,Hyderabad,Month-to-month,34,15,86.95,1373.57,5,28,90.04,High Risk,Yes,2025-02-19
CUST-02481,Delhi,Month-to-month,58,23,95.93,2100.92,5,35,90.64,High Risk,Yes,2023-06-10
CUST-02482,Chennai,Month-to-month,44,37,53.8,1983.53,2,42,40.59,Medium Risk,Yes,2021-07-05
CUST-02483,Kolkata,Month-to-month,26,9,83.54,750.27,1,11,83.65,High Risk,Yes,2025-11-02
CUST-02484,Delhi,Month-to-month,36,39,46.26,1884.14,0,43,13.47,Low Risk,Yes,2025-03-08
CUST-02485,Bengaluru,Month-to-month,32,25,59.51,1414.67,1,21,36.73,Low Risk,Yes,2026-01-12
CUST-02486,Kolkata,One year,34,12,61.33,712.38,3,14,75.03,High Risk,Yes,2026-02-22
CUST-02487,Bengaluru,Month-to-month,23,20,54.06,1109.42,1,38,47.01,Medium Risk,No,2022-03-07
CUST-02488,Chennai,Two year,31,11,57.89,627.9,2,12,64.72,Medium Risk,Yes,2025-12-14
CUST-02489,Bengaluru,One year,53,29,55.51,1557.98,0,42,26.35,Low Risk,No,2024-11-17
CUST-02490,Mumbai,One year,41,17,47.47,822.67,1,18,44.81,Medium Risk,No,2023-04-16
CUST-02491,Delhi,Month-to-month,18,16,85.49,1277.36,6,26,88.13,High Risk,Yes,2023-01-04
CUST-02492,Delhi,Month-to-month,47,30,61.31,1924.58,2,40,37.88,Low Risk,Yes,2025-11-11
CUST-02493,Hyderabad,Month-to-month,46,18,69.33,1252.88,4,17,79.95,High Risk,Yes,2023-09-01
CUST-02494,Mumbai,One year,31,21,68.5,1370.84,2,37,47.5,Medium Risk,Yes,2024-08-02
CUST-02495,Bengaluru,Two year,42,20,66.15,1303.63,0,33,59.09,Medium Risk,Yes,2026-03-02
CUST-02496,Bengaluru,Month-to-month,26,4,66.96,252.03,1,11,87.75,High Risk,Yes,2025-05-16
CUST-02497,Bengaluru,Month-to-month,30,7,58.95,420.35,1,8,74.46,High Risk,Yes,2021-07-12
CUST-02498,Chennai,Two year,50,13,102.34,1366.46,5,20,96.86,High Risk,Yes,2026-06-01
CUST-02499,Kolkata,Month-to-month,32,14,82.92,1143.29,1,25,91.17,High Risk,Yes,2024-12-05
CUST-02500,Mumbai,One year,18,4,65.38,254.81,1,6,89.65,High Risk,Yes,2021-07-13
CUST-02501,Chennai,Month-to-month,34,21,56.34,1249.36,1,37,52.17,Medium Risk,No,2026-01-11
CUST-02502,Hyderabad,Two year,34,19,62.57,1203.3,2,30,46.68,Medium Risk,Yes,2023-11-30
CUST-02503,Bengaluru,Month-to-month,47,22,74.29,1678.06,1,35,76.49,High Risk,Yes,2021-11-13
CUST-02504,Kolkata,Month-to-month,35,16,105.04,1580.48,2,28,94.77,High Risk,Yes,2023-10-13
CUST-02505,Delhi,One year,31,47,41.89,2036.03,1,40,4.79,Low Risk,No,2022-01-12
CUST-02506,Jaipur,Two year,45,28,80.28,2227.92,2,44,35.22,Low Risk,Yes,2021-10-24
CUST-02507,Chennai,Month-to-month,36,51,93.22,4652.8,4,83,26.85,Low Risk,Yes,2024-05-10
CUST-02508,Mumbai,Month-to-month,27,9,40.39,388.48,0,8,65.21,Medium Risk,No,2025-06-12
CUST-02509,Chennai,One year,47,16,61.34,911.39,1,16,53.73,Medium Risk,No,2022-04-13
CUST-02510,Chennai,Two year,37,14,46.24,615.83,1,18,36.13,Low Risk,No,2024-04-08
CUST-02511,Jaipur,Two year,35,6,74.6,438.65,3,11,84.73,High Risk,Yes,2021-07-09
CUST-02512,Chennai,Two year,37,18,57.96,1013.91,3,31,27.86,Low Risk,No,2024-02-17
CUST-02513,Mumbai,Month-to-month,24,3,62.35,187.37,4,4,87.51,High Risk,Yes,2022-08-15
CUST-02514,Bengaluru,Month-to-month,30,29,56.99,1626.51,2,46,37.22,Low Risk,No,2022-09-09
CUST-02515,Pune,One year,35,41,81.85,3510.64,3,51,31.85,Low Risk,Yes,2022-07-04
CUST-02516,Kolkata,Two year,33,17,69.94,1239.96,3,28,70.97,High Risk,Yes,2026-06-03
CUST-02517,Jaipur,Month-to-month,48,22,69.99,1606.88,0,21,68.45,Medium Risk,Yes,2025-11-07
CUST-02518,Bengaluru,Month-to-month,37,41,68.43,2746.98,2,60,35.9,Low Risk,No,2021-06-26
CUST-02519,Pune,One year,44,11,78.07,846.04,1,15,78.95,High Risk,Yes,2025-11-05
CUST-02520,Hyderabad,Month-to-month,35,6,59.77,371.27,2,8,76.56,High Risk,No,2023-01-17
CUST-02521,Hyderabad,Month-to-month,46,3,112.02,315.85,1,3,97.0,High Risk,Yes,2025-11-04
CUST-02522,Jaipur,Month-to-month,39,11,43.78,508.7,2,18,60.66,Medium Risk,No,2023-07-03
CUST-02523,Delhi,One year,35,13,37.42,489.67,1,24,30.61,Low Risk,No,2024-10-10
CUST-02524,Mumbai,One year,35,30,36.44,1154.16,0,39,15.58,Low Risk,No,2023-01-04
CUST-02525,Chennai,Month-to-month,25,8,33.41,279.84,4,8,55.04,Medium Risk,No,2022-04-30
CUST-02526,Delhi,One year,40,6,80.62,474.0,2,15,90.1,High Risk,Yes,2025-12-02
CUST-02527,Delhi,One year,35,33,77.54,2395.69,3,34,30.56,Low Risk,No,2024-10-12
CUST-02528,Kolkata,Month-to-month,30,13,95.67,1327.45,0,27,88.62,High Risk,No,2022-10-13
CUST-02529,Jaipur,One year,46,22,46.35,994.35,3,40,34.11,Low Risk,No,2021-01-04
CUST-02530,Kolkata,Month-to-month,22,31,82.51,2506.14,3,40,69.5,Medium Risk,Yes,2021-12-23
CUST-02531,Pune,Month-to-month,31,72,66.19,5077.58,1,59,3.0,Low Risk,No,2021-03-02
CUST-02532,Chennai,Month-to-month,45,25,68.56,1828.45,1,37,52.91,Medium Risk,Yes,2021-05-04
CUST-02533,Delhi,Month-to-month,38,12,79.41,916.77,2,21,86.77,High Risk,Yes,2026-03-22
CUST-02534,Jaipur,Month-to-month,35,33,51.03,1573.24,3,42,42.77,Medium Risk,No,2025-10-05
CUST-02535,Hyderabad,Two year,38,10,148.76,1368.86,0,13,97.0,High Risk,Yes,2025-03-28
CUST-02536,Chennai,One year,37,41,99.54,4040.85,2,69,30.68,Low Risk,Yes,2026-01-15
CUST-02537,Hyderabad,One year,20,12,54.83,665.18,1,16,67.25,Medium Risk,Yes,2022-09-15
CUST-02538,Delhi,Month-to-month,32,9,45.85,397.49,1,12,78.05,High Risk,Yes,2024-07-31
CUST-02539,Hyderabad,Month-to-month,51,20,63.2,1215.41,0,37,65.78,Medium Risk,Yes,2024-06-24
CUST-02540,Hyderabad,Month-to-month,28,25,68.9,1683.03,2,48,58.53,Medium Risk,Yes,2024-05-26
CUST-02541,Pune,Month-to-month,32,9,91.41,791.5,2,14,91.45,High Risk,No,2024-08-06
CUST-02542,Hyderabad,Month-to-month,30,13,44.72,614.7,4,14,57.24,Medium Risk,No,2026-05-30
CUST-02543,Chennai,One year,34,27,71.22,1966.89,1,39,45.61,Medium Risk,Yes,2021-07-12
CUST-02544,Pune,Two year,29,22,39.85,922.84,2,24,26.72,Low Risk,No,2025-12-03
CUST-02545,Jaipur,Month-to-month,40,26,74.74,2055.32,1,22,66.0,Medium Risk,Yes,2023-07-18
CUST-02546,Bengaluru,Month-to-month,37,41,62.8,2548.03,1,69,26.02,Low Risk,No,2022-03-07
CUST-02547,Jaipur,One year,43,24,120.8,2888.8,1,46,93.86,High Risk,Yes,2021-06-01
CUST-02548,Mumbai,Month-to-month,24,48,39.63,2047.67,0,52,8.14,Low Risk,No,2023-11-24
CUST-02549,Mumbai,Two year,32,34,100.78,3600.23,3,55,63.81,Medium Risk,No,2021-03-13
CUST-02550,Jaipur,One year,33,13,37.68,513.19,1,11,24.83,Low Risk,Yes,2021-01-16
CUST-02551,Mumbai,Two year,40,42,42.51,1809.33,2,50,9.18,Low Risk,No,2024-01-09
CUST-02552,Jaipur,Month-to-month,27,23,38.0,868.57,2,21,49.84,Medium Risk,No,2024-07-19
CUST-02553,Chennai,One year,44,38,70.42,2844.91,1,31,21.17,Low Risk,No,2023-06-03
CUST-02554,Kolkata,Month-to-month,47,26,44.65,1217.47,2,37,59.39,Medium Risk,Yes,2023-06-02
CUST-02555,Jaipur,One year,25,55,42.22,2328.34,4,87,3.68,Low Risk,No,2025-02-14
CUST-02556,Kolkata,Month-to-month,30,9,69.36,601.32,1,12,85.28,High Risk,Yes,2024-01-13
CUST-02557,Bengaluru,Month-to-month,30,17,75.11,1204.81,0,23,67.35,Medium Risk,No,2024-03-11
CUST-02558,Delhi,Month-to-month,61,29,65.83,1925.17,2,33,68.34,Medium Risk,No,2022-09-26
CUST-02559,Jaipur,Month-to-month,31,22,61.71,1313.31,2,33,52.46,Medium Risk,Yes,2026-01-25
CUST-02560,Bengaluru,One year,52,10,116.7,1122.97,2,15,94.43,High Risk,Yes,2022-12-03
CUST-02561,Hyderabad,One year,22,52,68.11,3318.33,1,43,3.57,Low Risk,No,2022-12-31
CUST-02562,Hyderabad,One year,25,19,84.12,1479.23,0,18,72.61,High Risk,No,2022-03-26
CUST-02563,Jaipur,Month-to-month,28,36,68.04,2560.49,5,32,48.73,Medium Risk,Yes,2022-02-07
CUST-02564,Jaipur,One year,27,28,45.74,1200.39,0,37,18.79,Low Risk,No,2025-09-21
CUST-02565,Mumbai,Month-to-month,32,32,77.51,2634.54,2,28,59.91,Medium Risk,Yes,2023-08-20
CUST-02566,Delhi,Two year,28,8,52.7,402.29,1,15,69.21,Medium Risk,No,2025-03-02
CUST-02567,Delhi,Two year,27,19,63.13,1249.31,3,34,52.45,Medium Risk,Yes,2024-07-29
CUST-02568,Delhi,Month-to-month,47,33,71.67,2487.34,2,36,42.4,Medium Risk,No,2021-08-05
CUST-02569,Chennai,Two year,47,36,34.92,1315.96,2,48,5.97,Low Risk,No,2024-12-27
CUST-02570,Kolkata,Month-to-month,44,34,38.84,1399.34,3,47,21.83,Low Risk,No,2024-07-22
CUST-02571,Mumbai,Month-to-month,40,12,86.96,1016.76,2,22,85.28,High Risk,Yes,2024-11-04
CUST-02572,Kolkata,Month-to-month,36,5,52.56,283.23,0,4,80.05,High Risk,Yes,2025-02-26
CUST-02573,Mumbai,Month-to-month,30,8,53.37,411.9,5,15,82.08,High Risk,No,2023-06-15
CUST-02574,Bengaluru,One year,25,20,68.56,1466.48,6,23,62.09,Medium Risk,Yes,2024-08-21
CUST-02575,Delhi,Month-to-month,39,21,57.45,1194.37,2,26,68.5,Medium Risk,No,2023-10-05
CUST-02576,Pune,Month-to-month,23,20,74.29,1380.47,4,22,69.03,Medium Risk,Yes,2024-06-20
CUST-02577,Kolkata,One year,25,9,63.95,601.79,7,8,69.76,Medium Risk,Yes,2022-12-22
CUST-02578,Pune,One year,47,14,69.27,1014.38,0,15,65.8,Medium Risk,Yes,2022-06-26
CUST-02579,Mumbai,Two year,54,51,51.92,2519.68,3,41,5.29,Low Risk,No,2026-06-19
CUST-02580,Pune,One year,39,25,69.15,1818.23,1,25,47.11,Medium Risk,No,2025-05-12
CUST-02581,Jaipur,One year,46,19,92.57,1662.47,1,28,71.54,High Risk,Yes,2021-03-26
CUST-02582,Chennai,Month-to-month,33,51,54.2,2610.04,2,73,10.53,Low Risk,No,2024-08-08
CUST-02583,Bengaluru,Month-to-month,22,58,87.12,5302.71,3,77,11.53,Low Risk,No,2022-11-11
CUST-02584,Mumbai,Month-to-month,41,15,63.94,926.91,1,14,66.75,Medium Risk,Yes,2023-03-07
CUST-02585,Bengaluru,Month-to-month,41,25,82.22,1916.34,2,22,76.78,High Risk,Yes,2021-04-07
CUST-02586,Pune,One year,36,6,67.73,436.05,1,11,79.27,High Risk,No,2022-11-17
CUST-02587,Jaipur,Month-to-month,33,5,64.31,324.48,2,7,81.9,High Risk,Yes,2022-04-02
CUST-02588,Pune,One year,45,17,72.7,1225.63,0,31,56.13,Medium Risk,No,2024-05-18
CUST-02589,Delhi,Month-to-month,25,8,95.85,767.3,2,15,93.18,High Risk,Yes,2022-12-29
CUST-02590,Hyderabad,Month-to-month,27,14,70.1,1008.16,0,16,67.13,Medium Risk,Yes,2022-06-28
CUST-02591,Chennai,Month-to-month,25,24,75.76,1923.46,5,45,70.94,High Risk,Yes,2021-03-28
CUST-02592,Chennai,Two year,36,45,57.77,2671.43,3,64,10.37,Low Risk,No,2022-03-18
CUST-02593,Bengaluru,One year,24,26,107.45,2900.77,3,38,70.68,High Risk,Yes,2024-09-17
CUST-02594,Bengaluru,Two year,28,15,79.78,1135.46,1,28,76.82,High Risk,Yes,2023-01-08
CUST-02595,Delhi,Month-to-month,28,60,66.64,3924.25,2,72,4.69,Low Risk,No,2025-08-17
CUST-02596,Hyderabad,Two year,32,21,62.5,1330.31,3,35,63.01,Medium Risk,No,2024-09-11
CUST-02597,Delhi,Month-to-month,20,36,88.88,3260.81,1,53,47.93,Medium Risk,No,2024-05-05
CUST-02598,Bengaluru,Month-to-month,36,38,53.54,1959.88,1,61,17.68,Low Risk,Yes,2021-03-28
CUST-02599,Delhi,Two year,47,19,36.74,751.11,1,28,36.44,Low Risk,No,2021-06-27
CUST-02600,Jaipur,Month-to-month,36,2,66.52,124.91,0,3,89.07,High Risk,Yes,2023-05-28
CUST-02601,Pune,One year,50,13,95.12,1159.85,3,16,91.42,High Risk,Yes,2025-06-03
CUST-02602,Jaipur,Month-to-month,48,13,108.16,1345.15,1,25,89.6,High Risk,Yes,2025-04-17
CUST-02603,Hyderabad,One year,43,20,62.81,1307.23,1,23,56.32,Medium Risk,Yes,2021-07-05
CUST-02604,Mumbai,Two year,36,17,65.91,1037.39,3,21,59.67,Medium Risk,Yes,2022-07-30
CUST-02605,Jaipur,Month-to-month,35,17,76.76,1406.78,1,20,78.65,High Risk,Yes,2021-11-29
CUST-02606,Bengaluru,One year,43,20,59.73,1287.82,1,18,48.14,Medium Risk,No,2023-06-14
CUST-02607,Jaipur,Month-to-month,31,23,76.68,1667.61,0,21,75.53,High Risk,Yes,2021-08-21
CUST-02608,Delhi,One year,18,5,63.25,311.25,3,5,65.91,Medium Risk,Yes,2021-06-05
CUST-02609,Hyderabad,Month-to-month,40,23,89.84,1968.43,0,32,85.55,High Risk,Yes,2024-10-26
CUST-02610,Jaipur,Month-to-month,24,31,81.92,2502.14,2,56,63.66,Medium Risk,Yes,2023-05-15
CUST-02611,Chennai,Month-to-month,25,60,84.24,5080.98,2,77,12.1,Low Risk,No,2026-06-15
CUST-02612,Jaipur,Month-to-month,35,22,60.87,1408.29,4,32,52.43,Medium Risk,No,2024-05-16
CUST-02613,Delhi,Two year,34,35,120.38,3900.37,3,43,60.05,Medium Risk,Yes,2023-06-06
CUST-02614,Hyderabad,Month-to-month,21,29,75.89,2372.26,2,52,50.7,Medium Risk,No,2021-10-22
CUST-02615,Mumbai,Month-to-month,37,11,70.35,828.4,5,20,90.29,High Risk,Yes,2022-04-25
CUST-02616,Jaipur,Month-to-month,45,23,50.95,1185.05,1,20,48.63,Medium Risk,Yes,2022-12-21
CUST-02617,Mumbai,Month-to-month,24,48,63.01,3015.24,4,63,20.03,Low Risk,No,2023-03-24
CUST-02618,Delhi,One year,48,47,67.42,3194.42,3,79,9.07,Low Risk,No,2021-05-21
CUST-02619,Chennai,Two year,19,47,50.52,2191.49,1,71,5.51,Low Risk,No,2026-04-24
CUST-02620,Mumbai,Month-to-month,56,72,59.2,4424.5,2,125,3.65,Low Risk,No,2023-12-18
CUST-02621,Hyderabad,Two year,31,30,61.64,1848.15,1,29,40.15,Medium Risk,No,2023-07-04
CUST-02622,Chennai,One year,36,15,66.17,958.57,3,29,57.56,Medium Risk,Yes,2021-07-22
CUST-02623,Mumbai,Month-to-month,18,31,36.98,1139.33,3,33,19.98,Low Risk,No,2023-05-09
CUST-02624,Kolkata,One year,34,10,62.25,601.84,1,8,66.47,Medium Risk,Yes,2022-12-21
CUST-02625,Mumbai,Month-to-month,37,28,57.61,1664.69,3,35,42.05,Medium Risk,Yes,2026-04-13
CUST-02626,Kolkata,One year,34,10,64.57,657.52,3,8,80.65,High Risk,No,2021-11-29
CUST-02627,Jaipur,Two year,29,12,90.53,1066.91,4,17,95.08,High Risk,Yes,2021-05-27
CUST-02628,Pune,Month-to-month,26,5,125.36,608.17,3,9,97.0,High Risk,Yes,2024-08-27
CUST-02629,Bengaluru,Two year,46,26,80.76,2226.77,4,49,66.94,Medium Risk,Yes,2023-02-02
CUST-02630,Mumbai,One year,35,45,43.79,2028.01,2,66,7.06,Low Risk,No,2024-10-30
CUST-02631,Pune,Month-to-month,50,22,58.2,1324.61,1,30,61.1,Medium Risk,No,2026-03-13
CUST-02632,Hyderabad,One year,30,20,78.66,1603.05,1,37,73.14,High Risk,Yes,2021-02-08
CUST-02633,Jaipur,Month-to-month,31,13,75.87,919.28,2,17,85.79,High Risk,Yes,2025-08-08
CUST-02634,Delhi,Two year,43,37,89.15,3065.94,0,65,21.66,Low Risk,No,2023-08-16
CUST-02635,Hyderabad,One year,19,41,63.01,2554.13,1,70,8.15,Low Risk,No,2023-09-17
CUST-02636,Pune,Month-to-month,23,7,57.86,432.92,3,11,76.28,High Risk,No,2023-04-08
CUST-02637,Kolkata,Month-to-month,46,23,113.88,2629.59,1,16,87.57,High Risk,Yes,2023-03-21
CUST-02638,Hyderabad,One year,23,36,66.23,2527.67,1,47,20.05,Low Risk,No,2023-06-17
CUST-02639,Kolkata,Month-to-month,18,15,46.95,658.79,2,25,56.46,Medium Risk,Yes,2021-02-19
CUST-02640,Hyderabad,Month-to-month,54,6,104.21,647.7,3,12,94.92,High Risk,Yes,2023-10-05
CUST-02641,Delhi,Month-to-month,21,9,40.27,347.66,0,16,45.97,Medium Risk,Yes,2021-03-08
CUST-02642,Jaipur,Month-to-month,37,50,25.0,1254.9,1,46,3.0,Low Risk,No,2026-04-24
CUST-02643,Hyderabad,Month-to-month,36,40,83.15,3215.8,3,34,32.04,Low Risk,No,2023-10-22
CUST-02644,Pune,Month-to-month,18,43,86.99,3867.65,0,75,39.5,Low Risk,No,2021-05-13
CUST-02645,Jaipur,Month-to-month,32,8,74.21,584.27,6,10,91.33,High Risk,Yes,2024-10-08
CUST-02646,Mumbai,One year,39,36,42.85,1533.26,2,51,9.38,Low Risk,No,2022-01-17
CUST-02647,Kolkata,Month-to-month,39,52,63.79,3181.93,1,92,5.89,Low Risk,No,2023-07-24
CUST-02648,Bengaluru,Month-to-month,44,13,59.46,745.95,0,22,64.91,Medium Risk,No,2025-06-11
CUST-02649,Mumbai,Month-to-month,31,18,54.73,934.62,1,27,64.47,Medium Risk,No,2022-10-20
CUST-02650,Bengaluru,One year,42,24,102.13,2472.22,3,33,82.05,High Risk,Yes,2023-10-20
CUST-02651,Delhi,Month-to-month,28,27,46.5,1184.19,1,44,31.15,Low Risk,No,2021-03-09
CUST-02652,Mumbai,Month-to-month,21,15,71.92,1038.79,3,18,78.11,High Risk,No,2023-05-23
CUST-02653,Mumbai,Month-to-month,22,38,95.25,3637.14,0,56,33.9,Low Risk,Yes,2021-04-07
CUST-02654,Jaipur,One year,20,30,73.44,2123.83,3,22,33.95,Low Risk,No,2022-04-19
CUST-02655,Hyderabad,One year,45,11,96.69,1078.65,2,19,91.43,High Risk,Yes,2023-03-01
CUST-02656,Mumbai,One year,20,37,77.85,2656.54,1,69,21.95,Low Risk,No,2023-03-09
CUST-02657,Chennai,One year,38,19,74.57,1524.11,1,37,75.31,High Risk,Yes,2025-06-14
CUST-02658,Chennai,One year,32,30,73.1,2273.7,6,35,61.27,Medium Risk,Yes,2023-02-08
CUST-02659,Delhi,Month-to-month,34,11,79.1,870.63,8,15,91.99,High Risk,Yes,2021-03-11
CUST-02660,Pune,One year,49,12,57.46,735.95,5,15,71.63,High Risk,Yes,2022-08-16
CUST-02661,Bengaluru,Month-to-month,31,5,42.85,226.93,0,6,85.03,High Risk,Yes,2023-01-05
CUST-02662,Chennai,One year,41,42,88.21,3625.72,1,53,35.93,Low Risk,No,2024-08-23
CUST-02663,Delhi,One year,35,35,94.27,3096.8,1,55,47.35,Medium Risk,No,2023-04-16
CUST-02664,Pune,Month-to-month,33,24,70.46,1624.0,1,19,62.82,Medium Risk,Yes,2022-08-09
CUST-02665,Pune,Month-to-month,58,7,54.54,363.99,2,9,84.5,High Risk,Yes,2024-04-27
CUST-02666,Delhi,Month-to-month,21,46,39.48,1888.74,2,60,7.48,Low Risk,No,2024-04-14
CUST-02667,Jaipur,One year,48,30,66.81,2019.73,0,28,25.48,Low Risk,No,2021-11-05
CUST-02668,Pune,One year,42,15,42.21,668.62,1,15,39.96,Low Risk,No,2021-12-25
CUST-02669,Hyderabad,Two year,30,26,40.36,1047.63,2,38,14.52,Low Risk,No,2023-03-13
CUST-02670,Mumbai,Month-to-month,51,18,64.57,1212.43,0,26,74.41,High Risk,Yes,2021-08-02
CUST-02671,Pune,One year,18,30,50.91,1484.15,2,42,20.3,Low Risk,No,2025-03-04
CUST-02672,Mumbai,One year,30,10,72.59,737.76,2,14,82.16,High Risk,Yes,2025-03-15
CUST-02673,Hyderabad,Two year,23,4,61.77,252.59,0,8,65.27,Medium Risk,No,2023-05-04
CUST-02674,Delhi,Month-to-month,39,28,53.53,1561.02,2,29,54.56,Medium Risk,Yes,2021-05-15
CUST-02675,Chennai,Month-to-month,24,31,37.67,1223.73,2,26,30.58,Low Risk,No,2021-02-08
CUST-02676,Delhi,One year,39,5,49.47,238.5,0,9,53.5,Medium Risk,Yes,2023-03-16
CUST-02677,Mumbai,One year,33,2,50.06,98.28,4,5,76.21,High Risk,Yes,2021-03-04
CUST-02678,Jaipur,Two year,30,24,43.92,1004.69,2,17,24.92,Low Risk,No,2025-01-02
CUST-02679,Jaipur,Month-to-month,39,29,58.5,1763.77,0,22,27.65,Low Risk,No,2021-09-28
CUST-02680,Bengaluru,Month-to-month,32,18,45.03,780.81,1,19,48.59,Medium Risk,No,2022-12-24
CUST-02681,Delhi,Two year,24,11,61.68,666.65,2,13,71.47,High Risk,Yes,2024-01-03
CUST-02682,Chennai,Month-to-month,63,60,70.2,4416.22,0,65,7.05,Low Risk,No,2026-03-08
CUST-02683,Jaipur,One year,30,27,49.9,1312.77,4,25,19.73,Low Risk,No,2022-01-19
CUST-02684,Mumbai,Month-to-month,18,41,74.48,2951.81,3,35,38.4,Low Risk,No,2022-09-05
CUST-02685,Mumbai,Month-to-month,27,9,42.05,387.6,1,20,58.8,Medium Risk,No,2022-12-03
CUST-02686,Jaipur,One year,22,45,45.54,2205.17,0,80,3.94,Low Risk,No,2022-09-18
CUST-02687,Jaipur,One year,43,27,62.69,1574.18,4,45,59.78,Medium Risk,Yes,2024-09-09
CUST-02688,Mumbai,Month-to-month,38,57,80.98,4863.11,0,58,13.55,Low Risk,No,2024-02-08
CUST-02689,Bengaluru,Month-to-month,39,30,85.79,2417.88,2,34,59.22,Medium Risk,No,2026-05-24
CUST-02690,Mumbai,Two year,31,22,108.89,2336.13,1,33,73.55,High Risk,No,2026-05-15
CUST-02691,Bengaluru,Month-to-month,32,19,57.62,1080.19,0,20,65.68,Medium Risk,Yes,2023-12-21
CUST-02692,Pune,Two year,31,13,62.4,839.59,3,21,74.39,High Risk,Yes,2025-12-22
CUST-02693,Jaipur,Month-to-month,34,20,46.71,997.96,2,29,46.76,Medium Risk,No,2021-06-05
CUST-02694,Bengaluru,One year,43,31,43.52,1263.21,0,40,10.83,Low Risk,No,2021-08-29
CUST-02695,Kolkata,Two year,38,34,69.93,2470.75,2,40,34.24,Low Risk,Yes,2022-05-07
CUST-02696,Bengaluru,One year,40,11,50.71,541.95,1,12,64.0,Medium Risk,Yes,2022-12-23
CUST-02697,Pune,Month-to-month,40,7,96.42,718.34,6,14,96.35,High Risk,No,2023-01-22
CUST-02698,Mumbai,One year,44,25,40.71,981.63,0,38,16.24,Low Risk,No,2023-10-13
CUST-02699,Hyderabad,Month-to-month,38,5,75.95,391.53,5,8,93.85,High Risk,Yes,2021-10-18
CUST-02700,Hyderabad,Month-to-month,39,20,47.11,891.66,1,23,54.32,Medium Risk,No,2026-02-18
CUST-02701,Bengaluru,Two year,47,7,49.99,375.57,1,11,63.63,Medium Risk,No,2024-06-11
CUST-02702,Kolkata,One year,28,33,77.24,2346.77,2,58,39.17,Low Risk,Yes,2025-11-17
CUST-02703,Jaipur,One year,26,15,52.36,751.83,4,26,59.96,Medium Risk,Yes,2024-12-31
CUST-02704,Jaipur,Month-to-month,23,17,55.11,963.24,4,24,75.59,High Risk,No,2026-06-27
CUST-02705,Hyderabad,Month-to-month,37,6,50.12,317.73,1,10,75.43,High Risk,Yes,2021-06-16
CUST-02706,Chennai,Month-to-month,18,39,115.08,4842.54,2,53,58.99,Medium Risk,Yes,2024-08-31
CUST-02707,Jaipur,One year,40,24,53.35,1213.46,3,44,38.94,Low Risk,Yes,2021-03-06
CUST-02708,Delhi,One year,34,24,66.08,1536.98,1,38,59.3,Medium Risk,Yes,2024-10-22
CUST-02709,Jaipur,Month-to-month,46,8,60.93,518.0,2,12,74.0,High Risk,Yes,2022-10-03
CUST-02710,Delhi,Two year,28,5,69.77,322.76,2,10,67.17,Medium Risk,Yes,2021-04-30
CUST-02711,Hyderabad,Month-to-month,33,11,53.39,609.21,3,11,75.14,High Risk,Yes,2023-01-15
CUST-02712,Bengaluru,Month-to-month,46,15,60.95,902.99,2,21,72.25,High Risk,No,2023-10-03
CUST-02713,Mumbai,Month-to-month,49,11,73.73,835.53,2,8,86.31,High Risk,Yes,2023-03-24
CUST-02714,Mumbai,Month-to-month,28,57,49.31,2821.87,5,69,5.79,Low Risk,No,2021-01-19
CUST-02715,Jaipur,Month-to-month,37,39,92.11,3665.35,3,61,64.22,Medium Risk,Yes,2022-11-19
CUST-02716,Delhi,Two year,38,20,94.99,1950.46,2,27,78.1,High Risk,Yes,2024-12-27
CUST-02717,Pune,Month-to-month,39,12,78.92,966.93,3,12,91.13,High Risk,Yes,2021-07-20
CUST-02718,Kolkata,Two year,32,9,66.47,613.98,1,11,53.32,Medium Risk,Yes,2023-02-21
CUST-02719,Chennai,Month-to-month,48,20,25.0,505.47,2,18,31.14,Low Risk,No,2023-12-27
CUST-02720,Jaipur,Two year,18,25,74.45,1924.95,5,42,49.22,Medium Risk,No,2025-08-21
CUST-02721,Chennai,One year,31,15,57.35,898.24,3,25,39.44,Low Risk,Yes,2021-08-21
CUST-02722,Hyderabad,Two year,39,27,60.07,1696.61,2,45,37.47,Low Risk,Yes,2021-04-26
CUST-02723,Hyderabad,Month-to-month,40,14,35.42,523.93,0,13,48.95,Medium Risk,Yes,2022-12-06
CUST-02724,Bengaluru,One year,49,9,76.12,664.96,4,7,84.19,High Risk,Yes,2021-11-21
CUST-02725,Mumbai,Two year,47,27,40.89,1147.44,1,46,21.11,Low Risk,No,2022-12-28
CUST-02726,Mumbai,Month-to-month,32,5,67.51,361.67,0,4,86.65,High Risk,Yes,2021-01-06
CUST-02727,Jaipur,Month-to-month,48,7,86.82,594.85,4,13,96.41,High Risk,Yes,2021-03-25
CUST-02728,Delhi,Month-to-month,28,10,55.94,584.25,0,20,76.71,High Risk,Yes,2023-12-06
CUST-02729,Delhi,Two year,44,13,95.92,1205.35,3,16,89.89,High Risk,Yes,2023-12-02
CUST-02730,Bengaluru,Month-to-month,53,31,51.18,1504.22,2,44,57.23,Medium Risk,No,2022-12-13
CUST-02731,Hyderabad,Month-to-month,47,6,78.77,468.57,2,6,90.42,High Risk,Yes,2021-07-08
CUST-02732,Bengaluru,Month-to-month,36,17,42.81,763.46,2,32,42.37,Medium Risk,Yes,2023-11-21
CUST-02733,Jaipur,Month-to-month,32,25,90.41,2190.5,0,26,80.23,High Risk,Yes,2026-06-22
CUST-02734,Kolkata,One year,20,23,86.03,1913.77,4,26,80.72,High Risk,No,2026-04-30
CUST-02735,Kolkata,Month-to-month,38,31,75.51,2257.54,1,41,46.7,Medium Risk,No,2025-01-05
CUST-02736,Hyderabad,One year,24,17,57.31,930.33,2,19,63.46,Medium Risk,Yes,2021-10-16
CUST-02737,Kolkata,Two year,27,13,41.5,549.09,2,20,41.53,Medium Risk,No,2023-10-05
CUST-02738,Bengaluru,Month-to-month,23,43,57.36,2365.19,1,58,18.4,Low Risk,No,2024-08-24
CUST-02739,Kolkata,One year,30,12,92.73,1190.19,2,10,88.45,High Risk,Yes,2023-05-21
CUST-02740,Jaipur,Month-to-month,35,11,67.76,726.99,3,9,81.05,High Risk,Yes,2024-08-04
CUST-02741,Mumbai,One year,38,11,39.54,437.89,1,13,64.71,Medium Risk,Yes,2025-05-09
CUST-02742,Delhi,Month-to-month,29,10,45.35,446.91,1,9,80.21,High Risk,Yes,2025-07-23
CUST-02743,Delhi,One year,46,49,97.07,5108.57,5,51,25.82,Low Risk,No,2024-11-13
CUST-02744,Delhi,Month-to-month,33,54,75.98,4053.04,1,90,14.29,Low Risk,No,2022-02-10
CUST-02745,Pune,Month-to-month,27,33,43.79,1459.8,3,27,31.58,Low Risk,No,2023-09-18
CUST-02746,Hyderabad,One year,37,28,36.94,1077.91,1,26,9.39,Low Risk,No,2026-03-13
CUST-02747,Bengaluru,Month-to-month,55,11,53.22,554.63,1,15,75.7,High Risk,Yes,2026-03-28
CUST-02748,Delhi,One year,38,14,35.94,465.54,1,20,26.21,Low Risk,Yes,2022-10-07
CUST-02749,Chennai,Month-to-month,31,6,61.84,368.36,0,10,85.53,High Risk,Yes,2022-06-04
CUST-02750,Pune,One year,20,17,142.44,2441.1,4,33,96.53,High Risk,Yes,2021-03-11
CUST-02751,Mumbai,Month-to-month,33,7,38.99,263.63,2,12,67.33,Medium Risk,No,2023-04-11
CUST-02752,Pune,One year,37,22,61.24,1339.2,0,19,29.33,Low Risk,No,2022-06-06
CUST-02753,Delhi,Month-to-month,31,12,98.91,1208.79,3,13,92.17,High Risk,No,2025-11-09
CUST-02754,Mumbai,Month-to-month,18,24,82.61,2132.77,2,25,74.11,High Risk,Yes,2025-09-22
CUST-02755,Kolkata,Month-to-month,26,10,61.98,629.89,1,16,77.74,High Risk,Yes,2026-01-06
CUST-02756,Delhi,One year,50,5,62.03,307.61,0,11,84.39,High Risk,Yes,2024-01-31
CUST-02757,Bengaluru,Month-to-month,49,9,44.9,373.23,2,11,81.04,High Risk,Yes,2025-11-04
CUST-02758,Chennai,Two year,26,25,59.66,1446.3,0,42,41.76,Medium Risk,No,2022-03-07
CUST-02759,Hyderabad,Two year,42,26,70.27,1785.65,2,47,43.42,Medium Risk,No,2021-12-02
CUST-02760,Jaipur,Month-to-month,23,24,92.58,2213.72,1,44,78.08,High Risk,Yes,2024-08-28
CUST-02761,Delhi,One year,49,22,53.3,1225.54,3,23,37.15,Low Risk,No,2025-12-25
CUST-02762,Jaipur,Month-to-month,37,20,61.17,1277.4,0,20,48.41,Medium Risk,No,2021-02-25
CUST-02763,Pune,Month-to-month,44,30,47.97,1518.6,5,28,52.21,Medium Risk,Yes,2022-05-24
CUST-02764,Mumbai,One year,18,2,69.86,135.03,1,2,76.53,High Risk,Yes,2023-10-22
CUST-02765,Jaipur,One year,42,48,83.53,3910.94,1,56,11.79,Low Risk,Yes,2023-10-20
CUST-02766,Kolkata,One year,35,17,79.51,1276.03,3,28,74.97,High Risk,Yes,2021-08-26
CUST-02767,Bengaluru,Month-to-month,44,30,44.7,1417.69,4,33,34.14,Low Risk,Yes,2026-01-18
CUST-02768,Delhi,Month-to-month,44,19,68.13,1326.0,3,28,73.81,High Risk,Yes,2024-05-18
CUST-02769,Bengaluru,Month-to-month,36,12,52.33,585.51,3,19,86.76,High Risk,Yes,2021-03-03
CUST-02770,Pune,One year,29,16,89.83,1392.13,2,17,73.06,High Risk,Yes,2025-11-02
CUST-02771,Jaipur,Month-to-month,43,9,61.73,524.7,2,11,85.53,High Risk,Yes,2021-04-18
CUST-02772,Delhi,One year,34,10,39.97,429.71,2,15,53.52,Medium Risk,Yes,2021-06-19
CUST-02773,Chennai,Month-to-month,26,27,60.59,1590.02,5,43,63.89,Medium Risk,No,2021-06-24
CUST-02774,Bengaluru,Month-to-month,26,22,75.27,1655.0,1,39,61.13,Medium Risk,No,2024-02-16
CUST-02775,Bengaluru,Month-to-month,20,4,70.28,272.93,1,11,87.36,High Risk,Yes,2024-10-14
CUST-02776,Mumbai,Month-to-month,30,10,55.18,549.53,1,16,74.98,High Risk,Yes,2026-01-03
CUST-02777,Jaipur,Month-to-month,46,17,53.9,989.4,0,28,48.63,Medium Risk,Yes,2021-05-19
CUST-02778,Delhi,One year,37,19,47.39,869.78,0,16,22.94,Low Risk,No,2022-12-08
CUST-02779,Mumbai,Two year,30,59,57.29,3262.55,0,94,3.0,Low Risk,No,2025-04-14
CUST-02780,Delhi,Month-to-month,43,22,49.43,1065.08,3,38,65.7,Medium Risk,Yes,2023-02-11
CUST-02781,Jaipur,Month-to-month,27,4,88.66,335.88,1,8,93.16,High Risk,Yes,2022-04-24
CUST-02782,Chennai,Month-to-month,36,20,48.72,1011.66,2,21,51.64,Medium Risk,No,2025-08-02
CUST-02783,Kolkata,Two year,33,7,67.59,464.0,0,13,82.51,High Risk,Yes,2025-04-15
CUST-02784,Hyderabad,Month-to-month,43,17,66.14,1138.93,1,34,71.64,High Risk,Yes,2022-08-14
CUST-02785,Chennai,Two year,19,63,87.97,5685.14,1,50,7.08,Low Risk,No,2022-08-14
CUST-02786,Delhi,Month-to-month,26,14,92.11,1193.69,5,23,96.75,High Risk,Yes,2022-11-29
CUST-02787,Kolkata,Month-to-month,19,34,81.21,2824.76,1,56,41.84,Medium Risk,No,2022-11-03
CUST-02788,Delhi,Two year,32,20,72.77,1463.03,4,33,64.08,Medium Risk,No,2022-10-31
CUST-02789,Kolkata,Month-to-month,47,47,46.47,2038.32,1,66,11.21,Low Risk,No,2021-04-23
CUST-02790,Kolkata,One year,30,28,46.17,1215.09,1,50,31.37,Low Risk,Yes,2026-01-09
CUST-02791,Hyderabad,Month-to-month,30,37,49.59,1817.45,2,32,20.6,Low Risk,Yes,2025-02-08
CUST-02792,Kolkata,Month-to-month,44,25,82.68,2016.17,1,27,76.41,High Risk,Yes,2021-03-26
CUST-02793,Bengaluru,Month-to-month,46,14,66.54,922.24,1,18,80.2,High Risk,Yes,2021-08-18
CUST-02794,Delhi,One year,34,43,85.83,3770.71,4,35,30.43,Low Risk,Yes,2022-07-05
CUST-02795,Mumbai,One year,42,23,89.59,1946.64,3,28,69.63,Medium Risk,No,2026-04-15
CUST-02796,Pune,Month-to-month,24,14,51.53,740.17,2,15,60.37,Medium Risk,Yes,2023-05-14
CUST-02797,Jaipur,Two year,49,12,65.67,828.15,3,18,90.12,High Risk,Yes,2024-03-24
CUST-02798,Pune,Month-to-month,56,24,64.73,1429.97,2,30,50.21,Medium Risk,Yes,2021-10-07
CUST-02799,Kolkata,Month-to-month,40,39,58.53,2234.63,2,60,17.01,Low Risk,No,2026-01-03
CUST-02800,Delhi,Month-to-month,18,26,54.78,1373.04,2,27,44.6,Medium Risk,No,2023-04-13
CUST-02801,Hyderabad,Month-to-month,29,15,94.97,1409.05,0,17,88.37,High Risk,Yes,2023-03-11
CUST-02802,Kolkata,Month-to-month,41,25,66.09,1682.73,2,22,63.34,Medium Risk,Yes,2022-07-19
CUST-02803,Kolkata,Two year,31,32,65.27,1984.23,1,34,21.86,Low Risk,Yes,2024-02-27
CUST-02804,Kolkata,Month-to-month,48,5,50.27,236.63,1,5,74.88,High Risk,Yes,2021-04-19
CUST-02805,Bengaluru,Month-to-month,41,7,80.68,585.44,5,8,93.36,High Risk,Yes,2022-11-27
CUST-02806,Kolkata,Month-to-month,28,30,47.12,1455.61,4,40,42.8,Medium Risk,Yes,2023-07-19
CUST-02807,Hyderabad,One year,35,7,75.19,523.03,1,11,76.27,High Risk,No,2025-10-12
CUST-02808,Delhi,Two year,26,17,75.85,1289.72,3,20,71.12,High Risk,Yes,2025-08-20
CUST-02809,Bengaluru,Month-to-month,33,21,56.96,1152.11,1,20,50.98,Medium Risk,Yes,2022-06-02
CUST-02810,Hyderabad,Month-to-month,29,9,71.95,629.85,5,19,83.29,High Risk,Yes,2021-07-04
CUST-02811,Delhi,Month-to-month,47,18,68.98,1205.9,2,16,66.33,Medium Risk,Yes,2022-08-30
CUST-02812,Pune,Month-to-month,56,21,64.19,1396.81,2,24,75.46,High Risk,No,2021-01-14
CUST-02813,Pune,Month-to-month,21,40,65.27,2634.04,5,47,27.32,Low Risk,No,2023-08-29
CUST-02814,Delhi,Month-to-month,18,37,66.3,2543.17,1,59,38.43,Low Risk,No,2021-03-10
CUST-02815,Bengaluru,Month-to-month,33,23,67.76,1581.1,2,29,63.09,Medium Risk,Yes,2025-09-22
CUST-02816,Hyderabad,Month-to-month,20,13,66.27,867.8,5,19,73.91,High Risk,Yes,2025-06-10
CUST-02817,Bengaluru,Month-to-month,35,38,45.66,1685.27,0,57,17.85,Low Risk,No,2025-05-06
CUST-02818,Jaipur,Two year,42,39,61.91,2374.11,0,56,12.32,Low Risk,No,2022-06-09
CUST-02819,Jaipur,Two year,50,11,70.75,826.49,0,12,71.75,High Risk,Yes,2025-11-25
CUST-02820,Mumbai,One year,37,22,67.06,1493.24,1,24,60.04,Medium Risk,Yes,2021-11-28
CUST-02821,Kolkata,Month-to-month,33,14,88.2,1239.63,5,27,86.9,High Risk,Yes,2025-06-29
CUST-02822,Delhi,Month-to-month,18,24,79.27,1766.45,3,31,66.55,Medium Risk,Yes,2022-10-06
CUST-02823,Pune,Month-to-month,35,11,49.2,556.0,10,17,79.53,High Risk,Yes,2023-11-28
CUST-02824,Delhi,One year,36,32,61.62,2030.53,2,31,20.27,Low Risk,No,2025-03-14
CUST-02825,Mumbai,Month-to-month,41,24,58.84,1455.24,2,39,51.15,Medium Risk,No,2025-07-26
CUST-02826,Chennai,Two year,28,11,64.91,667.31,5,11,70.6,High Risk,No,2022-11-01
CUST-02827,Hyderabad,Two year,31,30,64.94,1886.0,3,24,33.36,Low Risk,Yes,2021-11-06
CUST-02828,Jaipur,Month-to-month,20,13,79.05,1006.48,2,17,87.09,High Risk,Yes,2023-12-25
CUST-02829,Mumbai,One year,18,4,68.8,289.58,1,5,75.63,High Risk,Yes,2025-09-21
CUST-02830,Jaipur,Month-to-month,24,9,96.37,934.03,2,16,89.53,High Risk,Yes,2023-08-03
CUST-02831,Bengaluru,Month-to-month,19,34,70.21,2354.58,6,30,55.93,Medium Risk,No,2022-02-19
CUST-02832,Pune,Month-to-month,38,50,49.83,2513.14,1,64,6.32,Low Risk,No,2023-10-06
CUST-02833,Jaipur,Month-to-month,30,51,55.97,2629.46,3,50,18.38,Low Risk,No,2024-12-20
CUST-02834,Delhi,Two year,30,13,78.85,944.49,3,19,76.48,High Risk,Yes,2022-03-10
CUST-02835,Mumbai,Month-to-month,25,17,38.78,614.38,4,20,52.48,Medium Risk,No,2024-07-26
CUST-02836,Kolkata,Month-to-month,18,15,42.25,656.0,4,25,38.9,Low Risk,No,2023-09-01
CUST-02837,Kolkata,One year,50,19,65.22,1175.36,3,22,52.34,Medium Risk,Yes,2021-08-15
CUST-02838,Jaipur,One year,25,7,88.12,642.29,2,11,76.74,High Risk,No,2021-07-28
CUST-02839,Hyderabad,Month-to-month,31,14,98.75,1367.43,4,20,93.81,High Risk,Yes,2026-01-26
CUST-02840,Mumbai,Two year,20,22,60.64,1408.78,3,24,44.91,Medium Risk,No,2024-12-10
CUST-02841,Mumbai,One year,45,34,91.27,3287.05,1,45,54.03,Medium Risk,Yes,2022-03-16
CUST-02842,Hyderabad,Month-to-month,36,23,66.52,1622.94,2,26,69.47,Medium Risk,Yes,2021-02-25
CUST-02843,Kolkata,Month-to-month,27,17,39.82,681.65,0,28,53.24,Medium Risk,No,2024-01-29
CUST-02844,Kolkata,Month-to-month,31,9,64.83,610.4,1,14,80.47,High Risk,Yes,2025-06-11
CUST-02845,Bengaluru,Two year,52,35,53.32,1914.55,2,59,21.14,Low Risk,No,2021-10-17
CUST-02846,Mumbai,One year,34,6,87.2,496.97,2,10,91.33,High Risk,Yes,2025-02-27
CUST-02847,Hyderabad,Two year,33,7,64.47,442.73,3,9,74.15,High Risk,Yes,2025-11-01
CUST-02848,Delhi,Month-to-month,26,28,43.18,1298.48,1,34,22.08,Low Risk,No,2025-09-01
CUST-02849,Bengaluru,Month-to-month,18,31,40.22,1301.19,3,30,35.67,Low Risk,Yes,2024-08-11
CUST-02850,Mumbai,Month-to-month,33,2,64.57,124.24,2,3,82.47,High Risk,Yes,2021-08-02
CUST-02851,Pune,Month-to-month,38,17,29.96,491.47,1,16,45.33,Medium Risk,No,2023-03-21
CUST-02852,Delhi,One year,46,4,55.07,211.62,3,8,81.66,High Risk,Yes,2023-04-14
CUST-02853,Delhi,One year,18,17,69.99,1157.24,1,26,48.73,Medium Risk,Yes,2022-05-25
CUST-02854,Kolkata,Month-to-month,24,15,46.35,742.89,1,19,50.6,Medium Risk,Yes,2022-10-22
CUST-02855,Jaipur,Month-to-month,29,44,89.34,3889.16,1,73,33.02,Low Risk,No,2021-09-27
CUST-02856,Bengaluru,Month-to-month,35,26,95.16,2420.42,1,23,78.16,High Risk,Yes,2024-04-04
CUST-02857,Delhi,Month-to-month,34,26,46.95,1169.76,0,44,37.14,Low Risk,No,2026-01-03
CUST-02858,Jaipur,Month-to-month,34,39,59.09,2449.2,2,52,24.81,Low Risk,Yes,2026-01-03
CUST-02859,Jaipur,Month-to-month,39,40,89.36,3835.98,1,37,47.9,Medium Risk,No,2022-01-07
CUST-02860,Delhi,Month-to-month,26,21,64.97,1325.85,2,35,68.81,Medium Risk,Yes,2021-01-12
CUST-02861,Chennai,Month-to-month,44,12,41.6,508.52,5,16,76.25,High Risk,Yes,2023-09-15
CUST-02862,Delhi,Month-to-month,39,33,62.09,2199.26,4,47,57.97,Medium Risk,Yes,2025-01-03
CUST-02863,Kolkata,Month-to-month,32,32,49.47,1582.91,2,54,37.79,Low Risk,No,2024-11-16
CUST-02864,Bengaluru,One year,51,28,92.67,2581.75,2,51,65.8,Medium Risk,No,2025-02-09
CUST-02865,Mumbai,Month-to-month,51,21,78.91,1664.45,5,38,86.13,High Risk,Yes,2026-04-25
CUST-02866,Bengaluru,Two year,44,17,58.79,924.78,0,22,55.77,Medium Risk,No,2024-12-17
CUST-02867,Bengaluru,Month-to-month,18,40,68.02,2633.79,0,61,23.96,Low Risk,Yes,2023-08-02
CUST-02868,Hyderabad,Month-to-month,51,15,42.77,661.98,2,14,54.27,Medium Risk,No,2025-08-09
CUST-02869,Delhi,Month-to-month,43,12,51.07,658.6,1,20,71.42,High Risk,Yes,2025-07-06
CUST-02870,Mumbai,Month-to-month,55,17,106.85,1836.43,0,21,84.62,High Risk,Yes,2022-07-29
CUST-02871,Chennai,Two year,47,11,66.12,691.3,3,15,82.85,High Risk,Yes,2025-10-13
CUST-02872,Kolkata,Month-to-month,51,32,87.53,2768.16,3,58,71.06,High Risk,Yes,2022-04-03
CUST-02873,Chennai,Two year,44,21,70.01,1467.86,2,34,57.45,Medium Risk,No,2023-06-24
CUST-02874,Mumbai,Two year,48,4,98.98,373.89,1,9,93.14,High Risk,Yes,2026-02-22
CUST-02875,Hyderabad,Month-to-month,55,26,34.29,867.19,2,29,38.37,Low Risk,No,2023-11-20
CUST-02876,Bengaluru,Month-to-month,37,17,61.2,1031.26,4,19,84.87,High Risk,Yes,2021-12-08
CUST-02877,Bengaluru,One year,19,20,110.03,2116.77,3,34,86.96,High Risk,Yes,2024-08-31
CUST-02878,Delhi,Month-to-month,32,23,88.27,1982.75,2,30,87.69,High Risk,Yes,2021-02-24
CUST-02879,Pune,One year,39,14,99.34,1340.97,2,27,90.37,High Risk,Yes,2025-02-09
CUST-02880,Delhi,Month-to-month,36,12,64.86,792.37,3,22,77.05,High Risk,Yes,2021-07-17
CUST-02881,Mumbai,Month-to-month,23,28,54.74,1552.0,3,48,46.29,Medium Risk,Yes,2024-08-22
CUST-02882,Chennai,Month-to-month,19,8,46.79,377.42,2,11,74.44,High Risk,No,2026-06-04
CUST-02883,Delhi,Month-to-month,28,10,45.76,428.07,3,20,65.0,Medium Risk,No,2024-12-13
CUST-02884,Jaipur,Two year,43,11,84.15,878.78,1,12,80.93,High Risk,Yes,2024-11-22
CUST-02885,Jaipur,Month-to-month,51,35,76.6,2514.06,2,65,46.7,Medium Risk,Yes,2021-07-16
CUST-02886,Kolkata,Two year,44,41,63.63,2426.54,5,37,23.13,Low Risk,No,2024-08-18
CUST-02887,Bengaluru,Month-to-month,46,11,76.48,807.2,2,12,86.85,High Risk,Yes,2023-09-05
CUST-02888,Mumbai,Month-to-month,34,10,68.03,647.05,0,13,82.45,High Risk,Yes,2025-04-20
CUST-02889,Chennai,Month-to-month,18,21,88.44,1924.1,5,34,85.78,High Risk,Yes,2021-07-18
CUST-02890,Chennai,Month-to-month,30,17,88.17,1545.87,2,29,90.18,High Risk,Yes,2024-01-27
CUST-02891,Mumbai,Month-to-month,32,32,46.22,1408.36,3,38,33.44,Low Risk,Yes,2023-05-20
CUST-02892,Hyderabad,Month-to-month,30,27,70.95,1813.14,2,41,51.21,Medium Risk,No,2026-01-08
CUST-02893,Hyderabad,One year,36,52,38.11,1869.13,1,89,5.67,Low Risk,No,2026-05-27
CUST-02894,Pune,Month-to-month,39,10,67.83,658.77,2,14,80.96,High Risk,Yes,2021-01-19
CUST-02895,Delhi,Month-to-month,44,32,78.87,2440.73,2,38,53.81,Medium Risk,Yes,2021-06-22
CUST-02896,Chennai,Two year,32,15,42.69,592.05,5,23,57.44,Medium Risk,Yes,2025-03-08
CUST-02897,Bengaluru,One year,18,9,56.89,517.57,0,18,81.63,High Risk,Yes,2021-11-06
CUST-02898,Delhi,Month-to-month,30,15,65.2,1040.28,2,28,77.67,High Risk,Yes,2022-12-05
CUST-02899,Mumbai,Month-to-month,35,16,70.05,1127.77,3,13,75.25,High Risk,Yes,2022-04-04
CUST-02900,Jaipur,Two year,47,39,59.46,2157.1,1,35,9.95,Low Risk,No,2026-05-15
CUST-02901,Jaipur,One year,29,6,44.67,272.29,2,6,48.9,Medium Risk,No,2024-11-25
CUST-02902,Hyderabad,Month-to-month,40,12,63.89,764.83,2,16,80.23,High Risk,Yes,2023-02-18
CUST-02903,Jaipur,Month-to-month,38,21,38.31,856.89,5,25,55.31,Medium Risk,No,2025-07-21
CUST-02904,Mumbai,One year,35,9,60.34,531.18,2,14,60.47,Medium Risk,Yes,2025-07-03
CUST-02905,Bengaluru,Month-to-month,44,49,56.44,2877.06,1,73,12.26,Low Risk,Yes,2023-05-10
CUST-02906,Jaipur,Two year,28,54,62.27,3114.25,2,63,3.52,Low Risk,No,2025-07-25
CUST-02907,Kolkata,Month-to-month,29,19,54.35,1069.25,3,19,53.46,Medium Risk,Yes,2023-06-25
CUST-02908,Delhi,One year,35,28,40.12,1040.96,2,33,23.86,Low Risk,No,2023-03-03
CUST-02909,Mumbai,Month-to-month,29,45,57.81,2536.82,5,35,16.15,Low Risk,No,2025-11-22
CUST-02910,Mumbai,Month-to-month,40,18,87.55,1688.88,4,31,91.88,High Risk,Yes,2023-04-04
CUST-02911,Delhi,Two year,28,27,97.32,2713.07,2,34,61.83,Medium Risk,No,2024-11-03
CUST-02912,Jaipur,Month-to-month,37,8,141.88,1212.23,0,12,97.0,High Risk,No,2021-10-09
CUST-02913,Hyderabad,Month-to-month,34,4,111.69,446.46,1,6,97.0,High Risk,Yes,2021-11-21
CUST-02914,Kolkata,Month-to-month,37,35,44.32,1577.56,0,48,14.87,Low Risk,Yes,2022-10-26
CUST-02915,Delhi,Month-to-month,30,18,57.04,1029.64,3,24,82.48,High Risk,Yes,2024-04-10
CUST-02916,Pune,Month-to-month,32,53,64.53,3408.52,0,52,9.1,Low Risk,No,2025-08-17
CUST-02917,Hyderabad,One year,36,13,63.24,832.41,3,19,64.36,Medium Risk,No,2023-04-19
CUST-02918,Chennai,Month-to-month,37,8,66.46,492.45,1,10,83.02,High Risk,Yes,2026-02-11
CUST-02919,Mumbai,Month-to-month,35,32,140.45,4268.37,4,39,92.36,High Risk,Yes,2025-09-17
CUST-02920,Mumbai,Month-to-month,52,50,45.98,2194.03,2,77,13.86,Low Risk,No,2025-11-07
CUST-02921,Mumbai,One year,25,8,51.73,406.08,2,13,74.93,High Risk,Yes,2021-10-19
CUST-02922,Hyderabad,One year,34,10,109.99,1088.38,2,18,95.69,High Risk,No,2023-11-07
CUST-02923,Chennai,Month-to-month,19,44,53.37,2438.35,0,44,7.33,Low Risk,No,2022-12-21
CUST-02924,Delhi,Month-to-month,39,63,73.72,4395.82,1,51,7.05,Low Risk,No,2023-09-18
CUST-02925,Mumbai,Two year,24,27,90.51,2471.1,2,22,46.34,Medium Risk,Yes,2025-12-15
CUST-02926,Kolkata,Month-to-month,32,12,75.95,878.19,3,16,90.28,High Risk,Yes,2022-08-31
CUST-02927,Chennai,Two year,31,41,69.11,2840.61,2,48,16.16,Low Risk,No,2021-11-18
CUST-02928,Kolkata,Two year,38,16,87.77,1432.77,1,21,80.83,High Risk,No,2025-07-07
CUST-02929,Hyderabad,One year,29,12,48.84,593.81,1,18,48.26,Medium Risk,No,2024-03-07
CUST-02930,Mumbai,Month-to-month,29,14,55.45,740.95,1,27,52.23,Medium Risk,No,2022-05-11
CUST-02931,Pune,Two year,49,30,77.15,2392.06,0,44,50.3,Medium Risk,Yes,2023-08-15
CUST-02932,Pune,One year,38,20,33.52,686.9,2,26,35.9,Low Risk,Yes,2023-03-18
CUST-02933,Jaipur,One year,29,26,102.28,2843.09,3,30,75.39,High Risk,Yes,2024-11-22
CUST-02934,Bengaluru,Month-to-month,32,33,71.63,2414.53,0,42,24.41,Low Risk,No,2026-03-23
CUST-02935,Hyderabad,Month-to-month,51,17,68.26,1201.33,1,20,80.19,High Risk,No,2024-04-13
CUST-02936,Delhi,Month-to-month,33,36,38.58,1458.0,1,50,12.31,Low Risk,No,2022-10-12
CUST-02937,Hyderabad,Month-to-month,28,20,43.06,806.91,2,32,51.33,Medium Risk,Yes,2023-04-03
CUST-02938,Bengaluru,One year,28,14,57.22,826.24,6,19,64.21,Medium Risk,Yes,2021-08-08
CUST-02939,Kolkata,Month-to-month,30,6,84.16,490.3,3,9,92.46,High Risk,Yes,2024-03-21
CUST-02940,Jaipur,Month-to-month,29,16,33.44,562.7,2,32,51.12,Medium Risk,No,2022-09-30
CUST-02941,Delhi,Month-to-month,22,46,83.65,3835.7,3,49,24.97,Low Risk,Yes,2023-01-28
CUST-02942,Pune,One year,24,32,57.93,1877.67,1,58,20.64,Low Risk,No,2025-04-25
CUST-02943,Delhi,Two year,27,26,60.52,1513.18,3,44,43.32,Medium Risk,No,2021-07-10
CUST-02944,Hyderabad,Month-to-month,41,9,70.49,649.69,1,12,92.89,High Risk,Yes,2025-08-25
CUST-02945,Hyderabad,Month-to-month,31,14,70.85,918.21,1,12,78.02,High Risk,Yes,2022-09-28
CUST-02946,Jaipur,Month-to-month,33,29,51.75,1560.44,2,53,44.31,Medium Risk,Yes,2022-11-20
CUST-02947,Bengaluru,One year,48,34,79.39,2553.84,0,49,27.04,Low Risk,Yes,2024-09-04
CUST-02948,Bengaluru,One year,48,32,30.94,946.92,0,32,17.7,Low Risk,No,2023-05-23
CUST-02949,Mumbai,Two year,32,23,56.28,1191.07,2,31,33.1,Low Risk,Yes,2023-02-16
CUST-02950,Kolkata,Month-to-month,29,11,68.28,728.63,1,15,80.02,High Risk,No,2022-11-18
CUST-02951,Chennai,Two year,26,34,58.21,1943.75,3,32,26.26,Low Risk,No,2023-01-03
CUST-02952,Hyderabad,Month-to-month,42,13,36.23,450.94,1,11,48.74,Medium Risk,Yes,2021-06-22
CUST-02953,Hyderabad,One year,33,34,82.84,2694.98,1,36,47.81,Medium Risk,No,2021-08-21
CUST-02954,Bengaluru,Month-to-month,31,16,43.59,741.29,2,14,50.27,Medium Risk,No,2023-07-21
CUST-02955,Kolkata,Two year,27,51,63.61,3154.03,3,42,10.51,Low Risk,No,2025-07-31
CUST-02956,Hyderabad,Month-to-month,27,15,68.26,1060.32,2,13,82.77,High Risk,Yes,2024-06-10
CUST-02957,Hyderabad,One year,38,15,65.41,939.92,2,14,70.06,High Risk,Yes,2023-01-21
CUST-02958,Chennai,Two year,22,19,94.49,1884.08,0,21,77.79,High Risk,Yes,2022-10-13
CUST-02959,Delhi,Month-to-month,45,11,63.9,722.89,0,21,90.27,High Risk,Yes,2021-03-26
CUST-02960,Chennai,Month-to-month,30,10,74.53,775.85,1,13,87.02,High Risk,Yes,2023-08-31
CUST-02961,Delhi,Two year,34,11,63.85,695.56,4,17,75.68,High Risk,No,2023-05-31
CUST-02962,Mumbai,Month-to-month,22,43,79.09,3607.41,3,58,35.53,Low Risk,No,2021-01-24
CUST-02963,Mumbai,Month-to-month,35,10,101.53,994.83,5,9,97.0,High Risk,No,2023-02-08
CUST-02964,Kolkata,Month-to-month,32,15,67.92,1035.25,0,25,86.37,High Risk,Yes,2025-10-29
CUST-02965,Chennai,One year,34,66,83.48,5633.16,0,89,3.57,Low Risk,No,2025-02-15
CUST-02966,Hyderabad,Month-to-month,50,35,103.55,3886.5,0,43,60.93,Medium Risk,No,2021-11-13
CUST-02967,Hyderabad,Month-to-month,37,34,100.35,3212.38,0,62,73.95,High Risk,Yes,2023-05-03
CUST-02968,Bengaluru,Month-to-month,27,60,57.46,3246.59,1,91,3.0,Low Risk,No,2024-06-16
CUST-02969,Kolkata,Month-to-month,28,18,90.56,1620.18,1,20,84.98,High Risk,Yes,2023-08-23
CUST-02970,Bengaluru,Two year,41,4,70.39,300.39,1,9,85.53,High Risk,No,2023-02-28
CUST-02971,Mumbai,Two year,48,33,92.94,2832.3,4,55,59.44,Medium Risk,Yes,2021-09-17
CUST-02972,Delhi,One year,38,17,77.97,1278.04,3,34,73.37,High Risk,Yes,2025-10-27
CUST-02973,Hyderabad,Month-to-month,42,67,70.99,4591.64,2,58,3.0,Low Risk,No,2022-09-04
CUST-02974,Hyderabad,Two year,41,4,74.68,289.4,1,8,81.89,High Risk,Yes,2025-05-13
CUST-02975,Mumbai,Month-to-month,49,10,70.53,651.66,0,14,88.21,High Risk,Yes,2023-08-26
CUST-02976,Jaipur,Month-to-month,18,13,71.42,976.83,0,23,60.86,Medium Risk,Yes,2024-05-29
CUST-02977,Chennai,Two year,42,18,61.78,1024.66,4,21,61.64,Medium Risk,No,2021-09-02
CUST-02978,Jaipur,One year,45,7,59.97,418.29,1,8,72.38,High Risk,Yes,2022-01-26
CUST-02979,Hyderabad,One year,22,25,114.27,2653.97,2,23,66.81,Medium Risk,No,2022-01-20
CUST-02980,Kolkata,One year,26,13,75.73,1031.53,4,19,86.9,High Risk,Yes,2022-03-29
CUST-02981,Mumbai,Month-to-month,26,36,54.11,2024.81,1,37,17.18,Low Risk,Yes,2024-01-06
CUST-02982,Delhi,Month-to-month,28,44,59.48,2709.88,1,38,18.77,Low Risk,Yes,2025-01-11
CUST-02983,Hyderabad,One year,30,16,91.14,1513.36,0,32,73.75,High Risk,Yes,2022-05-23
CUST-02984,Chennai,Month-to-month,37,27,51.36,1484.4,1,43,32.08,Low Risk,Yes,2024-05-26
CUST-02985,Bengaluru,Month-to-month,44,20,40.45,798.23,1,26,43.22,Medium Risk,Yes,2024-05-12
CUST-02986,Kolkata,One year,46,19,41.42,832.51,2,29,35.11,Low Risk,No,2023-06-10
CUST-02987,Jaipur,One year,27,7,37.38,248.44,3,11,56.06,Medium Risk,Yes,2022-10-10
CUST-02988,Bengaluru,Month-to-month,27,18,42.9,766.18,2,16,43.47,Medium Risk,No,2025-07-11
CUST-02989,Hyderabad,One year,48,34,44.55,1395.68,1,51,11.05,Low Risk,No,2021-03-01
CUST-02990,Chennai,Two year,41,25,101.26,2444.07,2,37,81.47,High Risk,No,2022-05-12
CUST-02991,Delhi,One year,36,10,64.05,636.21,4,11,76.98,High Risk,No,2025-03-15
CUST-02992,Chennai,Month-to-month,40,7,57.87,431.62,1,7,81.36,High Risk,No,2021-09-11
CUST-02993,Bengaluru,Month-to-month,35,17,40.96,675.93,2,21,44.66,Medium Risk,No,2023-07-19
CUST-02994,Mumbai,Month-to-month,40,11,62.09,701.83,2,19,87.9,High Risk,Yes,2024-09-27
CUST-02995,Jaipur,Month-to-month,32,12,37.28,471.26,1,14,55.74,Medium Risk,No,2023-06-01
CUST-02996,Chennai,Month-to-month,38,12,57.75,673.77,3,22,64.12,Medium Risk,Yes,2023-10-30
CUST-02997,Delhi,Month-to-month,20,20,125.84,2383.6,3,23,95.16,High Risk,Yes,2025-05-28
CUST-02998,Mumbai,Month-to-month,28,28,80.38,2283.48,1,44,53.96,Medium Risk,No,2023-06-15
CUST-02999,Delhi,Two year,28,11,60.78,645.51,6,19,81.29,High Risk,Yes,2022-03-05
CUST-03000,Chennai,Month-to-month,31,11,81.27,915.78,0,19,89.93,High Risk,Yes,2026-02-17
CUST-03001,Pune,One year,26,8,55.01,414.36,4,14,78.41,High Risk,Yes,2022-06-13
CUST-03002,Hyderabad,One year,30,22,50.31,1045.12,1,22,30.3,Low Risk,No,2022-06-03
CUST-03003,Delhi,Month-to-month,20,34,112.14,3920.08,1,52,72.32,High Risk,Yes,2021-04-13
CUST-03004,Pune,Two year,40,18,45.1,873.31,2,25,44.18,Medium Risk,No,2026-01-17
CUST-03005,Bengaluru,One year,34,29,58.04,1615.0,3,49,39.91,Low Risk,No,2025-02-14
CUST-03006,Chennai,Month-to-month,18,39,71.69,2891.6,2,69,23.83,Low Risk,Yes,2026-04-20
CUST-03007,Kolkata,One year,27,23,48.17,1113.59,3,27,35.18,Low Risk,Yes,2022-03-17
CUST-03008,Jaipur,Month-to-month,38,10,80.04,844.43,2,15,94.27,High Risk,Yes,2023-05-10
CUST-03009,Pune,One year,30,9,58.93,520.94,1,12,63.24,Medium Risk,Yes,2021-10-08
CUST-03010,Jaipur,Month-to-month,28,11,80.39,951.03,1,14,86.44,High Risk,Yes,2025-12-19
CUST-03011,Bengaluru,Two year,34,55,78.41,4024.4,1,74,18.99,Low Risk,No,2022-03-15
CUST-03012,Delhi,Month-to-month,38,65,60.14,4212.23,3,81,3.96,Low Risk,No,2025-12-31
CUST-03013,Mumbai,One year,21,15,112.37,1778.93,6,23,88.55,High Risk,Yes,2023-06-30
CUST-03014,Mumbai,Month-to-month,41,38,52.54,2113.58,2,59,23.02,Low Risk,No,2025-12-13
CUST-03015,Pune,One year,27,42,100.09,4434.08,1,60,50.51,Medium Risk,Yes,2021-09-29
CUST-03016,Mumbai,One year,35,7,94.67,701.06,3,14,94.4,High Risk,Yes,2021-10-21
CUST-03017,Hyderabad,Month-to-month,35,53,114.56,6377.84,1,81,32.62,Low Risk,No,2021-12-08
CUST-03018,Mumbai,One year,30,16,68.72,1169.8,5,31,74.45,High Risk,No,2026-02-28
CUST-03019,Jaipur,Month-to-month,25,16,50.5,802.93,1,25,56.85,Medium Risk,No,2025-08-23
CUST-03020,Hyderabad,Two year,32,8,126.34,1081.76,2,13,97.0,High Risk,Yes,2024-12-21
CUST-03021,Delhi,Month-to-month,51,55,58.4,3152.88,3,63,8.09,Low Risk,No,2022-08-23
CUST-03022,Mumbai,Two year,21,20,50.1,1038.64,0,33,37.42,Low Risk,No,2026-03-12
CUST-03023,Pune,One year,52,52,61.17,3287.9,4,77,16.87,Low Risk,No,2024-08-22
CUST-03024,Mumbai,Month-to-month,32,41,47.48,2046.63,2,61,6.65,Low Risk,No,2025-02-03
CUST-03025,Jaipur,Month-to-month,35,15,76.92,1197.81,3,25,86.85,High Risk,Yes,2024-04-23
CUST-03026,Mumbai,Month-to-month,24,21,53.55,1040.95,4,36,69.2,Medium Risk,Yes,2023-11-28
CUST-03027,Kolkata,Two year,27,12,59.29,738.7,2,13,50.35,Medium Risk,Yes,2021-01-23
CUST-03028,Pune,Month-to-month,30,13,88.6,1063.95,1,19,85.17,High Risk,Yes,2022-08-24
CUST-03029,Pune,Month-to-month,25,26,79.36,2074.33,3,37,64.71,Medium Risk,Yes,2023-09-13
CUST-03030,Pune,One year,33,31,65.32,2134.74,0,33,22.73,Low Risk,No,2023-11-26
CUST-03031,Delhi,Month-to-month,31,4,68.65,289.08,3,9,87.81,High Risk,Yes,2022-03-10
CUST-03032,Mumbai,One year,54,4,65.26,275.3,0,8,79.57,High Risk,No,2022-09-02
CUST-03033,Hyderabad,Month-to-month,23,14,56.62,805.67,3,18,77.31,High Risk,Yes,2023-06-28
CUST-03034,Jaipur,Month-to-month,36,24,64.95,1479.94,1,28,69.46,Medium Risk,Yes,2026-03-04
CUST-03035,Delhi,One year,37,43,76.05,3274.32,2,64,29.58,Low Risk,No,2025-06-29
CUST-03036,Delhi,Month-to-month,24,20,62.43,1251.84,2,15,70.81,High Risk,Yes,2024-10-21
CUST-03037,Mumbai,Month-to-month,42,16,74.34,1156.09,2,21,89.23,High Risk,Yes,2023-06-19
CUST-03038,Kolkata,Two year,31,28,49.73,1375.53,5,32,49.21,Medium Risk,No,2025-07-11
CUST-03039,Jaipur,Month-to-month,18,10,53.58,567.71,1,20,72.12,High Risk,Yes,2026-01-02
CUST-03040,Bengaluru,Two year,42,21,51.39,1082.29,2,36,54.59,Medium Risk,No,2022-03-23
CUST-03041,Delhi,Two year,24,18,54.25,1008.49,0,21,45.13,Medium Risk,Yes,2025-10-14
CUST-03042,Kolkata,Month-to-month,25,22,98.13,2157.41,2,39,82.88,High Risk,Yes,2025-02-09
CUST-03043,Jaipur,Month-to-month,42,40,82.0,3341.65,1,71,39.94,Low Risk,Yes,2023-09-02
CUST-03044,Mumbai,One year,32,5,46.05,215.24,4,7,78.67,High Risk,Yes,2023-06-13
CUST-03045,Hyderabad,Month-to-month,44,19,74.77,1518.68,3,18,86.64,High Risk,Yes,2021-11-06
CUST-03046,Hyderabad,Month-to-month,47,31,57.36,1759.93,2,48,45.96,Medium Risk,No,2021-03-20
CUST-03047,Mumbai,One year,29,27,52.25,1466.8,1,29,23.71,Low Risk,No,2025-01-24
CUST-03048,Mumbai,Month-to-month,43,5,40.4,207.4,0,10,68.57,Medium Risk,Yes,2021-03-01
CUST-03049,Mumbai,Two year,27,4,88.71,371.83,3,3,85.11,High Risk,Yes,2022-10-16
CUST-03050,Delhi,Month-to-month,57,30,42.01,1166.51,2,41,34.98,Low Risk,Yes,2022-01-18
CUST-03051,Delhi,Month-to-month,28,5,63.93,341.92,4,8,89.97,High Risk,Yes,2022-07-26
CUST-03052,Bengaluru,Month-to-month,45,21,48.02,1061.62,2,35,43.5,Medium Risk,No,2024-09-01
CUST-03053,Delhi,Two year,43,38,83.32,3335.24,4,29,44.52,Medium Risk,No,2025-04-07
CUST-03054,Delhi,One year,38,6,58.4,348.56,4,8,82.05,High Risk,Yes,2022-03-25
CUST-03055,Pune,One year,28,52,62.26,3391.02,2,85,3.9,Low Risk,No,2025-05-20
CUST-03056,Kolkata,Month-to-month,33,29,62.94,1847.22,1,21,41.36,Medium Risk,No,2026-05-05
CUST-03057,Pune,Month-to-month,18,72,71.61,5158.79,2,113,4.5,Low Risk,No,2023-06-06
CUST-03058,Jaipur,Month-to-month,37,14,65.27,955.44,0,12,69.29,Medium Risk,Yes,2023-09-20
CUST-03059,Jaipur,Month-to-month,38,44,64.11,2878.52,1,66,19.79,Low Risk,No,2024-10-22
CUST-03060,Kolkata,One year,36,15,55.06,770.02,4,19,62.69,Medium Risk,No,2025-09-25
CUST-03061,Delhi,One year,18,20,39.27,762.09,0,28,24.62,Low Risk,No,2024-01-31
CUST-03062,Jaipur,Month-to-month,22,12,45.44,555.93,0,15,64.77,Medium Risk,Yes,2025-10-18
CUST-03063,Pune,Two year,28,19,81.8,1654.61,2,19,75.81,High Risk,Yes,2021-08-19
CUST-03064,Pune,Month-to-month,38,35,58.94,2205.82,0,28,38.09,Low Risk,No,2024-11-30
CUST-03065,Pune,Two year,38,53,52.56,2936.74,0,89,3.44,Low Risk,No,2024-02-23
CUST-03066,Delhi,Month-to-month,33,10,41.45,398.21,3,18,72.87,High Risk,Yes,2025-02-03
CUST-03067,Jaipur,Month-to-month,41,22,37.49,821.27,0,39,42.75,Medium Risk,Yes,2023-08-20
CUST-03068,Kolkata,Month-to-month,25,13,51.9,667.51,3,25,69.19,Medium Risk,Yes,2025-03-15
CUST-03069,Delhi,Month-to-month,41,23,86.36,1966.79,1,41,71.65,High Risk,Yes,2024-09-27
CUST-03070,Pune,One year,40,38,54.39,1917.94,1,54,15.16,Low Risk,No,2022-04-02
CUST-03071,Hyderabad,Month-to-month,39,14,73.89,980.44,6,11,85.59,High Risk,No,2021-01-04
CUST-03072,Pune,Month-to-month,33,26,53.59,1316.04,3,46,41.06,Medium Risk,Yes,2024-10-25
CUST-03073,Mumbai,One year,53,10,79.74,812.36,1,11,84.38,High Risk,Yes,2021-08-05
CUST-03074,Delhi,One year,40,40,58.08,2290.41,1,52,13.27,Low Risk,No,2024-05-15
CUST-03075,Pune,Two year,25,32,43.82,1362.84,0,55,13.86,Low Risk,No,2022-04-17
CUST-03076,Chennai,Month-to-month,37,11,59.64,650.15,2,14,67.76,Medium Risk,Yes,2025-06-28
CUST-03077,Kolkata,One year,43,11,116.89,1249.63,2,12,94.34,High Risk,Yes,2024-07-10
CUST-03078,Jaipur,One year,29,46,115.26,5520.38,2,54,25.69,Low Risk,Yes,2025-01-19
CUST-03079,Delhi,Month-to-month,46,63,75.95,4529.95,2,115,5.87,Low Risk,No,2025-08-18
CUST-03080,Kolkata,Month-to-month,39,12,62.21,693.5,2,25,78.51,High Risk,No,2025-10-21
CUST-03081,Hyderabad,Month-to-month,18,35,71.64,2567.86,0,52,44.34,Medium Risk,Yes,2026-05-19
CUST-03082,Chennai,Month-to-month,38,15,71.94,1032.58,3,29,84.75,High Risk,Yes,2024-10-10
CUST-03083,Delhi,Month-to-month,31,46,64.18,3020.0,3,37,19.91,Low Risk,Yes,2022-12-02
CUST-03084,Bengaluru,Month-to-month,40,16,74.85,1113.01,5,18,83.68,High Risk,Yes,2021-12-24
CUST-03085,Hyderabad,One year,44,30,69.48,2000.06,3,33,40.06,Medium Risk,No,2024-05-30
CUST-03086,Pune,One year,37,22,58.75,1220.92,1,19,54.24,Medium Risk,Yes,2022-11-10
CUST-03087,Mumbai,Two year,52,3,44.34,128.56,1,5,62.57,Medium Risk,No,2021-12-15
CUST-03088,Jaipur,One year,33,10,56.1,545.64,0,11,55.24,Medium Risk,Yes,2025-11-25
CUST-03089,Bengaluru,Month-to-month,41,30,83.95,2516.56,2,41,73.11,High Risk,Yes,2021-09-18
CUST-03090,Delhi,Two year,43,28,64.35,1807.61,2,21,36.19,Low Risk,No,2021-12-04
CUST-03091,Bengaluru,Two year,34,24,71.56,1753.19,2,26,68.34,Medium Risk,Yes,2022-04-08
CUST-03092,Kolkata,Month-to-month,43,55,59.37,3177.4,1,95,9.91,Low Risk,No,2025-06-14
CUST-03093,Mumbai,One year,29,34,46.31,1582.61,3,35,23.11,Low Risk,No,2026-01-21
CUST-03094,Chennai,Two year,31,31,60.22,2013.21,3,24,19.27,Low Risk,No,2025-11-22
CUST-03095,Delhi,Month-to-month,22,3,46.86,134.07,1,5,83.95,High Risk,Yes,2023-02-09
CUST-03096,Pune,Two year,37,35,45.91,1517.56,4,60,13.65,Low Risk,No,2026-03-02
CUST-03097,Kolkata,Month-to-month,38,6,95.6,605.04,3,10,96.73,High Risk,Yes,2026-04-29
CUST-03098,Jaipur,Month-to-month,47,19,56.82,1064.1,4,30,66.74,Medium Risk,Yes,2024-06-30
CUST-03099,Jaipur,Month-to-month,43,6,51.27,324.69,3,8,84.01,High Risk,Yes,2024-01-18
CUST-03100,Mumbai,One year,32,27,109.09,2909.94,2,36,68.0,Medium Risk,Yes,2021-06-09
CUST-03101,Jaipur,One year,23,39,84.37,3038.61,1,40,17.49,Low Risk,No,2022-03-18
CUST-03102,Hyderabad,Two year,39,18,57.71,1017.98,4,21,59.53,Medium Risk,Yes,2024-07-25
CUST-03103,Kolkata,Month-to-month,46,19,74.53,1441.02,5,26,81.08,High Risk,No,2022-11-23
CUST-03104,Mumbai,Month-to-month,43,10,60.28,597.74,5,17,81.08,High Risk,No,2024-05-10
CUST-03105,Delhi,One year,46,39,52.08,2017.91,2,36,8.41,Low Risk,Yes,2022-03-21
CUST-03106,Mumbai,One year,33,6,75.66,490.15,1,9,65.79,Medium Risk,No,2025-02-16
CUST-03107,Hyderabad,Month-to-month,30,22,58.59,1298.08,2,19,61.41,Medium Risk,Yes,2021-07-23
CUST-03108,Jaipur,Month-to-month,28,18,66.59,1236.39,2,19,68.79,Medium Risk,No,2022-06-17
CUST-03109,Bengaluru,One year,34,25,90.13,2332.92,3,26,63.26,Medium Risk,Yes,2025-09-22
CUST-03110,Pune,One year,34,32,87.01,2561.65,2,59,50.8,Medium Risk,Yes,2023-11-05
CUST-03111,Pune,Month-to-month,37,17,54.51,934.45,1,18,70.53,High Risk,Yes,2022-06-07
CUST-03112,Delhi,Month-to-month,34,35,75.94,2854.82,3,48,51.17,Medium Risk,Yes,2025-05-01
CUST-03113,Hyderabad,Two year,34,19,45.31,895.44,1,18,32.78,Low Risk,No,2023-12-31
CUST-03114,Jaipur,One year,27,24,75.08,1755.91,1,29,68.95,Medium Risk,Yes,2025-02-04
CUST-03115,Delhi,Month-to-month,44,8,68.16,533.46,0,11,81.52,High Risk,Yes,2022-01-18
CUST-03116,Chennai,Month-to-month,36,15,73.38,1066.11,1,14,69.81,Medium Risk,Yes,2024-12-08
CUST-03117,Hyderabad,One year,33,5,59.1,301.66,2,8,77.65,High Risk,Yes,2024-11-22
CUST-03118,Jaipur,Month-to-month,28,20,126.63,2369.43,2,34,94.18,High Risk,Yes,2024-06-27
CUST-03119,Delhi,Month-to-month,22,31,48.71,1459.27,2,33,36.2,Low Risk,No,2023-11-30
CUST-03120,Delhi,Month-to-month,48,17,88.7,1507.47,4,23,87.68,High Risk,Yes,2021-08-26
CUST-03121,Delhi,Month-to-month,41,18,46.72,845.7,3,20,58.16,Medium Risk,Yes,2022-01-10
CUST-03122,Delhi,One year,19,25,76.38,1942.32,2,42,42.9,Medium Risk,Yes,2023-04-18
CUST-03123,Jaipur,Month-to-month,43,27,78.15,2210.4,1,39,70.33,High Risk,Yes,2026-05-24
CUST-03124,Bengaluru,One year,44,5,66.15,312.93,0,7,80.28,High Risk,Yes,2021-02-15
CUST-03125,Hyderabad,Month-to-month,36,13,55.47,689.38,2,23,70.58,High Risk,Yes,2021-03-13
CUST-03126,Pune,Month-to-month,51,6,68.0,432.3,1,8,87.96,High Risk,Yes,2023-03-15
CUST-03127,Pune,Month-to-month,37,15,70.8,1118.27,2,15,79.56,High Risk,Yes,2021-11-08
CUST-03128,Jaipur,Two year,21,49,115.26,5938.32,1,76,23.23,Low Risk,No,2025-08-03
CUST-03129,Kolkata,Two year,39,32,49.17,1500.08,2,33,28.02,Low Risk,No,2023-08-23
CUST-03130,Chennai,Month-to-month,37,19,54.41,960.72,1,19,67.55,Medium Risk,Yes,2022-08-12
CUST-03131,Chennai,One year,29,57,71.2,4073.6,2,62,6.04,Low Risk,No,2024-07-22
CUST-03132,Chennai,One year,41,24,59.89,1522.46,3,43,44.9,Medium Risk,No,2025-08-13
CUST-03133,Kolkata,Two year,18,72,62.95,4342.05,1,68,3.0,Low Risk,No,2021-01-12
CUST-03134,Bengaluru,Month-to-month,45,21,91.55,2046.89,3,26,91.75,High Risk,Yes,2021-10-15
CUST-03135,Delhi,One year,26,13,26.36,323.03,4,17,51.02,Medium Risk,Yes,2025-03-02
CUST-03136,Pune,Month-to-month,25,8,53.68,415.57,2,13,79.78,High Risk,Yes,2022-07-04
CUST-03137,Hyderabad,Month-to-month,34,30,37.22,1080.56,0,45,26.04,Low Risk,Yes,2022-03-21
CUST-03138,Hyderabad,Two year,39,15,44.33,627.83,3,19,60.82,Medium Risk,Yes,2025-04-23
CUST-03139,Bengaluru,Month-to-month,37,21,140.31,3122.25,0,33,97.0,High Risk,Yes,2021-07-28
CUST-03140,Jaipur,Month-to-month,28,27,78.71,2095.45,4,41,61.4,Medium Risk,Yes,2022-05-25
CUST-03141,Mumbai,Month-to-month,30,10,88.14,837.78,1,11,89.39,High Risk,Yes,2023-04-28
CUST-03142,Kolkata,One year,24,24,63.35,1434.59,0,29,41.2,Medium Risk,No,2025-03-28
CUST-03143,Bengaluru,One year,33,17,82.86,1390.8,1,26,73.6,High Risk,Yes,2021-12-23
CUST-03144,Bengaluru,Month-to-month,46,6,36.93,204.47,1,8,75.96,High Risk,Yes,2023-12-06
CUST-03145,Delhi,Two year,35,28,90.62,2383.52,1,49,63.58,Medium Risk,Yes,2026-02-15
CUST-03146,Mumbai,Month-to-month,44,30,50.0,1380.89,1,54,35.55,Low Risk,Yes,2025-05-24
CUST-03147,Chennai,Month-to-month,50,43,54.84,2178.67,4,64,10.25,Low Risk,No,2026-06-15
CUST-03148,Pune,Two year,29,8,76.4,659.84,1,18,86.55,High Risk,No,2025-05-26
CUST-03149,Hyderabad,Month-to-month,33,63,71.93,4494.53,2,86,8.64,Low Risk,No,2025-11-20
CUST-03150,Bengaluru,Month-to-month,57,11,66.78,761.49,2,12,92.29,High Risk,Yes,2021-08-07
CUST-03151,Pune,Month-to-month,49,4,42.02,174.46,4,8,80.23,High Risk,Yes,2024-07-29
CUST-03152,Delhi,Two year,18,20,67.11,1423.89,2,21,36.34,Low Risk,No,2021-03-18
CUST-03153,Hyderabad,Month-to-month,39,25,88.39,2069.65,2,29,75.27,High Risk,No,2024-06-04
CUST-03154,Mumbai,Two year,35,18,54.82,990.81,2,24,53.64,Medium Risk,No,2023-12-06
CUST-03155,Mumbai,One year,43,8,99.0,769.41,1,12,90.2,High Risk,No,2023-07-02
CUST-03156,Pune,Month-to-month,28,14,49.16,693.58,1,18,72.7,High Risk,Yes,2022-01-17
CUST-03157,Kolkata,One year,27,24,65.14,1521.37,0,31,33.84,Low Risk,No,2026-04-11
CUST-03158,Jaipur,Month-to-month,28,69,106.24,6959.53,0,71,9.79,Low Risk,No,2025-01-20
CUST-03159,Chennai,Month-to-month,29,8,52.27,429.72,2,9,75.53,High Risk,Yes,2022-09-10
CUST-03160,Delhi,One year,43,13,91.07,1096.48,2,23,94.14,High Risk,Yes,2026-06-17
CUST-03161,Mumbai,Two year,23,7,122.28,910.11,2,12,94.78,High Risk,Yes,2021-03-05
CUST-03162,Jaipur,Month-to-month,29,15,68.66,971.61,3,28,82.24,High Risk,Yes,2025-07-13
CUST-03163,Mumbai,Month-to-month,18,18,54.91,1006.59,1,34,45.87,Medium Risk,No,2026-03-16
CUST-03164,Bengaluru,Month-to-month,45,36,50.76,1901.68,0,59,24.36,Low Risk,No,2021-05-05
CUST-03165,Jaipur,Month-to-month,48,24,98.68,2206.49,0,31,76.13,High Risk,Yes,2024-12-20
CUST-03166,Bengaluru,Month-to-month,32,47,97.8,4893.21,2,71,50.04,Medium Risk,No,2023-06-06
CUST-03167,Kolkata,Month-to-month,32,19,103.35,1918.46,1,19,91.53,High Risk,Yes,2023-02-01
CUST-03168,Jaipur,One year,40,1,64.32,69.43,1,5,85.68,High Risk,No,2025-02-18
CUST-03169,Hyderabad,Month-to-month,50,25,90.6,2108.73,1,30,67.93,Medium Risk,Yes,2023-12-13
CUST-03170,Mumbai,Month-to-month,39,5,63.99,331.05,1,10,86.48,High Risk,Yes,2021-05-22
CUST-03171,Pune,One year,28,35,49.0,1621.9,2,57,13.84,Low Risk,No,2021-02-06
CUST-03172,Delhi,One year,19,19,93.14,1742.11,2,26,80.72,High Risk,Yes,2022-06-09
CUST-03173,Delhi,Month-to-month,24,12,109.64,1303.73,3,18,93.58,High Risk,Yes,2022-08-07
CUST-03174,Delhi,Month-to-month,36,8,46.89,369.49,2,8,81.77,High Risk,Yes,2025-02-21
CUST-03175,Jaipur,One year,28,13,46.61,590.18,3,21,62.16,Medium Risk,No,2023-03-31
CUST-03176,Delhi,Month-to-month,37,18,65.84,1235.79,4,26,65.73,Medium Risk,No,2026-06-17
CUST-03177,Pune,Month-to-month,29,58,88.27,5381.7,2,70,14.59,Low Risk,No,2025-08-24
CUST-03178,Chennai,One year,24,17,45.22,748.52,1,24,37.69,Low Risk,No,2021-12-23
CUST-03179,Chennai,Month-to-month,23,23,69.9,1603.24,1,24,68.86,Medium Risk,Yes,2023-07-05
CUST-03180,Pune,Month-to-month,51,18,53.81,956.45,3,20,61.94,Medium Risk,Yes,2023-04-16
CUST-03181,Jaipur,Month-to-month,44,23,81.34,1898.81,1,38,75.16,High Risk,Yes,2024-11-09
CUST-03182,Delhi,Month-to-month,52,22,50.35,1045.72,1,31,61.5,Medium Risk,Yes,2022-05-14
CUST-03183,Mumbai,Month-to-month,40,19,83.21,1658.32,2,18,83.13,High Risk,Yes,2021-07-30
CUST-03184,Delhi,Two year,31,12,61.79,776.72,1,9,48.17,Medium Risk,Yes,2022-04-17
CUST-03185,Bengaluru,Month-to-month,48,30,48.16,1465.7,1,40,29.06,Low Risk,No,2021-07-08
CUST-03186,Bengaluru,Month-to-month,35,8,66.34,551.62,1,17,88.05,High Risk,No,2021-07-01
CUST-03187,Mumbai,Month-to-month,37,27,34.96,1017.7,3,22,36.68,Low Risk,No,2024-06-23
CUST-03188,Mumbai,Two year,35,31,54.35,1798.75,0,43,10.46,Low Risk,No,2023-05-29
CUST-03189,Chennai,Month-to-month,18,4,72.41,294.8,0,8,88.49,High Risk,Yes,2024-09-16
CUST-03190,Hyderabad,Month-to-month,51,8,36.87,295.5,3,8,78.67,High Risk,Yes,2024-05-22
CUST-03191,Mumbai,Two year,40,4,28.55,114.83,2,7,61.08,Medium Risk,No,2022-05-19
CUST-03192,Kolkata,Month-to-month,38,42,30.75,1284.6,4,74,13.14,Low Risk,No,2024-04-03
CUST-03193,Kolkata,Month-to-month,34,13,99.39,1287.98,2,14,96.37,High Risk,Yes,2025-09-27
CUST-03194,Mumbai,Month-to-month,37,41,63.42,2696.76,4,60,29.14,Low Risk,No,2024-01-10
CUST-03195,Mumbai,Month-to-month,29,15,54.82,887.05,1,22,67.35,Medium Risk,No,2021-08-28
CUST-03196,Bengaluru,Month-to-month,41,9,87.96,734.05,3,8,90.82,High Risk,Yes,2025-03-15
CUST-03197,Kolkata,One year,22,11,57.11,601.09,2,12,57.6,Medium Risk,No,2024-08-12
CUST-03198,Chennai,Month-to-month,37,21,70.83,1418.46,4,26,72.2,High Risk,Yes,2023-10-15
CUST-03199,Jaipur,One year,41,30,65.54,2070.91,2,45,43.03,Medium Risk,No,2023-07-05
CUST-03200,Mumbai,Month-to-month,33,20,55.91,1103.84,1,19,50.02,Medium Risk,No,2023-11-25
CUST-03201,Bengaluru,Month-to-month,39,35,71.42,2509.75,5,51,61.93,Medium Risk,Yes,2021-08-24
CUST-03202,Bengaluru,Month-to-month,25,17,83.25,1408.26,3,24,77.74,High Risk,Yes,2023-07-25
CUST-03203,Delhi,Two year,25,18,61.27,1165.27,2,20,58.76,Medium Risk,No,2024-09-20
CUST-03204,Chennai,Month-to-month,37,11,56.09,616.96,1,17,78.02,High Risk,Yes,2022-12-16
CUST-03205,Pune,One year,42,10,58.25,598.14,2,13,71.76,High Risk,Yes,2021-05-21
CUST-03206,Chennai,Month-to-month,18,32,31.16,920.46,2,42,21.34,Low Risk,No,2021-03-31
CUST-03207,Chennai,Month-to-month,40,8,71.16,583.17,4,13,87.41,High Risk,No,2021-05-31
CUST-03208,Hyderabad,Month-to-month,30,15,44.14,634.66,3,18,56.98,Medium Risk,Yes,2025-02-20
CUST-03209,Mumbai,Month-to-month,33,33,79.51,2777.85,0,40,39.55,Low Risk,No,2024-07-16
CUST-03210,Pune,Month-to-month,22,5,63.15,328.46,0,11,83.06,High Risk,Yes,2023-12-08
CUST-03211,Delhi,Month-to-month,26,43,67.22,2709.77,0,64,18.75,Low Risk,No,2022-07-16
CUST-03212,Pune,One year,45,9,81.33,685.53,1,14,87.92,High Risk,No,2022-04-09
CUST-03213,Delhi,Month-to-month,35,43,48.32,2008.94,0,76,13.2,Low Risk,No,2024-02-07
CUST-03214,Hyderabad,One year,31,8,73.15,550.16,4,14,87.03,High Risk,No,2021-03-19
CUST-03215,Delhi,Month-to-month,34,32,70.81,2353.05,5,42,53.9,Medium Risk,No,2022-07-18
CUST-03216,Jaipur,Month-to-month,40,13,61.27,858.55,1,18,77.9,High Risk,Yes,2021-12-20
CUST-03217,Delhi,One year,39,59,48.3,2920.49,4,93,5.74,Low Risk,No,2026-03-23
CUST-03218,Jaipur,Month-to-month,34,16,78.64,1207.72,0,15,69.92,Medium Risk,No,2023-01-14
CUST-03219,Hyderabad,Month-to-month,46,8,81.41,657.98,2,11,85.27,High Risk,Yes,2026-02-28
CUST-03220,Hyderabad,One year,45,27,67.41,1909.08,1,36,47.33,Medium Risk,Yes,2021-08-08
CUST-03221,Bengaluru,Two year,39,14,46.15,693.88,1,25,40.88,Medium Risk,No,2025-04-12
CUST-03222,Delhi,Month-to-month,36,29,54.9,1466.02,2,53,29.15,Low Risk,No,2025-08-29
CUST-03223,Jaipur,Month-to-month,42,42,63.76,2688.07,2,67,28.55,Low Risk,No,2022-08-12
CUST-03224,Jaipur,Two year,38,32,81.02,2573.23,2,43,35.76,Low Risk,Yes,2026-02-02
CUST-03225,Delhi,Month-to-month,46,5,39.16,193.12,2,10,84.59,High Risk,Yes,2021-04-13
CUST-03226,Chennai,One year,44,8,54.27,434.43,5,11,77.8,High Risk,Yes,2021-12-24
CUST-03227,Delhi,Month-to-month,25,23,57.14,1293.93,3,40,53.17,Medium Risk,Yes,2022-12-10
CUST-03228,Mumbai,Month-to-month,24,25,63.29,1542.76,3,38,48.72,Medium Risk,No,2023-04-07
CUST-03229,Jaipur,One year,28,2,42.86,80.44,1,5,69.09,Medium Risk,No,2023-04-28
CUST-03230,Delhi,Month-to-month,45,7,60.63,424.4,0,6,72.35,High Risk,Yes,2022-11-02
CUST-03231,Bengaluru,Month-to-month,19,9,58.85,556.86,2,14,59.63,Medium Risk,Yes,2025-06-10
CUST-03232,Pune,Month-to-month,39,44,46.64,1922.38,0,58,6.35,Low Risk,No,2023-06-18
CUST-03233,Delhi,One year,39,12,62.59,779.74,1,10,75.13,High Risk,Yes,2023-04-17
CUST-03234,Jaipur,One year,47,30,54.66,1578.87,1,36,20.39,Low Risk,No,2024-05-03
CUST-03235,Mumbai,Month-to-month,37,39,76.17,2914.18,1,33,25.4,Low Risk,No,2024-09-20
CUST-03236,Delhi,Month-to-month,22,11,48.96,580.62,1,23,65.58,Medium Risk,No,2025-10-28
CUST-03237,Delhi,One year,25,18,66.9,1237.96,1,28,73.54,High Risk,Yes,2024-07-18
CUST-03238,Kolkata,One year,23,30,50.18,1558.18,4,43,33.22,Low Risk,No,2025-08-18
CUST-03239,Pune,One year,30,5,53.65,272.64,3,5,69.07,Medium Risk,Yes,2022-08-12
CUST-03240,Bengaluru,Month-to-month,33,16,71.49,1111.33,2,17,72.65,High Risk,Yes,2023-10-19
CUST-03241,Mumbai,One year,23,41,70.07,2953.36,2,37,14.23,Low Risk,No,2023-09-21
CUST-03242,Mumbai,One year,50,24,56.88,1355.79,2,33,34.5,Low Risk,No,2024-03-15
CUST-03243,Bengaluru,Month-to-month,22,24,59.63,1507.16,1,39,54.1,Medium Risk,No,2021-01-10
CUST-03244,Hyderabad,Month-to-month,48,35,40.82,1444.94,1,28,17.95,Low Risk,No,2025-08-23
CUST-03245,Hyderabad,Month-to-month,47,13,101.83,1381.24,4,13,92.77,High Risk,Yes,2022-03-28
CUST-03246,Delhi,One year,44,9,80.99,769.55,4,10,81.6,High Risk,Yes,2025-07-22
CUST-03247,Bengaluru,Month-to-month,28,23,80.07,1936.23,3,36,86.77,High Risk,Yes,2025-01-13
CUST-03248,Mumbai,One year,38,13,39.02,499.31,2,24,53.14,Medium Risk,No,2022-11-01
CUST-03249,Chennai,Two year,22,13,53.72,683.7,0,23,43.21,Medium Risk,No,2022-03-12
CUST-03250,Pune,One year,44,8,58.4,494.79,2,11,81.27,High Risk,Yes,2023-10-19
CUST-03251,Bengaluru,Two year,34,27,35.04,892.06,3,22,14.12,Low Risk,No,2024-05-31
CUST-03252,Jaipur,Two year,31,17,86.42,1417.29,0,27,71.25,High Risk,Yes,2024-08-29
CUST-03253,Pune,Month-to-month,23,9,103.51,875.1,1,8,93.87,High Risk,Yes,2022-11-17
CUST-03254,Jaipur,One year,18,36,125.74,4194.99,2,40,71.81,High Risk,Yes,2021-01-03
CUST-03255,Mumbai,Month-to-month,25,15,46.51,710.58,1,19,48.51,Medium Risk,Yes,2023-04-11
CUST-03256,Delhi,Two year,46,27,67.49,1939.08,2,33,45.68,Medium Risk,No,2023-07-29
CUST-03257,Hyderabad,Month-to-month,31,51,99.25,4761.62,3,58,22.95,Low Risk,No,2025-05-24
CUST-03258,Delhi,Two year,33,36,59.93,2259.56,1,56,16.73,Low Risk,No,2025-06-22
CUST-03259,Mumbai,One year,42,47,54.21,2498.68,0,45,10.5,Low Risk,No,2025-01-25
CUST-03260,Chennai,One year,53,35,35.78,1275.97,0,60,14.05,Low Risk,Yes,2023-06-12
CUST-03261,Delhi,Month-to-month,48,16,93.39,1557.29,2,27,87.48,High Risk,Yes,2021-11-07
CUST-03262,Bengaluru,Month-to-month,25,10,64.6,667.71,2,13,71.22,High Risk,Yes,2021-02-27
CUST-03263,Mumbai,One year,18,15,51.47,727.17,2,14,30.45,Low Risk,No,2021-03-03
CUST-03264,Jaipur,Month-to-month,59,16,71.18,1068.8,3,23,86.08,High Risk,No,2023-09-24
CUST-03265,Hyderabad,One year,58,42,68.26,3061.5,1,69,20.61,Low Risk,No,2023-10-28
CUST-03266,Jaipur,Month-to-month,37,14,68.6,895.78,2,17,81.91,High Risk,Yes,2025-10-09
CUST-03267,Bengaluru,One year,22,7,60.64,405.35,3,13,84.71,High Risk,Yes,2025-12-16
CUST-03268,Bengaluru,Month-to-month,45,22,109.24,2379.57,1,32,89.89,High Risk,Yes,2023-06-05
CUST-03269,Pune,One year,34,20,62.28,1309.58,1,38,51.25,Medium Risk,No,2021-10-02
CUST-03270,Pune,One year,34,11,109.13,1220.14,1,22,87.08,High Risk,Yes,2021-03-22
CUST-03271,Delhi,Month-to-month,44,15,77.86,1181.2,3,18,91.48,High Risk,Yes,2022-03-08
CUST-03272,Jaipur,Month-to-month,38,48,72.73,3598.26,2,58,20.01,Low Risk,No,2024-06-09
CUST-03273,Hyderabad,Month-to-month,23,27,62.69,1774.46,1,25,38.74,Low Risk,Yes,2025-01-24
CUST-03274,Bengaluru,One year,32,15,88.77,1274.56,3,16,83.32,High Risk,Yes,2021-07-04
CUST-03275,Chennai,Month-to-month,42,11,67.39,684.23,1,16,90.38,High Risk,Yes,2024-11-29
CUST-03276,Chennai,One year,40,64,48.24,2903.2,1,110,3.2,Low Risk,No,2025-07-01
CUST-03277,Chennai,Month-to-month,38,55,47.72,2483.99,5,101,5.47,Low Risk,No,2025-11-28
CUST-03278,Bengaluru,Month-to-month,44,34,74.41,2343.75,3,36,62.06,Medium Risk,Yes,2023-04-30
CUST-03279,Mumbai,Month-to-month,31,17,48.62,859.27,1,20,58.96,Medium Risk,Yes,2021-10-07
CUST-03280,Hyderabad,Month-to-month,37,10,63.72,676.44,1,17,85.6,High Risk,Yes,2022-11-01
CUST-03281,Bengaluru,Month-to-month,18,11,91.17,1036.67,2,11,91.41,High Risk,Yes,2025-09-22
CUST-03282,Delhi,Two year,31,16,71.64,1089.13,2,19,71.92,High Risk,Yes,2026-06-14
CUST-03283,Chennai,Two year,43,14,51.59,734.56,1,25,65.56,Medium Risk,No,2023-07-12
CUST-03284,Chennai,Month-to-month,31,19,102.06,1945.53,6,32,86.9,High Risk,Yes,2026-05-26
CUST-03285,Bengaluru,One year,30,18,77.46,1465.66,2,32,70.71,High Risk,Yes,2024-07-30
CUST-03286,Jaipur,Two year,25,9,90.02,867.51,5,13,85.92,High Risk,No,2023-04-15
CUST-03287,Mumbai,Month-to-month,45,9,31.46,294.15,5,15,66.25,Medium Risk,Yes,2025-03-04
CUST-03288,Chennai,Month-to-month,40,15,72.26,1086.07,3,25,82.52,High Risk,Yes,2022-09-21
CUST-03289,Kolkata,Month-to-month,43,18,85.1,1534.51,1,20,77.13,High Risk,Yes,2025-10-10
CUST-03290,Delhi,Month-to-month,18,46,112.0,5405.71,2,75,46.65,Medium Risk,No,2021-01-04
CUST-03291,Jaipur,Two year,33,23,40.69,879.35,1,17,17.16,Low Risk,No,2024-12-23
CUST-03292,Chennai,One year,32,23,95.62,2077.27,4,39,73.1,High Risk,Yes,2022-11-28
CUST-03293,Mumbai,Month-to-month,32,24,110.01,2574.13,0,39,87.56,High Risk,Yes,2023-06-15
CUST-03294,Bengaluru,Month-to-month,29,39,34.08,1381.68,2,41,15.04,Low Risk,Yes,2024-11-09
CUST-03295,Kolkata,One year,32,72,75.76,5075.92,1,109,3.0,Low Risk,No,2021-08-13
CUST-03296,Jaipur,Two year,43,13,79.2,1003.95,1,16,84.87,High Risk,Yes,2021-02-13
CUST-03297,Pune,One year,18,61,58.54,3467.26,2,85,3.1,Low Risk,No,2022-09-13
CUST-03298,Jaipur,One year,53,6,55.57,332.66,3,9,85.81,High Risk,Yes,2026-02-25
CUST-03299,Mumbai,Month-to-month,40,16,80.49,1280.36,5,24,79.19,High Risk,Yes,2023-05-21
CUST-03300,Chennai,Two year,35,8,53.39,441.77,0,18,66.2,Medium Risk,Yes,2024-05-03
CUST-03301,Mumbai,One year,44,30,60.63,1855.44,1,31,34.95,Low Risk,No,2021-01-04
CUST-03302,Kolkata,Month-to-month,20,35,84.3,3140.64,3,44,37.9,Low Risk,No,2026-05-07
CUST-03303,Bengaluru,One year,28,7,113.94,756.83,1,15,97.0,High Risk,Yes,2022-03-10
CUST-03304,Mumbai,Month-to-month,34,38,77.21,2902.1,1,54,33.28,Low Risk,Yes,2024-03-02
CUST-03305,Delhi,Month-to-month,49,24,67.84,1602.13,1,42,66.89,Medium Risk,Yes,2026-04-01
CUST-03306,Mumbai,Month-to-month,35,33,55.1,1705.57,2,42,40.26,Medium Risk,No,2023-01-03
CUST-03307,Mumbai,Month-to-month,40,41,47.04,1825.21,4,68,19.8,Low Risk,Yes,2026-01-18
CUST-03308,Jaipur,Month-to-month,29,30,92.71,2708.6,2,52,78.96,High Risk,Yes,2022-06-07
CUST-03309,Mumbai,Month-to-month,40,6,61.89,385.29,4,12,94.03,High Risk,Yes,2024-02-29
CUST-03310,Bengaluru,Month-to-month,52,14,93.94,1241.54,1,25,87.15,High Risk,No,2025-12-15
CUST-03311,Hyderabad,Month-to-month,45,7,58.49,394.06,1,8,83.26,High Risk,Yes,2024-08-02
CUST-03312,Pune,Month-to-month,34,3,52.81,162.9,2,8,88.39,High Risk,Yes,2022-04-10
CUST-03313,Hyderabad,Month-to-month,42,8,74.37,604.16,1,11,80.77,High Risk,Yes,2025-09-06
CUST-03314,Jaipur,One year,41,15,63.43,891.23,1,14,70.59,High Risk,Yes,2025-10-24
CUST-03315,Delhi,Month-to-month,40,58,44.2,2745.6,2,75,7.17,Low Risk,No,2024-01-23
CUST-03316,Pune,Month-to-month,46,19,116.27,2084.72,0,34,95.26,High Risk,Yes,2022-04-26
CUST-03317,Bengaluru,Two year,46,24,53.18,1186.75,1,36,39.42,Low Risk,No,2024-03-14
CUST-03318,Jaipur,One year,34,13,87.46,1101.37,1,21,88.25,High Risk,Yes,2021-06-16
CUST-03319,Chennai,Two year,41,17,85.1,1337.09,0,30,75.55,High Risk,Yes,2024-01-09
CUST-03320,Hyderabad,Month-to-month,31,20,43.44,803.57,4,16,41.16,Medium Risk,Yes,2021-10-16
CUST-03321,Bengaluru,Month-to-month,26,16,47.16,764.07,1,14,51.0,Medium Risk,Yes,2023-05-29
CUST-03322,Jaipur,One year,32,28,59.02,1756.46,1,31,28.27,Low Risk,No,2025-01-13
CUST-03323,Hyderabad,Month-to-month,34,12,49.27,582.02,3,19,71.07,High Risk,Yes,2025-05-21
CUST-03324,Bengaluru,Month-to-month,18,6,112.94,656.19,0,7,96.18,High Risk,Yes,2025-02-04
CUST-03325,Hyderabad,Month-to-month,44,5,60.97,325.07,0,8,82.98,High Risk,No,2025-07-27
CUST-03326,Hyderabad,Two year,18,33,86.41,2651.45,5,29,52.49,Medium Risk,No,2025-08-27
CUST-03327,Chennai,Month-to-month,62,2,76.61,152.57,3,4,97.0,High Risk,Yes,2024-07-06
CUST-03328,Bengaluru,Two year,50,16,70.73,1086.88,1,20,69.62,Medium Risk,Yes,2026-03-11
CUST-03329,Delhi,Two year,32,8,65.84,516.75,3,14,82.09,High Risk,Yes,2021-06-09
CUST-03330,Pune,Month-to-month,35,28,96.57,2665.37,4,47,64.67,Medium Risk,Yes,2021-05-22
CUST-03331,Pune,One year,38,19,49.92,955.33,4,33,50.09,Medium Risk,No,2024-11-02
CUST-03332,Hyderabad,One year,29,20,112.94,2241.9,0,35,88.42,High Risk,Yes,2024-12-16
CUST-03333,Delhi,One year,37,21,43.05,974.65,3,20,46.95,Medium Risk,No,2025-11-18
CUST-03334,Delhi,Month-to-month,34,20,83.47,1542.66,4,31,88.06,High Risk,Yes,2022-10-07
CUST-03335,Chennai,One year,34,6,41.46,259.02,3,8,67.12,Medium Risk,Yes,2025-09-06
CUST-03336,Hyderabad,Month-to-month,37,14,58.75,763.41,3,13,78.09,High Risk,Yes,2025-02-06
CUST-03337,Kolkata,Two year,22,10,66.97,662.31,2,15,67.52,Medium Risk,Yes,2021-07-03
CUST-03338,Hyderabad,Month-to-month,35,11,55.63,582.74,2,12,80.89,High Risk,Yes,2026-06-24
CUST-03339,Pune,Month-to-month,37,20,61.33,1313.99,2,25,59.04,Medium Risk,No,2024-09-01
CUST-03340,Pune,One year,36,34,41.7,1468.27,2,30,17.07,Low Risk,No,2025-06-07
CUST-03341,Chennai,Two year,33,33,47.39,1554.57,5,62,22.55,Low Risk,No,2021-03-16
CUST-03342,Bengaluru,One year,46,23,76.24,1880.4,2,34,60.75,Medium Risk,Yes,2023-02-14
CUST-03343,Pune,Month-to-month,31,14,65.62,951.21,1,15,81.24,High Risk,No,2022-02-01
CUST-03344,Delhi,Month-to-month,37,20,52.11,1117.56,2,36,61.68,Medium Risk,Yes,2022-09-19
CUST-03345,Bengaluru,Two year,48,30,99.3,3076.51,3,53,71.06,High Risk,Yes,2022-10-27
CUST-03346,Hyderabad,One year,34,11,43.99,451.2,0,21,44.56,Medium Risk,No,2023-10-07
CUST-03347,Delhi,One year,37,19,57.9,1120.57,0,30,59.71,Medium Risk,No,2024-02-10
CUST-03348,Delhi,Month-to-month,34,13,55.29,774.01,1,14,72.4,High Risk,Yes,2021-05-20
CUST-03349,Mumbai,Month-to-month,47,11,79.14,830.73,5,13,93.57,High Risk,Yes,2022-06-27
CUST-03350,Delhi,One year,32,18,66.01,1243.83,3,22,62.05,Medium Risk,No,2023-01-02
CUST-03351,Delhi,Two year,48,14,62.79,834.7,3,26,64.03,Medium Risk,Yes,2024-07-18
CUST-03352,Mumbai,Month-to-month,34,23,36.03,822.36,2,39,38.79,Low Risk,No,2024-01-26
CUST-03353,Kolkata,Two year,26,15,85.73,1200.49,1,19,72.03,High Risk,Yes,2022-06-07
CUST-03354,Bengaluru,Month-to-month,42,17,60.62,1004.25,1,26,71.71,High Risk,Yes,2022-09-07
CUST-03355,Delhi,Month-to-month,32,6,67.45,422.59,0,10,63.92,Medium Risk,Yes,2022-02-20
CUST-03356,Jaipur,Month-to-month,41,31,51.15,1470.28,3,51,33.45,Low Risk,Yes,2023-09-03
CUST-03357,Hyderabad,Month-to-month,18,32,48.64,1511.7,1,27,24.23,Low Risk,Yes,2025-12-06
CUST-03358,Mumbai,Month-to-month,35,10,105.02,1072.0,3,17,94.06,High Risk,Yes,2023-12-12
CUST-03359,Chennai,Month-to-month,30,11,36.85,434.44,1,13,60.91,Medium Risk,Yes,2021-06-18
CUST-03360,Pune,Month-to-month,24,21,46.39,934.5,1,18,40.37,Medium Risk,Yes,2025-08-03
CUST-03361,Hyderabad,One year,29,13,104.39,1286.1,1,23,88.34,High Risk,Yes,2022-08-18
CUST-03362,Delhi,Month-to-month,29,23,79.79,1748.16,0,28,63.13,Medium Risk,Yes,2026-06-21
CUST-03363,Hyderabad,Month-to-month,35,43,58.57,2412.45,0,68,21.36,Low Risk,No,2024-07-15
CUST-03364,Delhi,Month-to-month,21,10,96.86,990.04,2,13,94.14,High Risk,Yes,2026-06-07
CUST-03365,Kolkata,Month-to-month,38,33,74.99,2672.12,2,59,53.04,Medium Risk,No,2026-02-23
CUST-03366,Pune,One year,49,9,70.02,632.56,2,18,80.74,High Risk,Yes,2025-05-28
CUST-03367,Mumbai,Month-to-month,38,11,69.87,740.46,1,11,92.3,High Risk,Yes,2026-06-28
CUST-03368,Delhi,One year,43,21,75.43,1646.62,2,35,61.94,Medium Risk,No,2021-05-20
CUST-03369,Delhi,One year,46,28,76.42,2022.76,2,25,44.21,Medium Risk,Yes,2022-09-13
CUST-03370,Hyderabad,Month-to-month,47,43,131.25,5219.35,3,65,72.39,High Risk,Yes,2023-11-27
CUST-03371,Delhi,Month-to-month,54,52,61.07,3229.13,3,42,18.13,Low Risk,No,2024-03-02
CUST-03372,Pune,Month-to-month,30,15,61.68,882.31,1,17,81.12,High Risk,Yes,2021-01-09
CUST-03373,Delhi,Month-to-month,28,19,43.75,817.85,3,35,44.42,Medium Risk,No,2021-07-04
CUST-03374,Pune,One year,43,23,63.93,1407.14,2,19,46.48,Medium Risk,Yes,2023-01-25
CUST-03375,Chennai,One year,42,18,117.98,2265.69,3,27,90.84,High Risk,Yes,2024-03-17
CUST-03376,Hyderabad,Month-to-month,43,15,89.07,1301.42,4,14,90.41,High Risk,Yes,2023-12-30
CUST-03377,Hyderabad,Month-to-month,54,13,54.62,704.27,2,22,61.51,Medium Risk,Yes,2021-08-20
CUST-03378,Delhi,Month-to-month,35,28,65.63,1759.68,5,31,66.29,Medium Risk,Yes,2026-03-21
CUST-03379,Jaipur,One year,39,43,42.93,1723.37,1,46,10.09,Low Risk,No,2026-04-02
CUST-03380,Hyderabad,Month-to-month,25,6,47.67,286.59,1,8,59.66,Medium Risk,Yes,2024-11-21
CUST-03381,Mumbai,Month-to-month,56,16,68.18,1155.24,3,19,89.06,High Risk,Yes,2023-04-28
CUST-03382,Mumbai,Month-to-month,32,6,55.49,325.04,1,12,88.12,High Risk,Yes,2022-04-13
CUST-03383,Jaipur,One year,32,27,46.53,1312.79,0,46,8.2,Low Risk,No,2025-07-27
CUST-03384,Delhi,Two year,32,11,76.03,773.79,1,19,60.32,Medium Risk,Yes,2022-09-22
CUST-03385,Jaipur,Month-to-month,29,39,63.31,2364.6,1,34,24.16,Low Risk,Yes,2025-09-03
CUST-03386,Chennai,Month-to-month,28,17,39.36,629.67,5,16,68.45,Medium Risk,Yes,2021-12-03
CUST-03387,Delhi,Two year,30,27,33.46,889.38,2,41,18.48,Low Risk,No,2025-09-14
CUST-03388,Bengaluru,Month-to-month,21,10,54.16,575.77,2,21,74.11,High Risk,Yes,2026-01-28
CUST-03389,Jaipur,One year,27,21,39.1,804.48,3,32,35.51,Low Risk,Yes,2024-07-13
CUST-03390,Pune,Month-to-month,54,21,35.74,762.95,4,22,41.89,Medium Risk,No,2024-03-27
CUST-03391,Mumbai,One year,42,24,93.28,2381.33,1,39,78.24,High Risk,Yes,2024-07-10
CUST-03392,Chennai,Month-to-month,44,12,63.0,739.04,2,13,79.64,High Risk,Yes,2022-11-28
CUST-03393,Chennai,Two year,47,37,59.71,2161.82,2,63,12.8,Low Risk,No,2021-05-19
CUST-03394,Mumbai,One year,53,24,61.2,1371.97,0,44,34.82,Low Risk,Yes,2021-07-19
CUST-03395,Kolkata,One year,18,42,45.16,1850.91,2,77,8.3,Low Risk,Yes,2021-11-03
CUST-03396,Kolkata,One year,23,6,74.14,462.36,3,9,82.89,High Risk,Yes,2025-05-19
CUST-03397,Chennai,One year,27,21,62.34,1381.33,2,29,44.69,Medium Risk,No,2023-01-11
CUST-03398,Chennai,Month-to-month,30,17,51.01,898.08,2,26,62.16,Medium Risk,No,2021-01-31
CUST-03399,Delhi,Two year,32,52,53.51,2563.0,3,50,6.21,Low Risk,No,2025-07-06
CUST-03400,Bengaluru,Two year,31,28,43.89,1153.61,1,37,13.75,Low Risk,No,2025-03-17
CUST-03401,Jaipur,Month-to-month,37,19,57.08,1124.6,0,31,68.29,Medium Risk,No,2024-01-18
CUST-03402,Jaipur,Two year,35,27,60.2,1740.45,2,30,34.8,Low Risk,No,2025-01-05
CUST-03403,Kolkata,One year,28,14,56.6,817.17,1,19,59.02,Medium Risk,Yes,2023-05-10
CUST-03404,Mumbai,Month-to-month,18,25,66.16,1581.52,3,19,58.15,Medium Risk,No,2022-12-28
CUST-03405,Hyderabad,Month-to-month,25,70,63.39,4158.68,2,127,3.0,Low Risk,No,2023-03-30
CUST-03406,Chennai,Month-to-month,30,13,69.98,964.62,0,25,82.64,High Risk,No,2024-10-04
CUST-03407,Chennai,Month-to-month,33,21,87.9,1727.48,2,33,81.33,High Risk,No,2022-02-10
CUST-03408,Kolkata,Month-to-month,24,11,78.58,816.12,4,11,89.11,High Risk,Yes,2021-07-21
CUST-03409,Delhi,Month-to-month,30,10,88.22,895.85,2,17,81.08,High Risk,No,2022-07-12
CUST-03410,Jaipur,Month-to-month,24,33,49.56,1554.36,1,32,30.22,Low Risk,No,2024-11-25
CUST-03411,Mumbai,Month-to-month,34,8,55.24,422.66,1,11,76.87,High Risk,Yes,2021-09-26
CUST-03412,Jaipur,Two year,24,25,80.12,1888.35,2,39,61.71,Medium Risk,Yes,2021-12-02
CUST-03413,Jaipur,Month-to-month,27,32,80.58,2761.88,1,54,66.55,Medium Risk,No,2023-06-10
CUST-03414,Mumbai,Month-to-month,22,14,52.31,688.39,1,18,69.88,Medium Risk,Yes,2022-01-06
CUST-03415,Hyderabad,Month-to-month,33,41,79.05,3464.73,3,34,39.37,Low Risk,No,2022-08-11
CUST-03416,Bengaluru,Month-to-month,26,39,48.06,1822.22,2,67,15.84,Low Risk,Yes,2021-08-28
CUST-03417,Mumbai,One year,44,14,75.82,1116.09,2,24,88.73,High Risk,Yes,2022-09-17
CUST-03418,Pune,One year,39,7,64.46,483.71,0,10,77.77,High Risk,Yes,2025-10-09
CUST-03419,Delhi,One year,34,26,41.74,1088.58,2,23,25.07,Low Risk,No,2023-03-18
CUST-03420,Jaipur,Month-to-month,27,18,56.57,1062.28,3,26,63.45,Medium Risk,Yes,2021-10-02
CUST-03421,Hyderabad,One year,39,21,130.67,2641.34,5,28,92.33,High Risk,Yes,2024-05-21
CUST-03422,Pune,Month-to-month,42,26,69.36,1769.59,1,44,40.82,Medium Risk,No,2023-04-09
CUST-03423,Hyderabad,Month-to-month,36,6,135.71,821.16,5,13,97.0,High Risk,Yes,2024-01-25
CUST-03424,Jaipur,Month-to-month,51,14,40.95,605.45,2,11,55.52,Medium Risk,Yes,2026-04-09
CUST-03425,Chennai,Month-to-month,40,49,82.65,4128.09,1,72,22.99,Low Risk,Yes,2025-05-12
CUST-03426,Pune,Month-to-month,44,22,28.89,586.98,1,19,30.79,Low Risk,No,2023-12-07
CUST-03427,Bengaluru,Month-to-month,36,27,65.0,1700.18,0,22,60.99,Medium Risk,Yes,2023-04-27
CUST-03428,Pune,Two year,42,21,79.55,1768.1,2,27,60.04,Medium Risk,No,2024-03-29
CUST-03429,Chennai,Month-to-month,27,26,84.99,2117.9,3,23,74.29,High Risk,Yes,2025-03-17
CUST-03430,Bengaluru,Month-to-month,30,38,50.33,1872.13,1,65,21.66,Low Risk,No,2025-10-09
CUST-03431,Bengaluru,Month-to-month,38,4,90.64,356.16,2,9,92.52,High Risk,No,2021-02-04
CUST-03432,Kolkata,One year,38,30,54.79,1552.82,1,42,16.28,Low Risk,No,2022-12-25
CUST-03433,Hyderabad,Month-to-month,40,18,61.67,1083.39,1,24,61.08,Medium Risk,Yes,2022-11-02
CUST-03434,Mumbai,Two year,46,34,56.58,2021.42,3,60,26.75,Low Risk,No,2023-07-05
CUST-03435,Hyderabad,Two year,21,15,45.18,715.55,2,27,45.08,Medium Risk,No,2026-01-13
CUST-03436,Mumbai,Month-to-month,25,14,107.41,1523.2,1,24,92.5,High Risk,Yes,2021-01-24
CUST-03437,Delhi,Month-to-month,37,8,66.01,543.18,4,9,90.27,High Risk,Yes,2023-11-30
CUST-03438,Pune,Month-to-month,28,19,92.05,1758.62,0,17,76.79,High Risk,Yes,2022-05-15
CUST-03439,Kolkata,One year,69,7,90.8,589.25,2,10,92.02,High Risk,Yes,2021-11-26
CUST-03440,Kolkata,Month-to-month,40,18,47.69,885.43,3,21,59.24,Medium Risk,Yes,2024-09-19
CUST-03441,Mumbai,Month-to-month,34,21,95.92,2174.35,4,23,83.91,High Risk,Yes,2022-05-20
CUST-03442,Bengaluru,Month-to-month,30,12,76.36,876.42,3,13,93.64,High Risk,Yes,2023-01-31
CUST-03443,Delhi,One year,30,5,46.59,250.92,0,10,43.65,Medium Risk,No,2023-09-22
CUST-03444,Kolkata,Month-to-month,35,4,75.04,324.07,2,9,94.64,High Risk,Yes,2022-01-17
CUST-03445,Kolkata,Month-to-month,36,9,46.85,397.47,1,12,76.54,High Risk,Yes,2022-12-05
CUST-03446,Pune,One year,30,4,108.69,464.4,0,7,95.82,High Risk,Yes,2021-04-03
CUST-03447,Chennai,One year,32,21,84.34,1820.88,1,25,66.7,Medium Risk,Yes,2024-05-09
CUST-03448,Hyderabad,Two year,48,71,63.54,4487.07,0,77,3.0,Low Risk,No,2024-02-18
CUST-03449,Pune,Month-to-month,49,8,97.43,760.07,3,11,95.1,High Risk,Yes,2024-06-21
CUST-03450,Jaipur,One year,38,72,39.18,2879.55,2,128,3.0,Low Risk,Yes,2022-10-12
CUST-03451,Bengaluru,One year,22,21,51.14,1132.84,1,20,35.47,Low Risk,No,2025-11-27
CUST-03452,Pune,Month-to-month,40,23,59.96,1276.28,2,33,56.17,Medium Risk,Yes,2024-02-15
CUST-03453,Pune,One year,51,6,132.93,802.11,3,7,97.0,High Risk,Yes,2023-08-15
CUST-03454,Mumbai,Month-to-month,49,22,46.15,1039.71,4,21,46.7,Medium Risk,Yes,2025-03-18
CUST-03455,Kolkata,Two year,42,13,37.64,452.18,1,19,37.8,Low Risk,No,2024-07-26
CUST-03456,Delhi,Month-to-month,49,47,40.94,2043.96,2,68,15.2,Low Risk,No,2023-04-30
CUST-03457,Bengaluru,One year,36,4,86.87,372.6,1,6,96.28,High Risk,Yes,2025-09-25
CUST-03458,Hyderabad,Month-to-month,41,13,53.74,711.19,1,12,73.86,High Risk,Yes,2023-08-12
CUST-03459,Hyderabad,Two year,28,10,61.77,579.85,4,14,79.43,High Risk,Yes,2022-01-30
CUST-03460,Pune,Month-to-month,38,24,82.97,2129.05,3,26,77.79,High Risk,Yes,2021-12-23
CUST-03461,Delhi,Two year,48,2,61.79,129.61,2,2,86.5,High Risk,Yes,2026-04-01
CUST-03462,Delhi,Two year,29,46,69.39,2951.16,2,49,15.39,Low Risk,No,2023-07-21
CUST-03463,Pune,Month-to-month,26,23,77.14,1796.69,0,38,72.85,High Risk,No,2024-10-08
CUST-03464,Pune,One year,36,22,56.63,1169.02,1,18,54.19,Medium Risk,Yes,2025-05-18
CUST-03465,Delhi,Two year,33,8,61.63,464.73,1,12,65.14,Medium Risk,Yes,2023-11-26
CUST-03466,Hyderabad,Month-to-month,41,31,70.23,2070.02,1,37,72.14,High Risk,No,2026-05-31
CUST-03467,Bengaluru,Month-to-month,30,29,85.82,2447.44,2,40,67.22,Medium Risk,No,2022-04-17
CUST-03468,Pune,Month-to-month,52,40,50.44,2139.1,1,65,20.0,Low Risk,Yes,2023-05-07
CUST-03469,Chennai,Month-to-month,22,16,25.0,369.99,1,25,31.98,Low Risk,Yes,2021-10-06
CUST-03470,Delhi,Month-to-month,48,5,80.79,416.18,0,9,90.96,High Risk,Yes,2022-03-14
CUST-03471,Jaipur,Month-to-month,27,12,87.47,1127.66,1,14,90.43,High Risk,Yes,2025-05-18
CUST-03472,Hyderabad,Month-to-month,18,34,69.3,2409.44,2,59,44.4,Medium Risk,Yes,2025-10-16
CUST-03473,Pune,Month-to-month,37,13,70.83,967.29,6,18,89.65,High Risk,Yes,2021-02-02
CUST-03474,Hyderabad,Month-to-month,32,59,54.26,3407.13,0,43,3.41,Low Risk,No,2022-11-18
CUST-03475,Chennai,Two year,24,32,76.28,2524.85,3,48,19.97,Low Risk,Yes,2025-04-04
CUST-03476,Chennai,One year,18,54,85.4,4729.54,1,75,5.49,Low Risk,No,2023-07-19
CUST-03477,Kolkata,Month-to-month,35,14,66.19,855.19,1,12,76.25,High Risk,Yes,2023-03-02
CUST-03478,Bengaluru,One year,45,25,144.26,3617.4,0,48,93.18,High Risk,Yes,2021-04-20
CUST-03479,Bengaluru,One year,41,9,39.41,352.94,2,12,52.14,Medium Risk,Yes,2025-02-06
CUST-03480,Mumbai,Two year,36,33,68.48,2268.05,4,40,30.64,Low Risk,No,2025-06-10
CUST-03481,Delhi,Month-to-month,40,27,44.64,1192.26,3,34,41.48,Medium Risk,No,2025-01-14
CUST-03482,Bengaluru,Month-to-month,35,31,86.14,2844.04,2,30,62.67,Medium Risk,Yes,2021-01-04
CUST-03483,Delhi,Two year,21,15,39.19,624.44,2,28,34.83,Low Risk,No,2024-01-26
CUST-03484,Kolkata,Two year,21,21,42.42,837.47,3,32,21.09,Low Risk,No,2022-04-04
CUST-03485,Bengaluru,One year,33,20,53.08,1067.19,1,30,33.72,Low Risk,Yes,2024-01-13
CUST-03486,Pune,One year,33,15,70.77,1139.61,2,22,75.5,High Risk,Yes,2025-11-13
CUST-03487,Mumbai,Month-to-month,44,22,53.72,1200.5,2,40,47.01,Medium Risk,No,2024-02-26
CUST-03488,Jaipur,Month-to-month,43,24,53.9,1356.04,0,38,52.13,Medium Risk,No,2021-04-06
CUST-03489,Jaipur,Month-to-month,41,27,61.34,1622.62,1,22,61.02,Medium Risk,Yes,2022-11-24
CUST-03490,Mumbai,Month-to-month,32,15,60.15,884.53,3,26,68.11,Medium Risk,No,2024-02-10
CUST-03491,Jaipur,One year,21,32,104.62,3254.47,0,46,52.55,Medium Risk,No,2026-04-19
CUST-03492,Pune,Month-to-month,39,31,80.95,2317.47,3,57,70.4,High Risk,No,2025-02-05
CUST-03493,Chennai,Month-to-month,40,28,58.59,1752.04,4,45,62.62,Medium Risk,Yes,2025-07-15
CUST-03494,Chennai,Two year,18,33,127.16,4095.33,0,37,67.49,Medium Risk,Yes,2024-07-20
CUST-03495,Pune,Month-to-month,27,17,76.07,1265.69,1,16,64.79,Medium Risk,Yes,2023-07-07
CUST-03496,Delhi,Two year,28,8,47.67,397.2,4,13,76.19,High Risk,Yes,2022-02-22
CUST-03497,Chennai,Two year,36,31,70.56,2196.77,2,45,41.95,Medium Risk,No,2022-02-21
CUST-03498,Chennai,One year,27,13,77.15,980.81,1,14,76.36,High Risk,No,2022-06-21
CUST-03499,Delhi,Month-to-month,35,6,52.16,332.17,4,10,87.8,High Risk,Yes,2025-03-30
CUST-03500,Hyderabad,Month-to-month,33,13,46.41,634.74,1,21,52.23,Medium Risk,Yes,2024-02-08
CUST-03501,Delhi,Month-to-month,33,22,66.82,1582.19,1,23,65.37,Medium Risk,Yes,2021-11-02
CUST-03502,Chennai,Month-to-month,28,44,57.92,2605.98,2,65,15.23,Low Risk,No,2023-11-20
CUST-03503,Kolkata,Month-to-month,29,25,104.35,2688.1,1,20,85.5,High Risk,Yes,2025-02-02
CUST-03504,Jaipur,Two year,24,33,82.4,2642.84,2,23,47.58,Medium Risk,Yes,2023-11-12
CUST-03505,Chennai,Month-to-month,39,30,52.95,1486.73,2,24,45.85,Medium Risk,Yes,2021-12-05
CUST-03506,Pune,One year,41,24,74.49,1675.04,1,33,58.66,Medium Risk,Yes,2025-06-26
CUST-03507,Kolkata,Month-to-month,27,16,97.5,1596.43,3,29,91.29,High Risk,Yes,2025-12-01
CUST-03508,Bengaluru,One year,50,9,41.61,351.32,0,18,57.18,Medium Risk,Yes,2021-03-13
CUST-03509,Chennai,Two year,32,64,46.86,3194.16,2,67,3.0,Low Risk,No,2026-01-11
CUST-03510,Jaipur,Month-to-month,50,13,64.77,869.48,5,13,82.13,High Risk,Yes,2024-02-14
CUST-03511,Mumbai,Month-to-month,29,16,65.74,1005.76,1,25,68.79,Medium Risk,No,2024-07-03
CUST-03512,Jaipur,One year,18,18,63.92,1109.92,1,14,54.88,Medium Risk,No,2022-05-02
CUST-03513,Kolkata,One year,39,13,58.85,790.75,2,23,69.36,Medium Risk,Yes,2023-04-22
CUST-03514,Chennai,One year,37,27,58.56,1663.12,3,30,32.06,Low Risk,No,2024-02-12
CUST-03515,Chennai,Month-to-month,35,13,73.5,1007.39,1,17,75.43,High Risk,Yes,2022-06-24
CUST-03516,Kolkata,Month-to-month,29,16,93.43,1519.04,0,20,77.07,High Risk,No,2025-09-14
CUST-03517,Jaipur,Two year,35,13,55.73,684.53,2,20,49.5,Medium Risk,No,2024-04-24
CUST-03518,Mumbai,Two year,30,16,141.84,2385.04,4,20,96.28,High Risk,Yes,2023-05-03
CUST-03519,Jaipur,Month-to-month,32,8,121.73,1019.28,6,11,97.0,High Risk,Yes,2026-01-31
CUST-03520,Delhi,Two year,43,7,99.46,733.58,3,12,93.01,High Risk,Yes,2023-02-02
CUST-03521,Delhi,Month-to-month,37,50,79.33,3749.24,2,61,15.45,Low Risk,No,2023-07-22
CUST-03522,Bengaluru,Month-to-month,41,33,123.59,4198.77,4,59,79.39,High Risk,No,2024-04-20
CUST-03523,Delhi,Month-to-month,33,45,59.24,2862.11,0,49,14.56,Low Risk,Yes,2024-10-09
CUST-03524,Jaipur,Month-to-month,32,48,49.8,2297.1,2,40,10.34,Low Risk,Yes,2023-06-26
CUST-03525,Delhi,Month-to-month,23,10,54.93,568.35,0,16,75.09,High Risk,Yes,2024-03-13
CUST-03526,Delhi,Month-to-month,31,44,47.16,1995.0,1,40,14.36,Low Risk,No,2025-02-19
CUST-03527,Kolkata,Month-to-month,18,37,67.58,2423.28,4,45,39.73,Low Risk,Yes,2021-07-25
CUST-03528,Hyderabad,One year,29,15,71.55,1070.72,1,17,67.22,Medium Risk,No,2021-09-09
CUST-03529,Kolkata,One year,34,24,69.31,1768.56,3,42,60.12,Medium Risk,Yes,2022-03-25
CUST-03530,Mumbai,One year,41,33,64.74,1978.72,4,38,46.39,Medium Risk,Yes,2023-05-13
CUST-03531,Delhi,Two year,32,28,67.83,2048.03,3,46,36.45,Low Risk,No,2021-06-21
CUST-03532,Hyderabad,Month-to-month,38,18,113.3,2128.18,2,33,94.94,High Risk,Yes,2022-11-14
CUST-03533,Mumbai,One year,18,22,79.27,1704.81,2,39,53.69,Medium Risk,Yes,2021-08-29
CUST-03534,Delhi,One year,34,26,87.32,2217.34,2,36,63.4,Medium Risk,Yes,2023-08-30
CUST-03535,Delhi,Month-to-month,18,15,69.09,1033.53,6,31,87.43,High Risk,Yes,2026-05-01
CUST-03536,Jaipur,Month-to-month,23,28,38.76,1150.48,7,42,35.94,Low Risk,No,2021-12-03
CUST-03537,Delhi,Month-to-month,33,12,36.38,402.89,2,11,50.02,Medium Risk,No,2023-01-24
CUST-03538,Mumbai,Two year,48,45,126.58,5740.07,2,75,56.18,Medium Risk,Yes,2021-03-21
CUST-03539,Pune,Month-to-month,39,36,54.83,1833.68,1,47,19.75,Low Risk,No,2023-02-08
CUST-03540,Jaipur,Two year,35,33,53.36,1652.58,0,32,12.7,Low Risk,No,2024-06-24
CUST-03541,Delhi,One year,35,25,70.32,1811.63,4,43,64.47,Medium Risk,Yes,2022-06-26
CUST-03542,Chennai,One year,28,23,77.52,1707.17,2,33,62.42,Medium Risk,No,2021-05-03
CUST-03543,Delhi,One year,30,37,80.72,2767.59,3,65,29.29,Low Risk,No,2022-12-05
CUST-03544,Mumbai,One year,39,9,114.69,976.76,2,15,92.92,High Risk,Yes,2026-05-11
CUST-03545,Chennai,Month-to-month,21,11,105.07,1101.89,1,15,91.36,High Risk,Yes,2022-02-11
CUST-03546,Delhi,Month-to-month,41,29,50.14,1516.82,1,28,29.3,Low Risk,No,2025-04-12
CUST-03547,Jaipur,One year,31,19,88.62,1717.44,2,33,81.66,High Risk,Yes,2026-03-08
CUST-03548,Bengaluru,Month-to-month,43,13,57.48,775.35,1,17,72.41,High Risk,Yes,2025-06-04
CUST-03549,Mumbai,Month-to-month,45,39,62.2,2375.27,2,30,47.02,Medium Risk,Yes,2025-06-12
CUST-03550,Bengaluru,Month-to-month,18,21,45.8,902.27,1,21,41.88,Medium Risk,Yes,2025-08-19
CUST-03551,Chennai,Two year,29,24,37.81,951.77,3,21,21.57,Low Risk,Yes,2023-07-15
CUST-03552,Jaipur,Month-to-month,26,39,64.35,2365.26,0,57,29.81,Low Risk,No,2022-04-19
CUST-03553,Bengaluru,One year,18,18,47.87,845.49,3,18,28.54,Low Risk,No,2022-08-23
CUST-03554,Bengaluru,Month-to-month,25,60,87.47,5048.58,2,59,13.55,Low Risk,No,2023-05-13
CUST-03555,Delhi,Month-to-month,59,9,59.41,517.28,1,12,75.35,High Risk,No,2022-12-30
CUST-03556,Pune,One year,41,38,71.75,2770.93,2,33,13.94,Low Risk,Yes,2021-06-28
CUST-03557,Delhi,Month-to-month,54,14,100.68,1333.82,3,16,93.95,High Risk,Yes,2021-05-10
CUST-03558,Bengaluru,One year,43,35,40.41,1402.1,1,61,15.48,Low Risk,No,2024-06-30
CUST-03559,Jaipur,One year,28,12,51.55,632.33,0,20,54.28,Medium Risk,No,2023-12-31
CUST-03560,Bengaluru,Two year,31,7,68.87,510.55,2,11,80.36,High Risk,No,2024-10-23
CUST-03561,Mumbai,Month-to-month,41,35,71.84,2462.59,0,62,20.02,Low Risk,No,2024-01-16
CUST-03562,Chennai,Two year,39,16,92.53,1437.53,2,19,81.57,High Risk,Yes,2023-05-11
CUST-03563,Jaipur,One year,29,7,85.79,587.83,2,9,87.15,High Risk,No,2025-04-20
CUST-03564,Mumbai,Two year,20,36,67.05,2414.11,2,44,26.86,Low Risk,No,2025-06-18
CUST-03565,Bengaluru,Month-to-month,68,23,71.63,1598.22,1,37,62.66,Medium Risk,No,2022-02-17
CUST-03566,Hyderabad,Month-to-month,34,15,72.26,1040.62,0,21,81.47,High Risk,Yes,2023-07-16
CUST-03567,Bengaluru,Two year,32,25,40.61,994.99,5,24,26.63,Low Risk,No,2026-03-21
CUST-03568,Pune,Two year,36,18,61.83,1162.41,0,29,48.13,Medium Risk,No,2024-12-20
CUST-03569,Hyderabad,Month-to-month,33,16,70.38,1081.54,4,24,83.64,High Risk,Yes,2022-12-07
CUST-03570,Chennai,Month-to-month,36,32,75.27,2541.45,1,44,39.12,Low Risk,No,2023-08-05
CUST-03571,Mumbai,Month-to-month,48,23,48.36,1074.04,3,38,59.57,Medium Risk,Yes,2021-12-01
CUST-03572,Bengaluru,Month-to-month,34,11,43.31,484.27,5,13,62.56,Medium Risk,Yes,2025-04-01
CUST-03573,Chennai,Month-to-month,23,20,60.3,1296.88,3,31,68.65,Medium Risk,No,2021-01-08
CUST-03574,Kolkata,Month-to-month,33,32,121.99,4185.86,1,44,82.58,High Risk,Yes,2026-01-27
CUST-03575,Chennai,Two year,30,9,50.01,445.38,3,11,63.85,Medium Risk,No,2025-06-16
CUST-03576,Mumbai,Month-to-month,49,41,94.64,3611.74,1,73,25.74,Low Risk,No,2025-04-25
CUST-03577,Delhi,One year,47,22,107.93,2527.42,2,37,81.04,High Risk,Yes,2021-07-28
CUST-03578,Bengaluru,Month-to-month,36,21,65.95,1302.28,2,41,64.65,Medium Risk,Yes,2021-07-04
CUST-03579,Hyderabad,Month-to-month,22,22,52.29,1228.34,4,31,67.81,Medium Risk,Yes,2025-11-16
CUST-03580,Bengaluru,Month-to-month,23,51,76.59,4051.48,1,76,15.54,Low Risk,No,2021-07-25
CUST-03581,Bengaluru,Month-to-month,35,20,69.19,1479.94,3,33,67.72,Medium Risk,Yes,2022-08-20
CUST-03582,Chennai,One year,38,16,49.38,810.99,0,13,51.77,Medium Risk,No,2024-12-28
CUST-03583,Mumbai,Two year,31,18,52.64,1022.58,1,31,39.66,Low Risk,Yes,2021-10-10
CUST-03584,Chennai,Month-to-month,30,35,75.15,2616.36,3,35,56.39,Medium Risk,Yes,2024-09-26
CUST-03585,Mumbai,Month-to-month,29,29,87.63,2471.99,1,22,67.12,Medium Risk,No,2025-08-23
CUST-03586,Mumbai,Month-to-month,35,20,58.62,1152.39,4,21,59.3,Medium Risk,Yes,2025-01-27
CUST-03587,Bengaluru,Two year,18,67,63.58,4157.82,4,90,3.15,Low Risk,No,2023-07-13
CUST-03588,Hyderabad,One year,24,28,80.51,2218.5,3,21,57.17,Medium Risk,No,2026-03-31
CUST-03589,Jaipur,Month-to-month,29,10,61.51,653.01,3,7,85.91,High Risk,Yes,2021-08-18
CUST-03590,Delhi,One year,47,4,59.06,239.72,3,6,81.12,High Risk,Yes,2021-04-29
CUST-03591,Kolkata,Two year,27,30,51.04,1586.49,2,37,26.54,Low Risk,Yes,2021-10-12
CUST-03592,Delhi,Month-to-month,37,16,50.76,784.6,1,30,75.91,High Risk,Yes,2026-05-23
CUST-03593,Bengaluru,Month-to-month,37,6,152.69,987.95,2,7,97.0,High Risk,Yes,2023-01-25
CUST-03594,Bengaluru,Two year,48,18,61.04,1060.17,3,21,57.05,Medium Risk,No,2024-04-02
CUST-03595,Bengaluru,One year,48,31,100.61,2948.75,0,25,73.12,High Risk,Yes,2022-01-16
CUST-03596,Pune,Month-to-month,34,18,111.42,2094.83,4,26,95.26,High Risk,Yes,2021-04-29
CUST-03597,Delhi,Month-to-month,30,19,61.29,1227.69,3,23,63.84,Medium Risk,Yes,2022-06-20
CUST-03598,Bengaluru,Month-to-month,28,3,73.13,215.66,0,7,94.23,High Risk,Yes,2021-12-07
CUST-03599,Mumbai,Month-to-month,33,30,67.17,2028.34,4,36,42.97,Medium Risk,No,2026-04-04
CUST-03600,Pune,One year,31,5,38.8,191.33,5,11,72.44,High Risk,Yes,2022-11-10
CUST-03601,Delhi,Month-to-month,41,13,39.56,497.32,1,13,68.0,Medium Risk,Yes,2025-09-10
CUST-03602,Bengaluru,One year,39,24,66.02,1663.93,1,35,54.92,Medium Risk,Yes,2023-06-23
CUST-03603,Delhi,Two year,41,11,56.74,649.81,1,13,56.55,Medium Risk,Yes,2025-02-08
CUST-03604,Delhi,Month-to-month,48,13,119.07,1544.28,1,14,94.37,High Risk,Yes,2026-02-17
CUST-03605,Delhi,Month-to-month,54,23,60.26,1376.12,2,23,63.44,Medium Risk,Yes,2025-01-30
CUST-03606,Delhi,Month-to-month,36,24,121.35,2763.36,3,31,94.16,High Risk,Yes,2021-05-27
CUST-03607,Chennai,One year,46,20,55.81,1140.72,1,27,36.7,Low Risk,Yes,2025-08-29
CUST-03608,Delhi,Month-to-month,31,3,119.86,383.96,1,5,97.0,High Risk,Yes,2022-03-04
CUST-03609,Kolkata,One year,47,4,76.44,316.47,0,10,78.74,High Risk,Yes,2024-07-29
CUST-03610,Kolkata,Two year,46,35,77.84,2727.13,1,49,43.98,Medium Risk,Yes,2025-05-25
CUST-03611,Bengaluru,Month-to-month,45,15,55.18,766.6,3,15,68.48,Medium Risk,Yes,2025-11-09
CUST-03612,Delhi,Two year,36,72,78.18,6016.49,2,118,3.0,Low Risk,No,2025-09-09
CUST-03613,Mumbai,Two year,28,23,111.73,2490.86,4,36,88.78,High Risk,Yes,2021-10-09
CUST-03614,Hyderabad,Month-to-month,21,59,62.06,3544.34,2,94,7.51,Low Risk,No,2021-04-02
CUST-03615,Mumbai,Month-to-month,35,17,58.31,986.45,5,15,77.15,High Risk,Yes,2024-06-13
CUST-03616,Jaipur,Two year,50,14,60.06,831.31,2,22,73.34,High Risk,Yes,2026-05-06
CUST-03617,Bengaluru,Two year,32,30,109.16,3517.06,4,51,77.9,High Risk,No,2022-02-22
CUST-03618,Chennai,Month-to-month,43,39,85.46,3154.3,3,55,63.61,Medium Risk,No,2024-04-11
CUST-03619,Hyderabad,Month-to-month,43,17,103.3,1809.24,1,28,84.58,High Risk,Yes,2021-10-20
CUST-03620,Delhi,Month-to-month,32,29,71.86,1952.82,3,48,56.65,Medium Risk,Yes,2025-06-13
CUST-03621,Pune,Two year,48,5,65.82,317.35,1,10,80.92,High Risk,No,2022-12-27
CUST-03622,Delhi,Month-to-month,18,10,74.44,770.86,1,19,82.68,High Risk,Yes,2026-03-02
CUST-03623,Delhi,Month-to-month,23,26,91.55,2496.09,2,44,77.61,High Risk,Yes,2021-09-19
CUST-03624,Chennai,Two year,26,15,60.06,896.42,3,30,62.79,Medium Risk,Yes,2022-11-02
CUST-03625,Delhi,Month-to-month,27,24,100.72,2529.19,0,44,84.35,High Risk,Yes,2025-05-20
CUST-03626,Delhi,One year,38,26,73.07,2032.09,1,34,36.87,Low Risk,Yes,2021-04-14
CUST-03627,Jaipur,Month-to-month,38,29,30.1,933.76,2,25,39.17,Low Risk,Yes,2023-06-24
CUST-03628,Chennai,Two year,39,35,86.24,2942.32,2,29,39.65,Low Risk,No,2025-01-23
CUST-03629,Hyderabad,Month-to-month,41,35,43.26,1468.59,2,62,23.77,Low Risk,No,2023-07-06
CUST-03630,Pune,One year,25,9,85.57,798.03,3,14,85.63,High Risk,Yes,2024-06-11
CUST-03631,Hyderabad,One year,23,18,86.74,1599.81,4,24,77.93,High Risk,No,2022-08-02
CUST-03632,Delhi,Month-to-month,39,17,72.24,1206.91,2,22,74.57,High Risk,Yes,2025-11-27
CUST-03633,Bengaluru,Month-to-month,29,19,77.35,1405.85,1,19,76.2,High Risk,Yes,2023-07-27
CUST-03634,Mumbai,Month-to-month,19,16,92.39,1506.25,5,22,91.85,High Risk,Yes,2024-04-12
CUST-03635,Jaipur,Month-to-month,45,20,55.47,1097.02,3,31,42.73,Medium Risk,Yes,2024-03-02
CUST-03636,Bengaluru,One year,49,13,83.79,1025.15,4,14,84.05,High Risk,Yes,2021-02-06
CUST-03637,Kolkata,One year,51,33,94.31,3181.57,2,52,53.87,Medium Risk,Yes,2026-02-12
CUST-03638,Jaipur,Month-to-month,37,26,114.16,3062.04,1,40,93.9,High Risk,Yes,2023-11-19
CUST-03639,Delhi,One year,41,13,45.63,580.3,2,21,60.69,Medium Risk,Yes,2024-01-21
CUST-03640,Delhi,One year,49,20,74.08,1560.29,1,22,74.42,High Risk,No,2022-07-15
CUST-03641,Delhi,Two year,29,56,47.78,2493.17,2,96,3.5,Low Risk,Yes,2022-10-27
CUST-03642,Kolkata,Month-to-month,46,9,47.14,423.98,1,11,73.59,High Risk,Yes,2021-05-18
CUST-03643,Bengaluru,Month-to-month,38,11,72.91,860.57,3,16,88.33,High Risk,Yes,2024-01-27
CUST-03644,Bengaluru,Month-to-month,44,34,66.63,2153.22,1,50,49.57,Medium Risk,Yes,2025-03-31
CUST-03645,Hyderabad,Month-to-month,37,49,93.76,4353.37,2,85,49.19,Medium Risk,No,2023-07-15
CUST-03646,Delhi,Month-to-month,48,24,58.18,1369.22,4,33,63.97,Medium Risk,No,2021-07-24
CUST-03647,Bengaluru,Month-to-month,37,21,62.27,1259.15,5,34,65.62,Medium Risk,Yes,2025-10-31
CUST-03648,Mumbai,Month-to-month,20,8,69.55,531.61,2,14,88.99,High Risk,No,2021-07-06
CUST-03649,Pune,One year,50,14,49.33,740.33,1,13,46.08,Medium Risk,No,2021-08-29
CUST-03650,Kolkata,Month-to-month,26,14,51.57,704.06,1,16,66.71,Medium Risk,Yes,2025-05-10
CUST-03651,Hyderabad,Month-to-month,48,15,92.9,1295.36,1,17,91.7,High Risk,Yes,2023-04-03
CUST-03652,Mumbai,Month-to-month,34,12,54.53,696.22,0,9,68.07,Medium Risk,Yes,2025-01-16
CUST-03653,Chennai,Month-to-month,47,8,94.9,752.91,2,12,93.0,High Risk,Yes,2025-08-05
CUST-03654,Delhi,One year,46,30,78.94,2457.6,0,26,39.35,Low Risk,No,2021-07-21
CUST-03655,Jaipur,Month-to-month,39,25,39.61,969.23,0,44,28.86,Low Risk,No,2024-10-22
CUST-03656,Delhi,Month-to-month,40,8,77.02,659.06,4,15,88.46,High Risk,Yes,2023-09-21
CUST-03657,Mumbai,Month-to-month,39,20,76.83,1484.43,0,26,69.7,Medium Risk,Yes,2024-04-22
CUST-03658,Bengaluru,Month-to-month,18,16,74.42,1221.73,3,22,69.52,Medium Risk,No,2024-09-02
CUST-03659,Pune,Month-to-month,36,52,62.11,3397.33,1,56,12.4,Low Risk,No,2025-12-02
CUST-03660,Kolkata,Two year,24,42,48.11,1935.89,2,62,9.49,Low Risk,No,2023-02-13
CUST-03661,Bengaluru,Month-to-month,37,52,100.0,5450.86,2,71,35.56,Low Risk,No,2023-06-28
CUST-03662,Bengaluru,Month-to-month,24,14,62.92,922.07,0,15,66.85,Medium Risk,No,2024-06-23
CUST-03663,Jaipur,Month-to-month,23,5,48.99,263.14,3,9,78.75,High Risk,No,2022-02-28
CUST-03664,Jaipur,Month-to-month,51,9,75.25,723.07,4,15,88.78,High Risk,Yes,2022-03-19
CUST-03665,Bengaluru,One year,46,15,51.25,755.05,2,24,59.53,Medium Risk,Yes,2023-02-20
CUST-03666,Mumbai,One year,35,17,47.97,827.3,0,27,29.32,Low Risk,No,2026-01-12
CUST-03667,Chennai,One year,37,53,57.64,3262.8,2,92,5.69,Low Risk,No,2024-06-17
CUST-03668,Delhi,Month-to-month,33,33,52.53,1596.02,3,55,27.65,Low Risk,No,2023-05-15
CUST-03669,Jaipur,Month-to-month,41,25,48.54,1238.23,3,27,62.22,Medium Risk,Yes,2021-08-17
CUST-03670,Mumbai,One year,28,42,84.14,3372.94,0,67,25.69,Low Risk,No,2021-05-08
CUST-03671,Delhi,Two year,45,28,62.67,1821.8,1,36,35.64,Low Risk,Yes,2025-08-14
CUST-03672,Jaipur,Month-to-month,32,32,97.04,3252.58,1,53,58.3,Medium Risk,No,2021-05-29
CUST-03673,Hyderabad,Month-to-month,31,16,49.45,818.16,1,29,46.61,Medium Risk,Yes,2024-09-13
CUST-03674,Jaipur,Month-to-month,35,6,37.4,242.21,6,9,81.77,High Risk,Yes,2025-12-31
CUST-03675,Pune,Month-to-month,29,5,68.17,339.72,1,7,92.97,High Risk,Yes,2024-08-25
CUST-03676,Delhi,Month-to-month,38,5,117.72,594.38,3,8,97.0,High Risk,Yes,2023-11-21
CUST-03677,Delhi,Month-to-month,30,30,77.04,2277.55,2,25,58.21,Medium Risk,Yes,2026-02-19
CUST-03678,Mumbai,One year,40,11,180.0,2130.16,2,17,97.0,High Risk,Yes,2021-08-15
CUST-03679,Chennai,Month-to-month,47,16,72.29,1234.88,2,24,81.21,High Risk,Yes,2025-09-26
CUST-03680,Mumbai,Month-to-month,28,7,70.09,528.83,2,9,88.14,High Risk,No,2025-03-16
CUST-03681,Hyderabad,Month-to-month,34,39,32.61,1370.46,1,47,8.3,Low Risk,Yes,2023-05-06
CUST-03682,Jaipur,One year,40,20,74.54,1585.13,3,28,58.0,Medium Risk,Yes,2022-01-18
CUST-03683,Hyderabad,Month-to-month,31,23,68.6,1686.57,1,20,62.15,Medium Risk,No,2021-11-27
CUST-03684,Delhi,One year,40,24,57.05,1285.93,4,36,58.67,Medium Risk,Yes,2025-01-15
CUST-03685,Pune,Month-to-month,41,26,62.22,1533.22,3,36,63.52,Medium Risk,Yes,2022-02-14
CUST-03686,Bengaluru,One year,46,40,63.6,2700.79,2,56,13.06,Low Risk,No,2022-10-16
CUST-03687,Kolkata,Month-to-month,29,30,61.36,1907.6,1,45,37.71,Low Risk,No,2025-03-14
CUST-03688,Mumbai,Month-to-month,26,10,126.86,1344.71,2,17,97.0,High Risk,Yes,2023-10-03
CUST-03689,Jaipur,Month-to-month,32,11,57.73,662.47,3,13,86.28,High Risk,Yes,2021-08-22
CUST-03690,Jaipur,Month-to-month,25,72,68.62,4655.73,4,114,5.99,Low Risk,No,2024-09-25
CUST-03691,Chennai,Month-to-month,41,36,57.12,2193.37,3,50,30.48,Low Risk,No,2021-04-10
CUST-03692,Bengaluru,One year,23,68,83.52,5925.82,5,102,6.41,Low Risk,No,2024-03-22
CUST-03693,Hyderabad,Month-to-month,58,17,68.78,1182.51,2,21,80.29,High Risk,Yes,2024-10-14
CUST-03694,Delhi,Month-to-month,48,48,59.43,2867.41,2,45,14.7,Low Risk,No,2021-11-26
CUST-03695,Mumbai,Month-to-month,35,27,35.1,958.89,3,44,30.64,Low Risk,No,2022-04-28
CUST-03696,Jaipur,One year,44,24,70.26,1656.67,3,28,56.12,Medium Risk,Yes,2024-04-30
CUST-03697,Kolkata,Two year,19,20,58.87,1234.52,2,28,55.93,Medium Risk,No,2023-12-29
CUST-03698,Pune,One year,60,33,63.75,2241.43,3,44,24.37,Low Risk,Yes,2026-02-03
CUST-03699,Kolkata,Month-to-month,29,28,44.52,1197.28,4,42,40.98,Medium Risk,Yes,2024-02-11
CUST-03700,Delhi,One year,34,17,102.83,1618.9,1,15,90.33,High Risk,Yes,2024-11-28
CUST-03701,Pune,Two year,18,13,85.5,1058.67,3,14,87.8,High Risk,No,2022-01-17
CUST-03702,Pune,Two year,40,18,102.74,1925.46,3,18,88.71,High Risk,Yes,2025-10-17
CUST-03703,Mumbai,Month-to-month,24,20,93.82,1987.0,1,28,78.26,High Risk,Yes,2021-02-12
CUST-03704,Chennai,Month-to-month,36,15,78.57,1149.99,4,26,89.35,High Risk,Yes,2022-01-24
CUST-03705,Kolkata,Month-to-month,30,10,45.1,425.92,1,11,76.32,High Risk,Yes,2024-10-04
CUST-03706,Chennai,Month-to-month,24,21,117.25,2603.5,1,37,89.36,High Risk,Yes,2025-11-07
CUST-03707,Hyderabad,One year,27,26,48.31,1198.71,3,26,31.8,Low Risk,No,2023-09-16
CUST-03708,Delhi,Month-to-month,37,24,59.65,1372.47,1,41,50.76,Medium Risk,Yes,2021-04-20
CUST-03709,Delhi,Month-to-month,22,8,81.5,609.5,0,12,85.5,High Risk,Yes,2023-07-17
CUST-03710,Kolkata,One year,28,52,82.8,4588.27,1,57,10.45,Low Risk,No,2023-05-04
CUST-03711,Jaipur,One year,42,59,78.06,4477.85,2,88,7.47,Low Risk,No,2026-01-11
CUST-03712,Hyderabad,Month-to-month,61,29,57.19,1571.43,4,41,44.92,Medium Risk,No,2022-03-03
CUST-03713,Hyderabad,One year,40,33,53.53,1894.71,0,38,13.24,Low Risk,No,2025-11-17
CUST-03714,Pune,Month-to-month,26,23,146.27,3275.67,1,22,94.72,High Risk,Yes,2021-12-30
CUST-03715,Kolkata,Two year,31,25,64.19,1668.29,3,25,47.95,Medium Risk,Yes,2021-03-12
CUST-03716,Mumbai,Two year,35,5,61.72,295.29,3,8,71.08,High Risk,Yes,2023-09-20
CUST-03717,Mumbai,Month-to-month,32,19,51.73,1018.54,0,35,32.99,Low Risk,No,2026-04-26
CUST-03718,Jaipur,One year,44,19,70.29,1278.28,0,21,69.41,Medium Risk,Yes,2022-07-07
CUST-03719,Mumbai,Two year,37,58,69.25,4105.02,1,78,3.52,Low Risk,No,2026-01-24
CUST-03720,Delhi,Month-to-month,44,16,64.66,1024.77,7,16,82.92,High Risk,Yes,2024-04-25
CUST-03721,Mumbai,Month-to-month,32,51,73.45,3924.99,3,54,23.69,Low Risk,No,2022-06-24
CUST-03722,Chennai,One year,48,20,114.29,2370.02,3,24,84.01,High Risk,Yes,2024-05-21
CUST-03723,Kolkata,Month-to-month,33,15,53.73,862.11,4,24,60.06,Medium Risk,Yes,2025-05-10
CUST-03724,Delhi,Month-to-month,25,5,65.9,323.0,4,5,87.04,High Risk,Yes,2023-03-30
CUST-03725,Mumbai,Two year,57,25,52.83,1374.5,3,39,49.27,Medium Risk,No,2025-04-21
CUST-03726,Kolkata,One year,18,11,71.43,844.67,0,14,68.93,Medium Risk,Yes,2026-06-11
CUST-03727,Jaipur,Month-to-month,28,6,54.19,316.62,3,10,82.43,High Risk,No,2024-12-21
CUST-03728,Jaipur,Month-to-month,29,29,54.94,1539.73,1,44,34.0,Low Risk,No,2025-12-03
CUST-03729,Delhi,Month-to-month,60,25,40.75,1062.61,3,31,48.98,Medium Risk,Yes,2025-10-13
CUST-03730,Pune,Month-to-month,53,27,67.07,1795.11,1,40,68.55,Medium Risk,Yes,2024-08-23
CUST-03731,Delhi,Month-to-month,50,20,74.58,1467.41,3,21,91.52,High Risk,Yes,2026-03-29
CUST-03732,Kolkata,One year,32,12,117.89,1425.0,0,13,92.17,High Risk,Yes,2021-02-22
CUST-03733,Mumbai,Month-to-month,59,9,75.54,727.24,1,11,93.61,High Risk,Yes,2025-08-02
CUST-03734,Bengaluru,Month-to-month,39,47,56.29,2469.47,0,53,15.76,Low Risk,Yes,2022-11-21
CUST-03735,Delhi,Month-to-month,45,31,42.07,1297.01,7,27,42.11,Medium Risk,Yes,2026-04-21
CUST-03736,Bengaluru,Two year,37,36,43.97,1484.18,1,46,5.71,Low Risk,No,2022-07-12
CUST-03737,Pune,Month-to-month,35,18,42.94,820.36,3,14,51.57,Medium Risk,No,2021-03-23
CUST-03738,Hyderabad,Month-to-month,32,11,118.55,1228.25,3,11,96.64,High Risk,Yes,2024-04-12
CUST-03739,Hyderabad,Month-to-month,33,10,71.27,665.91,5,20,90.13,High Risk,Yes,2026-02-12
CUST-03740,Bengaluru,One year,41,21,53.94,1216.79,0,36,37.07,Low Risk,No,2021-02-10
CUST-03741,Kolkata,One year,39,12,47.81,579.53,2,15,51.66,Medium Risk,No,2021-11-03
CUST-03742,Chennai,Month-to-month,35,5,49.42,259.98,1,9,88.54,High Risk,Yes,2023-02-18
CUST-03743,Hyderabad,Month-to-month,50,28,53.49,1490.59,2,41,55.96,Medium Risk,No,2023-10-20
CUST-03744,Jaipur,Month-to-month,18,36,99.05,3529.08,3,33,45.65,Medium Risk,Yes,2026-01-17
CUST-03745,Jaipur,Month-to-month,40,14,64.38,960.68,2,18,75.87,High Risk,Yes,2023-11-17
CUST-03746,Delhi,Month-to-month,42,6,40.9,264.63,3,11,80.59,High Risk,Yes,2022-07-15
CUST-03747,Pune,Month-to-month,46,22,136.15,3052.11,1,34,97.0,High Risk,Yes,2024-07-19
CUST-03748,Mumbai,Month-to-month,34,18,45.13,866.69,2,32,50.31,Medium Risk,Yes,2024-08-22
CUST-03749,Mumbai,Month-to-month,37,15,53.8,853.83,3,21,68.62,Medium Risk,Yes,2023-06-30
CUST-03750,Chennai,Month-to-month,45,26,98.85,2588.2,3,41,84.07,High Risk,Yes,2025-01-01
CUST-03751,Chennai,One year,50,21,74.23,1668.85,0,29,64.37,Medium Risk,Yes,2021-09-27
CUST-03752,Kolkata,Month-to-month,32,26,55.93,1386.72,2,39,33.4,Low Risk,No,2025-01-26
CUST-03753,Mumbai,Month-to-month,38,21,43.83,977.11,1,36,28.3,Low Risk,No,2025-03-14
CUST-03754,Hyderabad,Month-to-month,52,11,47.71,508.8,3,9,82.68,High Risk,Yes,2022-12-23
CUST-03755,Delhi,Two year,18,11,48.63,494.75,1,18,43.35,Medium Risk,No,2024-05-12
CUST-03756,Delhi,Two year,28,20,65.15,1362.85,1,28,68.6,Medium Risk,Yes,2023-03-05
CUST-03757,Delhi,Month-to-month,50,34,69.1,2511.05,2,26,38.12,Low Risk,No,2024-06-11
CUST-03758,Mumbai,Month-to-month,46,21,61.98,1242.6,1,27,61.18,Medium Risk,Yes,2025-04-25
CUST-03759,Mumbai,Month-to-month,40,12,64.19,774.48,2,23,82.35,High Risk,Yes,2021-09-03
CUST-03760,Chennai,Month-to-month,31,22,46.44,1062.44,2,38,28.5,Low Risk,No,2025-04-03
CUST-03761,Jaipur,Month-to-month,26,23,71.39,1597.73,2,36,83.87,High Risk,Yes,2023-07-11
CUST-03762,Hyderabad,One year,29,12,97.92,1108.66,2,11,86.31,High Risk,No,2022-05-17
CUST-03763,Bengaluru,Month-to-month,50,59,61.7,3577.54,2,70,5.51,Low Risk,No,2024-02-08
CUST-03764,Delhi,Two year,29,33,61.32,2009.5,2,34,17.97,Low Risk,No,2023-07-03
CUST-03765,Bengaluru,Month-to-month,36,18,66.75,1248.06,0,26,70.69,High Risk,Yes,2023-02-08
CUST-03766,Delhi,One year,27,56,92.96,4954.79,0,87,11.77,Low Risk,No,2021-01-16
CUST-03767,Pune,One year,43,25,48.82,1282.04,1,44,22.04,Low Risk,No,2024-10-12
CUST-03768,Mumbai,Month-to-month,30,23,103.41,2379.26,4,38,82.08,High Risk,Yes,2021-05-29
CUST-03769,Delhi,Month-to-month,34,45,74.38,3563.4,2,40,33.82,Low Risk,Yes,2023-08-26
CUST-03770,Jaipur,Month-to-month,18,33,65.6,2187.59,1,29,30.06,Low Risk,No,2022-05-15
CUST-03771,Bengaluru,Month-to-month,19,27,95.83,2565.41,1,48,59.23,Medium Risk,No,2026-06-09
CUST-03772,Kolkata,Month-to-month,35,15,44.53,645.16,1,28,56.09,Medium Risk,Yes,2022-09-23
CUST-03773,Mumbai,One year,22,20,76.82,1439.6,1,25,55.94,Medium Risk,No,2025-10-13
CUST-03774,Hyderabad,Month-to-month,56,18,74.6,1315.24,1,23,88.28,High Risk,Yes,2023-09-16
CUST-03775,Pune,Two year,18,13,48.18,617.68,1,19,42.96,Medium Risk,Yes,2022-04-23
CUST-03776,Kolkata,Month-to-month,27,70,75.32,5330.01,2,97,3.59,Low Risk,No,2026-04-07
CUST-03777,Chennai,Two year,35,34,71.17,2559.1,2,35,33.29,Low Risk,No,2024-07-11
CUST-03778,Bengaluru,Month-to-month,31,17,61.39,1037.59,2,21,64.58,Medium Risk,Yes,2024-06-29
CUST-03779,Pune,One year,24,25,85.67,2078.11,2,37,63.73,Medium Risk,Yes,2025-06-23
CUST-03780,Chennai,Month-to-month,25,18,54.13,1032.53,3,20,53.63,Medium Risk,Yes,2025-04-03
CUST-03781,Mumbai,Month-to-month,25,11,70.87,808.75,1,21,80.32,High Risk,Yes,2025-06-14
CUST-03782,Mumbai,Two year,32,5,62.32,301.98,0,9,77.78,High Risk,No,2025-04-10
CUST-03783,Jaipur,Month-to-month,55,27,53.39,1364.71,0,35,52.34,Medium Risk,Yes,2025-01-19
CUST-03784,Chennai,One year,36,20,76.35,1475.94,1,30,56.99,Medium Risk,Yes,2024-07-21
CUST-03785,Chennai,One year,47,39,60.82,2229.14,4,50,18.79,Low Risk,No,2023-11-14
CUST-03786,Jaipur,Month-to-month,40,14,40.57,604.64,2,17,72.0,High Risk,Yes,2023-12-29
CUST-03787,Bengaluru,Month-to-month,46,39,36.53,1450.14,1,54,10.86,Low Risk,No,2022-02-14
CUST-03788,Bengaluru,One year,18,42,83.67,3718.53,0,37,20.11,Low Risk,No,2026-02-09
CUST-03789,Jaipur,Month-to-month,32,6,43.98,277.41,2,11,84.93,High Risk,Yes,2021-01-11
CUST-03790,Kolkata,One year,48,36,71.08,2416.91,5,37,38.02,Low Risk,Yes,2021-09-17
CUST-03791,Delhi,Two year,29,32,66.15,2097.5,1,31,26.22,Low Risk,No,2023-10-31
CUST-03792,Jaipur,Month-to-month,53,19,57.77,1180.53,5,35,72.28,High Risk,No,2025-06-25
CUST-03793,Pune,Month-to-month,50,39,121.57,4539.29,1,59,71.58,High Risk,Yes,2023-11-02
CUST-03794,Hyderabad,One year,30,35,68.85,2236.34,1,34,28.31,Low Risk,No,2025-05-29
CUST-03795,Jaipur,Month-to-month,30,22,82.78,1776.29,3,38,71.49,High Risk,Yes,2023-06-27
CUST-03796,Pune,Month-to-month,25,6,71.2,427.95,6,8,93.87,High Risk,Yes,2025-07-27
CUST-03797,Bengaluru,Month-to-month,29,17,60.36,953.2,1,17,65.73,Medium Risk,Yes,2023-01-17
CUST-03798,Jaipur,Month-to-month,23,36,64.6,2298.32,5,31,41.42,Medium Risk,No,2024-01-20
CUST-03799,Delhi,Month-to-month,39,24,103.66,2389.68,1,38,91.13,High Risk,Yes,2024-06-02
CUST-03800,Bengaluru,Month-to-month,20,15,92.07,1317.44,2,23,81.12,High Risk,Yes,2022-04-25
CUST-03801,Delhi,One year,41,21,121.39,2452.89,4,18,91.67,High Risk,Yes,2023-10-26
CUST-03802,Kolkata,Month-to-month,41,22,69.78,1438.24,2,19,73.26,High Risk,Yes,2021-01-23
CUST-03803,Chennai,Month-to-month,18,11,49.1,503.52,1,18,60.44,Medium Risk,No,2024-04-22
CUST-03804,Kolkata,Two year,50,14,56.45,802.42,3,20,72.28,High Risk,Yes,2024-05-24
CUST-03805,Delhi,One year,40,67,44.45,3191.54,1,108,3.0,Low Risk,No,2022-07-12
CUST-03806,Kolkata,Two year,42,2,83.08,174.26,1,6,91.73,High Risk,Yes,2024-02-28
CUST-03807,Mumbai,Month-to-month,27,21,53.89,1192.15,1,34,50.36,Medium Risk,No,2024-11-06
CUST-03808,Mumbai,One year,41,36,25.0,933.85,0,58,6.29,Low Risk,No,2021-12-16
CUST-03809,Jaipur,Month-to-month,46,20,142.99,3068.44,0,27,96.9,High Risk,Yes,2022-08-09
CUST-03810,Jaipur,Month-to-month,34,13,54.15,754.7,1,16,68.82,Medium Risk,Yes,2021-01-01
CUST-03811,Hyderabad,Month-to-month,55,16,54.05,903.31,2,15,66.18,Medium Risk,Yes,2025-08-04
CUST-03812,Bengaluru,Month-to-month,35,57,110.97,6543.84,1,84,25.4,Low Risk,No,2023-08-14
CUST-03813,Delhi,Two year,46,30,44.16,1283.53,2,47,23.19,Low Risk,No,2023-03-15
CUST-03814,Pune,Month-to-month,38,29,93.51,2534.4,1,29,71.73,High Risk,Yes,2023-12-22
CUST-03815,Delhi,One year,41,19,53.86,956.68,1,24,39.24,Low Risk,Yes,2025-05-18
CUST-03816,Bengaluru,One year,18,23,42.55,1015.64,0,28,24.61,Low Risk,No,2021-11-19
CUST-03817,Mumbai,One year,39,10,112.19,1037.24,2,10,93.01,High Risk,Yes,2022-09-12
CUST-03818,Chennai,Month-to-month,28,59,87.34,5413.94,1,61,20.43,Low Risk,Yes,2023-01-18
CUST-03819,Chennai,One year,27,31,87.25,2646.97,1,34,68.48,Medium Risk,Yes,2021-01-16
CUST-03820,Bengaluru,Month-to-month,52,20,73.12,1390.35,5,27,87.87,High Risk,Yes,2022-04-07
CUST-03821,Mumbai,Month-to-month,33,22,78.74,1706.67,0,26,78.56,High Risk,Yes,2022-02-28
CUST-03822,Mumbai,Two year,25,28,43.82,1266.87,3,39,27.96,Low Risk,Yes,2025-11-17
CUST-03823,Chennai,Month-to-month,31,10,67.36,649.36,1,10,80.67,High Risk,Yes,2024-06-14
CUST-03824,Mumbai,Month-to-month,22,17,48.29,778.06,1,27,36.93,Low Risk,No,2024-08-20
CUST-03825,Delhi,Two year,49,10,41.68,432.66,1,8,45.82,Medium Risk,Yes,2024-02-09
CUST-03826,Jaipur,Month-to-month,28,31,74.14,2438.33,4,34,50.71,Medium Risk,Yes,2025-09-06
CUST-03827,Bengaluru,One year,40,8,94.16,763.59,2,13,93.81,High Risk,Yes,2022-06-01
CUST-03828,Bengaluru,Month-to-month,49,10,57.5,577.19,2,18,81.88,High Risk,No,2022-02-13
CUST-03829,Chennai,Month-to-month,30,34,60.74,2149.38,2,54,29.07,Low Risk,No,2023-03-17
CUST-03830,Delhi,Month-to-month,40,24,45.16,1124.18,4,21,32.31,Low Risk,Yes,2025-09-14
CUST-03831,Mumbai,Month-to-month,25,53,65.15,3180.18,4,68,25.12,Low Risk,No,2022-04-22
CUST-03832,Chennai,Month-to-month,59,16,82.9,1280.1,2,17,89.17,High Risk,Yes,2026-02-16
CUST-03833,Chennai,One year,44,18,83.74,1611.51,4,26,83.76,High Risk,No,2026-06-16
CUST-03834,Mumbai,Month-to-month,33,47,77.39,3905.16,1,51,19.5,Low Risk,No,2025-06-06
CUST-03835,Bengaluru,Two year,27,40,53.33,2136.71,1,63,10.46,Low Risk,No,2025-01-23
CUST-03836,Mumbai,Month-to-month,34,34,52.79,1812.12,1,46,24.35,Low Risk,Yes,2022-03-05
CUST-03837,Kolkata,Month-to-month,32,12,83.84,925.7,2,23,88.76,High Risk,Yes,2021-04-23
CUST-03838,Jaipur,One year,55,13,84.29,1125.99,5,25,93.23,High Risk,Yes,2021-06-16
CUST-03839,Kolkata,Two year,23,19,61.52,1115.1,2,33,40.06,Medium Risk,No,2025-08-19
CUST-03840,Pune,Month-to-month,36,19,56.71,1013.34,1,29,59.74,Medium Risk,Yes,2025-11-25
CUST-03841,Bengaluru,One year,35,12,94.43,1097.75,3,24,89.53,High Risk,Yes,2025-05-08
CUST-03842,Jaipur,Two year,34,16,57.93,951.33,3,15,57.82,Medium Risk,No,2026-01-20
CUST-03843,Bengaluru,Month-to-month,34,20,82.52,1633.59,3,18,85.88,High Risk,No,2021-04-06
CUST-03844,Mumbai,Two year,34,38,62.22,2307.26,0,52,9.31,Low Risk,No,2021-10-03
CUST-03845,Delhi,Month-to-month,44,45,46.49,2167.97,2,84,21.63,Low Risk,No,2022-05-03
CUST-03846,Pune,One year,41,31,108.89,3545.03,0,49,54.65,Medium Risk,No,2026-01-21
CUST-03847,Kolkata,Two year,39,7,67.55,500.78,5,10,78.72,High Risk,Yes,2026-06-08
CUST-03848,Bengaluru,One year,18,41,51.78,2104.21,2,62,8.51,Low Risk,No,2024-05-12
CUST-03849,Hyderabad,Month-to-month,38,31,41.65,1336.15,3,25,24.13,Low Risk,No,2025-12-19
CUST-03850,Jaipur,Month-to-month,18,35,43.02,1598.5,6,43,28.67,Low Risk,No,2026-01-17
CUST-03851,Mumbai,Two year,41,13,57.69,799.04,1,16,63.76,Medium Risk,Yes,2025-01-19
CUST-03852,Jaipur,Month-to-month,50,48,120.35,5769.52,3,38,65.51,Medium Risk,No,2021-05-20
CUST-03853,Pune,Month-to-month,26,18,53.91,947.92,5,22,55.29,Medium Risk,Yes,2024-06-07
CUST-03854,Kolkata,One year,32,12,103.29,1318.84,1,20,88.58,High Risk,Yes,2024-04-25
CUST-03855,Pune,Month-to-month,29,32,62.34,1918.73,3,45,41.93,Medium Risk,No,2022-07-20
CUST-03856,Jaipur,Month-to-month,47,20,44.54,933.11,2,18,63.07,Medium Risk,No,2025-05-08
CUST-03857,Mumbai,Month-to-month,36,30,55.87,1785.69,2,37,40.91,Medium Risk,Yes,2021-03-29
CUST-03858,Bengaluru,Month-to-month,52,16,43.14,716.71,3,27,66.03,Medium Risk,Yes,2026-01-04
CUST-03859,Mumbai,One year,39,9,49.43,457.67,1,16,76.51,High Risk,Yes,2022-09-07
CUST-03860,Chennai,One year,37,16,48.96,727.04,2,31,38.67,Low Risk,No,2025-02-21
CUST-03861,Chennai,Month-to-month,36,8,35.35,269.38,3,9,65.36,Medium Risk,Yes,2024-10-03
CUST-03862,Pune,One year,43,31,105.48,3357.03,1,30,56.74,Medium Risk,No,2021-05-20
CUST-03863,Mumbai,Two year,18,2,69.54,145.43,0,4,88.8,High Risk,Yes,2023-05-13
CUST-03864,Delhi,One year,36,40,52.18,1941.39,2,48,20.59,Low Risk,No,2024-06-07
CUST-03865,Jaipur,Month-to-month,34,8,69.78,515.28,1,14,91.18,High Risk,Yes,2023-09-25
CUST-03866,Mumbai,One year,42,37,49.75,1785.24,3,34,19.28,Low Risk,No,2021-12-14
CUST-03867,Mumbai,Month-to-month,33,29,27.65,820.45,4,51,25.89,Low Risk,Yes,2023-08-27
CUST-03868,Pune,One year,25,4,167.42,670.97,1,8,97.0,High Risk,Yes,2022-08-21
CUST-03869,Pune,One year,35,23,69.07,1463.65,5,28,66.07,Medium Risk,Yes,2024-07-10
CUST-03870,Jaipur,Month-to-month,24,7,53.83,355.81,3,11,72.2,High Risk,No,2021-11-20
CUST-03871,Mumbai,Two year,18,23,35.01,837.72,0,32,12.16,Low Risk,No,2022-10-31
CUST-03872,Delhi,Month-to-month,42,13,40.3,506.94,2,18,58.19,Medium Risk,No,2026-04-03
CUST-03873,Delhi,One year,41,4,110.37,414.44,0,11,97.0,High Risk,Yes,2024-11-05
CUST-03874,Chennai,Month-to-month,40,28,105.11,2731.58,2,26,79.45,High Risk,Yes,2023-10-10
CUST-03875,Jaipur,Two year,48,19,82.72,1659.81,0,29,66.21,Medium Risk,Yes,2024-02-18
CUST-03876,Mumbai,Month-to-month,28,20,45.49,905.68,1,16,48.83,Medium Risk,Yes,2021-10-28
CUST-03877,Delhi,Month-to-month,21,5,105.38,527.21,0,8,96.84,High Risk,Yes,2024-11-18
CUST-03878,Chennai,Month-to-month,34,4,75.06,279.17,1,10,94.06,High Risk,Yes,2026-03-13
CUST-03879,Bengaluru,Month-to-month,32,17,80.16,1360.23,5,13,80.26,High Risk,Yes,2026-06-28
CUST-03880,Delhi,Month-to-month,27,36,74.98,2762.24,2,33,40.82,Medium Risk,No,2022-10-06
CUST-03881,Bengaluru,One year,34,31,40.13,1168.95,3,26,18.81,Low Risk,Yes,2023-03-03
CUST-03882,Hyderabad,Month-to-month,29,27,44.3,1273.13,0,33,31.86,Low Risk,Yes,2024-01-14
CUST-03883,Kolkata,Month-to-month,18,43,55.21,2481.66,1,61,18.08,Low Risk,No,2025-06-06
CUST-03884,Delhi,Month-to-month,31,13,79.87,1088.46,3,23,90.09,High Risk,Yes,2024-12-04
CUST-03885,Chennai,One year,24,28,41.79,1176.96,4,30,23.02,Low Risk,No,2023-08-10
CUST-03886,Kolkata,One year,37,6,61.45,358.9,3,7,85.4,High Risk,Yes,2023-04-20
CUST-03887,Kolkata,One year,28,70,61.43,4396.73,4,82,3.0,Low Risk,No,2023-11-13
CUST-03888,Pune,One year,46,12,83.77,961.07,0,10,85.02,High Risk,Yes,2025-11-10
CUST-03889,Pune,Month-to-month,51,27,80.66,2051.29,4,22,70.25,High Risk,Yes,2021-09-22
CUST-03890,Mumbai,Month-to-month,42,53,47.05,2508.94,1,70,7.7,Low Risk,No,2023-11-15
CUST-03891,Hyderabad,Month-to-month,19,15,103.27,1543.75,3,27,94.84,High Risk,Yes,2021-08-16
CUST-03892,Bengaluru,Two year,50,26,44.8,1099.62,1,44,23.04,Low Risk,No,2021-10-15
CUST-03893,Pune,Two year,51,23,92.19,2130.68,2,23,74.99,High Risk,No,2022-10-09
CUST-03894,Mumbai,Month-to-month,35,15,54.51,823.73,2,15,79.01,High Risk,Yes,2024-10-08
CUST-03895,Hyderabad,Month-to-month,48,13,68.5,943.43,3,20,85.8,High Risk,Yes,2022-11-30
CUST-03896,Chennai,Month-to-month,29,8,69.87,582.14,4,11,88.37,High Risk,Yes,2026-06-02
CUST-03897,Delhi,Month-to-month,18,18,69.25,1190.17,0,31,76.93,High Risk,Yes,2022-04-24
CUST-03898,Chennai,One year,27,12,80.66,1017.16,4,16,79.97,High Risk,No,2026-01-28
CUST-03899,Bengaluru,Month-to-month,52,11,73.67,871.18,3,8,80.78,High Risk,Yes,2022-02-05
CUST-03900,Chennai,Two year,20,29,83.53,2506.33,5,30,49.76,Medium Risk,No,2024-04-01
CUST-03901,Mumbai,Month-to-month,35,22,75.42,1735.43,5,39,83.9,High Risk,Yes,2026-02-21
CUST-03902,Mumbai,Two year,35,38,43.37,1586.47,2,51,12.75,Low Risk,Yes,2021-11-10
CUST-03903,Kolkata,One year,30,15,70.86,1146.55,1,24,66.5,Medium Risk,No,2022-06-25
CUST-03904,Delhi,One year,31,9,54.27,463.14,0,14,70.13,High Risk,No,2025-01-10
CUST-03905,Chennai,One year,36,30,45.58,1422.28,1,43,19.86,Low Risk,No,2023-04-04
CUST-03906,Bengaluru,One year,29,31,59.24,1805.65,4,27,29.41,Low Risk,Yes,2024-10-28
CUST-03907,Bengaluru,One year,21,24,68.93,1616.43,3,37,56.59,Medium Risk,Yes,2022-09-19
CUST-03908,Mumbai,One year,37,11,70.41,747.89,3,19,75.33,High Risk,Yes,2023-04-11
CUST-03909,Bengaluru,One year,46,21,91.13,1895.68,1,18,76.98,High Risk,Yes,2024-05-18
CUST-03910,Mumbai,Two year,44,8,98.76,826.85,5,9,92.51,High Risk,Yes,2021-02-16
CUST-03911,Jaipur,One year,27,12,72.38,929.84,3,18,68.37,Medium Risk,Yes,2021-11-26
CUST-03912,Delhi,One year,22,41,76.7,3102.56,3,58,18.45,Low Risk,No,2024-07-18
CUST-03913,Jaipur,Two year,32,14,67.01,960.91,2,23,67.26,Medium Risk,Yes,2021-04-30
CUST-03914,Kolkata,Month-to-month,51,35,83.09,3042.26,2,52,50.55,Medium Risk,No,2021-11-09
CUST-03915,Kolkata,Month-to-month,41,25,75.96,1777.38,0,37,57.82,Medium Risk,No,2025-07-29
CUST-03916,Mumbai,Month-to-month,42,52,63.88,3566.53,1,68,10.86,Low Risk,No,2021-04-12
CUST-03917,Hyderabad,Month-to-month,44,24,129.41,2962.54,3,35,94.6,High Risk,Yes,2021-07-25
CUST-03918,Mumbai,Two year,39,23,54.58,1338.71,0,18,23.51,Low Risk,No,2024-05-26
CUST-03919,Pune,Month-to-month,36,6,103.53,669.54,2,7,91.56,High Risk,Yes,2024-07-21
CUST-03920,Chennai,One year,42,12,42.14,473.35,1,16,53.27,Medium Risk,Yes,2024-09-23
CUST-03921,Kolkata,Month-to-month,30,17,84.33,1523.7,0,27,81.2,High Risk,Yes,2023-02-13
CUST-03922,Mumbai,Month-to-month,21,65,102.93,6841.29,0,105,7.42,Low Risk,No,2023-03-22
CUST-03923,Hyderabad,One year,42,13,35.31,482.38,2,23,47.98,Medium Risk,No,2023-09-12
CUST-03924,Delhi,Two year,47,9,67.96,573.39,2,15,81.38,High Risk,No,2025-09-17
CUST-03925,Kolkata,Month-to-month,24,7,81.72,602.63,0,8,88.04,High Risk,No,2023-12-01
CUST-03926,Jaipur,One year,43,6,70.46,431.29,3,9,91.95,High Risk,Yes,2025-05-31
CUST-03927,Pune,One year,52,66,73.36,4849.99,1,51,5.32,Low Risk,No,2023-12-11
CUST-03928,Pune,Month-to-month,35,22,67.9,1508.15,1,34,60.05,Medium Risk,No,2025-05-16
CUST-03929,Pune,Month-to-month,27,10,45.8,475.91,3,12,68.24,Medium Risk,No,2024-01-23
CUST-03930,Jaipur,Two year,36,44,138.68,5904.35,1,42,54.88,Medium Risk,Yes,2021-01-19
CUST-03931,Kolkata,Month-to-month,29,56,55.33,3318.34,4,78,11.35,Low Risk,No,2026-03-28
CUST-03932,Delhi,Month-to-month,29,10,74.69,723.91,3,8,88.58,High Risk,Yes,2025-04-06
CUST-03933,Pune,Month-to-month,39,14,52.85,784.54,2,23,75.38,High Risk,Yes,2022-08-15
CUST-03934,Delhi,One year,19,40,31.38,1157.22,1,60,3.0,Low Risk,No,2026-05-09
CUST-03935,Mumbai,One year,21,31,48.35,1598.73,2,51,23.34,Low Risk,No,2022-08-06
CUST-03936,Bengaluru,One year,35,18,40.9,777.61,4,16,37.92,Low Risk,No,2023-12-14
CUST-03937,Mumbai,Month-to-month,35,40,92.17,3465.11,1,28,53.08,Medium Risk,No,2023-05-24
CUST-03938,Delhi,Two year,38,5,53.53,277.8,0,12,73.72,High Risk,No,2026-02-18
CUST-03939,Delhi,Month-to-month,54,8,55.14,432.24,3,8,83.78,High Risk,Yes,2023-09-25
CUST-03940,Mumbai,Month-to-month,36,12,46.24,553.08,1,22,59.14,Medium Risk,No,2025-04-11
CUST-03941,Hyderabad,Month-to-month,41,11,66.99,686.03,1,11,83.76,High Risk,Yes,2022-11-12
CUST-03942,Chennai,Month-to-month,25,3,51.68,147.91,3,7,79.94,High Risk,Yes,2026-06-25
CUST-03943,Jaipur,Two year,43,15,89.29,1436.56,0,15,84.74,High Risk,Yes,2022-01-31
CUST-03944,Mumbai,Two year,30,28,71.6,1978.48,2,32,36.37,Low Risk,No,2023-10-26
CUST-03945,Jaipur,Month-to-month,36,34,54.13,1700.85,2,59,30.36,Low Risk,Yes,2021-01-26
CUST-03946,Jaipur,Two year,34,32,85.32,2736.83,0,47,35.8,Low Risk,No,2026-04-09
CUST-03947,Pune,One year,45,38,65.17,2672.48,3,59,25.47,Low Risk,No,2024-04-04
CUST-03948,Pune,Two year,22,26,65.45,1656.18,1,26,28.88,Low Risk,Yes,2024-01-11
CUST-03949,Delhi,Month-to-month,18,13,40.7,498.73,0,24,44.5,Medium Risk,No,2024-07-09
CUST-03950,Delhi,One year,33,4,63.54,260.0,0,6,88.79,High Risk,Yes,2024-07-04
CUST-03951,Jaipur,Month-to-month,40,4,72.04,307.52,2,5,93.5,High Risk,Yes,2022-08-10
CUST-03952,Chennai,Two year,37,21,99.6,2211.79,2,16,81.65,High Risk,Yes,2024-02-24
CUST-03953,Kolkata,Month-to-month,47,10,51.1,523.84,5,9,84.13,High Risk,Yes,2025-06-04
CUST-03954,Jaipur,One year,39,21,134.74,2686.55,1,16,93.39,High Risk,Yes,2021-12-12
CUST-03955,Delhi,Month-to-month,29,8,77.68,649.71,2,18,89.08,High Risk,Yes,2024-12-17
CUST-03956,Chennai,Month-to-month,18,43,39.97,1807.59,3,49,13.14,Low Risk,No,2023-12-09
CUST-03957,Kolkata,One year,33,15,49.6,785.61,1,15,40.73,Medium Risk,No,2021-03-23
CUST-03958,Mumbai,Two year,45,16,102.42,1613.53,2,23,92.6,High Risk,Yes,2022-04-29
CUST-03959,Jaipur,One year,31,17,96.76,1620.93,4,23,85.73,High Risk,Yes,2023-11-27
CUST-03960,Jaipur,Two year,35,1,65.38,61.77,5,3,91.63,High Risk,Yes,2026-02-25
CUST-03961,Bengaluru,Month-to-month,39,40,68.19,2846.6,1,36,41.39,Medium Risk,No,2024-06-02
CUST-03962,Mumbai,Month-to-month,25,9,44.78,418.32,2,10,73.16,High Risk,No,2024-07-04
CUST-03963,Jaipur,Month-to-month,41,18,99.21,1671.42,3,26,87.94,High Risk,Yes,2025-10-21
CUST-03964,Bengaluru,Month-to-month,51,20,47.38,874.84,1,25,63.73,Medium Risk,No,2024-08-09
CUST-03965,Jaipur,One year,33,11,85.17,1004.58,1,20,89.56,High Risk,Yes,2021-08-02
CUST-03966,Hyderabad,One year,24,29,100.19,2681.1,2,37,47.28,Medium Risk,Yes,2024-07-22
CUST-03967,Mumbai,One year,34,37,66.01,2492.62,0,48,18.74,Low Risk,No,2025-03-15
CUST-03968,Jaipur,One year,18,4,88.59,351.73,2,11,91.09,High Risk,Yes,2025-01-24
CUST-03969,Bengaluru,One year,38,30,117.41,3678.64,0,38,72.09,High Risk,No,2024-04-03
CUST-03970,Mumbai,Month-to-month,40,4,70.82,264.59,3,6,87.81,High Risk,No,2022-09-18
CUST-03971,Kolkata,Month-to-month,52,11,61.45,695.67,2,14,76.55,High Risk,Yes,2022-07-22
CUST-03972,Bengaluru,One year,33,13,63.62,842.27,2,23,50.87,Medium Risk,No,2023-04-15
CUST-03973,Delhi,Month-to-month,39,13,51.25,703.94,0,19,72.77,High Risk,No,2025-10-21
CUST-03974,Hyderabad,Month-to-month,26,41,50.88,2092.27,0,55,20.61,Low Risk,No,2023-03-14
CUST-03975,Delhi,Month-to-month,31,14,74.89,1086.76,2,20,88.43,High Risk,Yes,2023-08-27
CUST-03976,Kolkata,One year,20,14,61.68,854.9,6,20,69.82,Medium Risk,No,2021-03-25
CUST-03977,Mumbai,Month-to-month,33,7,72.18,544.39,2,14,89.57,High Risk,No,2024-07-29
CUST-03978,Bengaluru,One year,32,24,40.35,977.61,1,28,31.21,Low Risk,No,2021-06-23
CUST-03979,Jaipur,One year,38,17,63.1,1116.22,0,20,52.42,Medium Risk,Yes,2025-08-26
CUST-03980,Mumbai,Month-to-month,29,27,90.38,2281.32,1,39,63.3,Medium Risk,No,2026-06-28
CUST-03981,Chennai,One year,36,7,45.44,316.18,2,12,59.18,Medium Risk,No,2022-04-25
CUST-03982,Chennai,One year,32,53,65.34,3221.68,0,81,5.99,Low Risk,No,2025-04-07
CUST-03983,Delhi,One year,32,32,35.91,1079.57,2,37,10.35,Low Risk,No,2024-03-11
CUST-03984,Delhi,One year,36,72,42.8,3084.63,2,129,3.0,Low Risk,No,2024-12-07
CUST-03985,Chennai,Month-to-month,35,20,84.17,1643.62,5,23,77.51,High Risk,Yes,2024-04-24
CUST-03986,Kolkata,One year,43,36,58.87,2105.7,2,68,19.78,Low Risk,No,2021-06-08
CUST-03987,Jaipur,Month-to-month,34,54,116.45,6284.42,2,52,46.34,Medium Risk,Yes,2025-12-14
CUST-03988,Bengaluru,Two year,32,24,74.65,1694.07,1,45,52.68,Medium Risk,Yes,2025-08-14
CUST-03989,Mumbai,One year,33,17,77.03,1281.4,1,14,61.71,Medium Risk,Yes,2022-07-25
CUST-03990,Chennai,One year,28,14,46.06,682.04,0,21,49.84,Medium Risk,Yes,2022-02-24
CUST-03991,Jaipur,Month-to-month,31,16,57.46,971.82,0,26,65.32,Medium Risk,No,2022-08-24
CUST-03992,Delhi,Month-to-month,55,22,51.42,1129.54,1,36,35.12,Low Risk,Yes,2025-01-29
CUST-03993,Hyderabad,Month-to-month,26,17,46.22,817.06,3,29,61.87,Medium Risk,Yes,2023-04-07
CUST-03994,Jaipur,Month-to-month,32,30,80.39,2509.54,1,38,53.74,Medium Risk,No,2023-04-28
CUST-03995,Bengaluru,Month-to-month,31,45,85.72,3576.03,2,36,29.75,Low Risk,No,2024-02-28
CUST-03996,Mumbai,Month-to-month,33,8,73.85,601.28,1,10,83.55,High Risk,Yes,2025-06-14
CUST-03997,Mumbai,Month-to-month,32,8,49.87,418.4,0,12,64.23,Medium Risk,Yes,2024-11-02
CUST-03998,Mumbai,Two year,38,14,72.26,1026.85,3,22,75.98,High Risk,Yes,2021-09-25
CUST-03999,Bengaluru,Month-to-month,18,4,35.25,141.94,2,7,73.82,High Risk,Yes,2023-01-22
CUST-04000,Delhi,Two year,45,51,99.26,5087.54,3,50,28.08,Low Risk,Yes,2023-02-17
CUST-04001,Bengaluru,Two year,41,38,42.9,1632.27,2,49,15.04,Low Risk,No,2023-01-03
CUST-04002,Chennai,Month-to-month,23,17,45.41,806.35,1,26,56.54,Medium Risk,Yes,2022-09-24
CUST-04003,Hyderabad,One year,18,18,67.44,1241.58,2,30,39.18,Low Risk,No,2023-02-09
CUST-04004,Delhi,Month-to-month,25,24,69.39,1589.55,1,20,50.43,Medium Risk,Yes,2022-06-12
CUST-04005,Delhi,One year,33,11,63.5,691.05,2,22,78.45,High Risk,Yes,2025-08-27
CUST-04006,Delhi,Month-to-month,61,15,45.57,686.68,0,28,50.19,Medium Risk,Yes,2026-03-13
CUST-04007,Mumbai,Month-to-month,40,12,93.42,1106.5,1,11,79.75,High Risk,Yes,2025-07-17
CUST-04008,Mumbai,One year,18,20,37.9,726.17,2,29,42.82,Medium Risk,Yes,2022-11-20
CUST-04009,Pune,Month-to-month,28,21,40.44,798.25,3,31,47.52,Medium Risk,Yes,2026-01-02
CUST-04010,Jaipur,One year,34,18,62.81,1061.35,1,26,47.73,Medium Risk,No,2021-08-02
CUST-04011,Jaipur,Month-to-month,38,36,43.37,1510.43,3,51,17.13,Low Risk,No,2023-06-21
CUST-04012,Mumbai,Month-to-month,22,18,96.12,1703.21,0,26,87.08,High Risk,Yes,2025-02-15
CUST-04013,Hyderabad,Month-to-month,34,19,44.58,871.8,3,23,58.35,Medium Risk,Yes,2025-03-12
CUST-04014,Delhi,Month-to-month,28,6,106.98,691.68,3,9,97.0,High Risk,Yes,2025-06-29
CUST-04015,Pune,Month-to-month,24,30,90.53,2888.57,1,29,62.88,Medium Risk,Yes,2024-01-30
CUST-04016,Delhi,Month-to-month,38,22,96.51,2229.79,3,35,79.53,High Risk,Yes,2022-08-30
CUST-04017,Chennai,Month-to-month,43,32,118.9,3995.79,0,32,81.78,High Risk,Yes,2024-02-03
CUST-04018,Chennai,One year,43,10,66.71,677.35,2,20,82.3,High Risk,No,2025-11-08
CUST-04019,Delhi,Month-to-month,41,8,47.0,361.13,3,12,73.96,High Risk,No,2025-07-24
CUST-04020,Delhi,One year,30,16,62.89,1001.72,0,20,59.9,Medium Risk,Yes,2025-10-29
CUST-04021,Mumbai,Month-to-month,42,4,54.22,204.48,5,8,87.08,High Risk,Yes,2025-08-19
CUST-04022,Delhi,Two year,38,52,51.8,2722.23,2,51,6.49,Low Risk,No,2021-05-15
CUST-04023,Pune,Month-to-month,36,16,68.21,1008.07,2,18,69.59,Medium Risk,Yes,2023-02-28
CUST-04024,Chennai,Month-to-month,29,2,58.83,111.81,1,8,86.48,High Risk,Yes,2023-08-16
CUST-04025,Pune,Month-to-month,30,13,51.09,686.73,2,18,71.64,High Risk,No,2022-09-12
CUST-04026,Chennai,Month-to-month,36,17,60.09,985.06,1,19,61.21,Medium Risk,No,2021-08-05
CUST-04027,Mumbai,One year,59,46,77.48,3518.44,2,42,23.0,Low Risk,Yes,2025-01-29
CUST-04028,Delhi,Month-to-month,38,20,88.27,1859.2,4,35,85.62,High Risk,Yes,2024-12-19
CUST-04029,Hyderabad,Two year,29,6,38.92,216.5,4,8,63.58,Medium Risk,No,2021-08-25
CUST-04030,Mumbai,Month-to-month,27,25,58.99,1362.13,1,22,41.65,Medium Risk,No,2026-01-09
CUST-04031,Pune,Month-to-month,30,20,62.13,1188.72,5,35,77.66,High Risk,No,2022-08-12
CUST-04032,Delhi,One year,57,17,44.52,779.18,3,24,41.52,Medium Risk,No,2023-06-23
CUST-04033,Jaipur,Month-to-month,31,15,62.56,898.78,0,27,71.24,High Risk,Yes,2024-10-28
CUST-04034,Kolkata,Two year,44,35,68.15,2524.05,5,35,29.39,Low Risk,No,2025-02-27
CUST-04035,Delhi,Month-to-month,31,20,76.74,1498.42,0,26,70.53,High Risk,Yes,2022-10-16
CUST-04036,Kolkata,One year,38,19,66.62,1221.94,3,17,66.5,Medium Risk,Yes,2025-01-28
CUST-04037,Kolkata,Month-to-month,43,40,49.03,1877.39,2,50,17.27,Low Risk,No,2022-08-12
CUST-04038,Hyderabad,Two year,29,32,123.75,4006.87,0,31,47.89,Medium Risk,Yes,2022-06-07
CUST-04039,Pune,One year,29,25,84.75,2239.54,1,27,45.71,Medium Risk,Yes,2021-01-10
CUST-04040,Bengaluru,Month-to-month,52,12,77.58,916.97,2,14,77.22,High Risk,Yes,2025-01-28
CUST-04041,Chennai,Month-to-month,45,16,89.65,1377.6,1,18,87.58,High Risk,Yes,2026-05-03
CUST-04042,Delhi,Month-to-month,43,18,70.29,1249.2,2,34,75.93,High Risk,Yes,2024-08-27
CUST-04043,Bengaluru,Two year,43,7,98.1,731.18,1,7,90.92,High Risk,Yes,2022-05-29
CUST-04044,Pune,Month-to-month,40,14,66.19,902.13,0,20,70.61,High Risk,Yes,2025-03-17
CUST-04045,Mumbai,Month-to-month,55,20,65.04,1333.22,0,32,68.37,Medium Risk,No,2022-07-13
CUST-04046,Mumbai,Month-to-month,35,28,79.65,2169.45,1,43,48.73,Medium Risk,No,2024-01-20
CUST-04047,Mumbai,Month-to-month,41,27,107.64,2987.54,3,42,89.75,High Risk,No,2025-06-07
CUST-04048,Bengaluru,One year,20,5,105.45,559.39,6,8,96.11,High Risk,Yes,2021-10-01
CUST-04049,Chennai,Two year,27,15,78.58,1197.29,1,30,63.92,Medium Risk,No,2024-08-07
CUST-04050,Delhi,Month-to-month,23,11,76.68,903.87,2,18,83.72,High Risk,No,2024-11-01
CUST-04051,Kolkata,One year,48,4,81.22,330.16,0,6,87.74,High Risk,Yes,2025-10-03
CUST-04052,Pune,Month-to-month,18,18,89.1,1725.66,2,26,75.13,High Risk,Yes,2023-12-22
CUST-04053,Chennai,Month-to-month,31,14,98.49,1428.22,2,22,93.31,High Risk,Yes,2022-06-21
CUST-04054,Bengaluru,Month-to-month,18,20,60.26,1234.66,3,26,70.03,High Risk,No,2024-05-22
CUST-04055,Hyderabad,One year,27,28,99.1,2921.24,2,30,66.95,Medium Risk,Yes,2023-08-31
CUST-04056,Jaipur,Two year,30,25,72.54,1671.64,0,28,52.87,Medium Risk,Yes,2025-07-01
CUST-04057,Chennai,Two year,49,57,80.05,4385.63,1,65,19.6,Low Risk,No,2021-06-06
CUST-04058,Jaipur,Month-to-month,39,22,101.15,2124.21,3,28,78.89,High Risk,Yes,2026-03-22
CUST-04059,Chennai,Month-to-month,27,45,82.55,3483.48,0,58,26.67,Low Risk,No,2022-04-15
CUST-04060,Kolkata,Month-to-month,46,9,87.14,839.19,2,11,88.66,High Risk,Yes,2025-06-04
CUST-04061,Delhi,Two year,35,24,57.38,1295.82,1,31,50.66,Medium Risk,No,2025-03-11
CUST-04062,Delhi,Two year,35,12,104.99,1212.07,3,24,92.31,High Risk,Yes,2022-10-21
CUST-04063,Hyderabad,One year,23,16,81.21,1265.09,2,18,67.7,Medium Risk,Yes,2022-12-13
CUST-04064,Delhi,Month-to-month,25,33,67.68,2277.98,4,32,43.8,Medium Risk,No,2022-12-17
CUST-04065,Chennai,Month-to-month,27,16,92.46,1542.67,0,21,90.41,High Risk,Yes,2026-03-24
CUST-04066,Jaipur,Month-to-month,35,36,148.78,5445.78,3,64,93.46,High Risk,Yes,2025-09-26
CUST-04067,Jaipur,Month-to-month,36,12,44.72,558.02,2,21,70.67,High Risk,Yes,2024-09-10
CUST-04068,Kolkata,Month-to-month,50,8,50.26,395.78,0,15,84.0,High Risk,No,2025-10-08
CUST-04069,Pune,Month-to-month,39,22,153.5,3644.88,0,23,97.0,High Risk,Yes,2021-07-27
CUST-04070,Chennai,Month-to-month,18,23,74.51,1623.27,1,29,72.25,High Risk,Yes,2023-01-25
CUST-04071,Mumbai,Two year,38,15,69.09,1019.73,3,29,69.71,Medium Risk,Yes,2024-01-27
CUST-04072,Pune,One year,20,29,62.64,1913.11,3,34,18.21,Low Risk,Yes,2023-01-16
CUST-04073,Pune,Month-to-month,25,3,95.69,275.44,1,4,95.67,High Risk,Yes,2023-10-31
CUST-04074,Pune,Month-to-month,27,9,149.9,1403.25,2,12,97.0,High Risk,Yes,2025-10-02
CUST-04075,Pune,Month-to-month,28,26,52.54,1336.38,0,49,44.48,Medium Risk,No,2025-07-02
CUST-04076,Bengaluru,One year,21,17,63.02,1016.08,1,20,37.58,Low Risk,No,2025-12-22
CUST-04077,Mumbai,One year,37,12,58.1,686.42,3,21,73.59,High Risk,No,2024-02-13
CUST-04078,Delhi,One year,21,21,82.18,1804.42,2,17,65.84,Medium Risk,Yes,2025-04-12
CUST-04079,Hyderabad,One year,39,35,96.12,3155.33,2,57,55.07,Medium Risk,Yes,2022-03-21
CUST-04080,Delhi,Month-to-month,57,24,109.19,2627.31,1,22,90.81,High Risk,Yes,2025-03-26
CUST-04081,Hyderabad,Month-to-month,22,31,83.07,2674.62,1,32,55.34,Medium Risk,Yes,2023-07-21
CUST-04082,Delhi,Month-to-month,32,25,145.56,3785.48,3,38,95.92,High Risk,Yes,2025-04-24
CUST-04083,Pune,Month-to-month,18,40,54.08,2124.98,1,47,23.1,Low Risk,No,2024-11-15
CUST-04084,Hyderabad,One year,32,14,49.77,693.04,1,24,55.41,Medium Risk,Yes,2023-02-22
CUST-04085,Delhi,Month-to-month,41,36,104.02,3958.48,1,66,72.67,High Risk,Yes,2024-10-25
CUST-04086,Jaipur,Month-to-month,42,5,67.61,322.28,5,8,91.85,High Risk,Yes,2022-10-15
CUST-04087,Jaipur,Month-to-month,36,8,41.85,361.19,1,11,69.81,Medium Risk,No,2022-06-29
CUST-04088,Pune,Two year,44,28,58.75,1623.74,2,41,34.51,Low Risk,No,2024-10-10
CUST-04089,Chennai,Month-to-month,60,7,70.54,476.04,2,14,83.32,High Risk,Yes,2023-08-20
CUST-04090,Jaipur,One year,52,16,52.86,778.45,3,26,46.0,Medium Risk,Yes,2021-04-14
CUST-04091,Hyderabad,Month-to-month,30,40,46.98,1766.45,0,51,12.92,Low Risk,No,2025-03-27
CUST-04092,Mumbai,Month-to-month,20,9,60.82,569.85,4,17,70.94,High Risk,No,2024-11-29
CUST-04093,Bengaluru,Month-to-month,31,33,46.23,1562.02,5,31,30.82,Low Risk,Yes,2023-09-01
CUST-04094,Kolkata,One year,26,15,79.65,1146.29,3,12,69.62,Medium Risk,Yes,2025-10-19
CUST-04095,Mumbai,Month-to-month,40,8,34.9,298.28,4,12,70.52,High Risk,No,2025-08-14
CUST-04096,Bengaluru,Two year,23,19,66.91,1339.57,0,31,51.9,Medium Risk,Yes,2022-07-10
CUST-04097,Jaipur,Month-to-month,34,38,76.76,2809.2,4,46,30.23,Low Risk,Yes,2026-06-08
CUST-04098,Jaipur,Month-to-month,43,7,63.14,429.96,3,13,88.48,High Risk,Yes,2022-08-05
CUST-04099,Delhi,Two year,34,7,92.22,612.98,1,9,87.83,High Risk,Yes,2023-07-21
CUST-04100,Jaipur,Month-to-month,26,28,41.92,1200.53,3,35,16.87,Low Risk,No,2022-01-13
CUST-04101,Pune,One year,47,13,51.94,696.95,2,25,55.97,Medium Risk,Yes,2022-03-22
CUST-04102,Mumbai,One year,18,57,58.49,3278.39,2,71,4.0,Low Risk,Yes,2025-11-12
CUST-04103,Bengaluru,Month-to-month,32,23,81.65,1949.21,2,19,70.98,High Risk,Yes,2024-05-18
CUST-04104,Delhi,One year,35,35,69.71,2631.75,2,57,25.38,Low Risk,No,2021-08-29
CUST-04105,Delhi,Month-to-month,35,23,129.06,3021.55,2,32,94.43,High Risk,Yes,2024-04-08
CUST-04106,Pune,Month-to-month,37,7,50.23,360.01,1,13,73.51,High Risk,Yes,2024-10-12
CUST-04107,Kolkata,Month-to-month,41,10,41.6,407.6,1,18,63.89,Medium Risk,No,2023-08-23
CUST-04108,Jaipur,One year,35,11,115.23,1168.27,1,15,89.68,High Risk,Yes,2024-12-30
CUST-04109,Chennai,Month-to-month,31,26,41.12,1146.77,1,37,27.46,Low Risk,No,2023-06-16
CUST-04110,Bengaluru,One year,31,19,80.88,1603.68,2,26,81.43,High Risk,Yes,2022-02-18
CUST-04111,Bengaluru,Two year,29,4,47.52,196.03,4,5,75.31,High Risk,Yes,2024-02-27
CUST-04112,Bengaluru,Month-to-month,43,29,33.52,898.95,1,48,24.87,Low Risk,No,2022-03-08
CUST-04113,Jaipur,Month-to-month,29,64,57.65,3842.5,3,95,3.16,Low Risk,No,2022-02-02
CUST-04114,Jaipur,Month-to-month,43,8,86.68,712.31,2,13,91.97,High Risk,Yes,2023-01-02
CUST-04115,Pune,Month-to-month,35,9,43.97,400.09,0,14,64.44,Medium Risk,Yes,2023-07-16
CUST-04116,Mumbai,Month-to-month,30,12,78.16,956.47,1,12,88.4,High Risk,Yes,2022-12-03
CUST-04117,Kolkata,One year,41,17,82.97,1504.91,0,26,79.49,High Risk,Yes,2021-03-28
CUST-04118,Mumbai,Two year,28,9,43.27,358.69,4,18,57.57,Medium Risk,No,2024-06-11
CUST-04119,Delhi,Two year,41,40,60.43,2284.53,3,66,18.04,Low Risk,No,2023-07-16
CUST-04120,Hyderabad,Two year,37,49,107.67,5609.06,2,63,31.29,Low Risk,No,2022-01-12
CUST-04121,Delhi,Two year,29,21,80.04,1548.58,2,29,70.22,High Risk,Yes,2022-10-09
CUST-04122,Bengaluru,Month-to-month,40,18,59.78,1145.53,3,15,73.47,High Risk,No,2024-11-28
CUST-04123,Hyderabad,One year,40,5,74.24,343.26,0,8,82.85,High Risk,Yes,2021-03-25
CUST-04124,Kolkata,Two year,47,8,52.2,436.26,2,14,76.83,High Risk,Yes,2024-12-09
CUST-04125,Hyderabad,Month-to-month,45,3,92.83,295.91,1,8,96.52,High Risk,Yes,2023-02-16
CUST-04126,Pune,Two year,40,12,92.82,1133.89,0,13,80.39,High Risk,Yes,2021-09-24
CUST-04127,Pune,Month-to-month,24,14,67.56,967.24,1,23,75.31,High Risk,Yes,2023-10-27
CUST-04128,Kolkata,One year,59,28,69.98,1818.54,2,21,46.0,Medium Risk,Yes,2024-12-21
CUST-04129,Delhi,One year,21,21,47.22,945.75,4,37,30.67,Low Risk,No,2023-12-19
CUST-04130,Jaipur,Two year,44,11,42.17,493.52,2,19,52.85,Medium Risk,No,2025-07-04
CUST-04131,Delhi,Month-to-month,39,29,57.62,1757.53,2,30,53.6,Medium Risk,No,2021-01-18
CUST-04132,Delhi,One year,23,70,63.21,4112.88,2,98,3.0,Low Risk,No,2023-06-14
CUST-04133,Pune,Month-to-month,34,30,91.33,2877.11,4,42,79.54,High Risk,No,2025-12-26
CUST-04134,Pune,Month-to-month,34,13,87.32,1121.26,2,21,91.55,High Risk,Yes,2023-06-16
CUST-04135,Pune,One year,48,22,68.96,1531.86,2,35,58.58,Medium Risk,Yes,2022-01-09
CUST-04136,Jaipur,One year,28,9,95.14,802.61,1,19,85.87,High Risk,Yes,2021-02-13
CUST-04137,Hyderabad,One year,32,8,48.06,378.24,3,13,70.25,High Risk,Yes,2024-03-30
CUST-04138,Mumbai,Month-to-month,18,51,91.76,4631.02,4,45,18.9,Low Risk,Yes,2021-11-19
CUST-04139,Pune,Month-to-month,52,23,50.47,1192.29,2,32,46.41,Medium Risk,Yes,2021-02-07
CUST-04140,Bengaluru,One year,24,35,96.65,3468.01,1,54,56.29,Medium Risk,No,2021-08-25
CUST-04141,Mumbai,Month-to-month,38,16,64.72,1043.62,1,19,68.8,Medium Risk,Yes,2022-09-05
CUST-04142,Jaipur,Month-to-month,34,8,34.29,253.75,3,9,72.09,High Risk,Yes,2022-11-12
CUST-04143,Jaipur,Two year,34,7,82.11,543.64,2,13,85.17,High Risk,Yes,2024-07-19
CUST-04144,Chennai,Month-to-month,43,10,84.22,796.42,0,19,90.99,High Risk,No,2024-08-10
CUST-04145,Kolkata,One year,52,24,56.16,1431.46,5,23,36.34,Low Risk,No,2021-03-04
CUST-04146,Pune,Month-to-month,38,6,57.72,368.58,4,13,91.12,High Risk,No,2024-06-04
CUST-04147,Jaipur,Month-to-month,42,19,61.76,1230.99,1,17,56.06,Medium Risk,Yes,2021-12-12
CUST-04148,Mumbai,Month-to-month,38,27,35.1,898.4,3,26,21.37,Low Risk,No,2023-01-10
CUST-04149,Hyderabad,Month-to-month,45,8,30.5,257.28,0,12,69.09,Medium Risk,Yes,2026-02-20
CUST-04150,Hyderabad,Month-to-month,30,70,98.58,6555.67,0,119,7.4,Low Risk,No,2023-09-06
CUST-04151,Jaipur,Month-to-month,46,33,49.93,1662.09,1,48,26.29,Low Risk,No,2024-07-12
CUST-04152,Jaipur,Month-to-month,46,17,117.69,2075.6,3,23,97.0,High Risk,Yes,2022-02-15
CUST-04153,Hyderabad,Month-to-month,46,11,100.78,1029.04,1,11,95.35,High Risk,No,2022-02-19
CUST-04154,Mumbai,Month-to-month,28,23,107.33,2507.27,0,36,82.59,High Risk,Yes,2024-03-12
CUST-04155,Delhi,Month-to-month,33,23,52.79,1165.82,6,34,59.44,Medium Risk,Yes,2024-06-01
CUST-04156,Jaipur,Month-to-month,37,20,38.85,776.73,1,39,51.95,Medium Risk,No,2023-07-14
CUST-04157,Bengaluru,Two year,21,24,45.91,1081.37,1,40,19.45,Low Risk,No,2025-12-06
CUST-04158,Chennai,One year,51,9,56.35,522.29,1,8,79.43,High Risk,Yes,2023-03-23
CUST-04159,Kolkata,One year,35,29,30.42,880.65,0,48,10.06,Low Risk,No,2021-04-11
CUST-04160,Bengaluru,Month-to-month,38,6,55.83,324.35,1,8,76.39,High Risk,No,2021-07-28
CUST-04161,Bengaluru,Two year,29,3,60.94,194.82,3,8,87.04,High Risk,Yes,2021-08-29
CUST-04162,Jaipur,One year,22,27,42.96,1245.11,0,19,22.03,Low Risk,No,2025-01-07
CUST-04163,Bengaluru,One year,29,24,46.59,1172.17,0,27,15.16,Low Risk,No,2024-09-19
CUST-04164,Mumbai,Month-to-month,37,19,60.57,1165.7,2,26,65.11,Medium Risk,Yes,2023-11-29
CUST-04165,Pune,Two year,42,12,72.85,927.97,1,11,66.7,Medium Risk,No,2022-11-22
CUST-04166,Mumbai,Two year,37,14,48.88,695.45,0,18,54.96,Medium Risk,No,2025-04-25
CUST-04167,Delhi,Two year,38,9,71.37,606.24,1,11,86.7,High Risk,Yes,2023-01-28
CUST-04168,Jaipur,Month-to-month,32,22,67.91,1378.66,1,29,67.22,Medium Risk,Yes,2023-12-23
CUST-04169,Mumbai,Month-to-month,40,3,65.98,205.09,3,8,88.69,High Risk,Yes,2025-07-28
CUST-04170,Jaipur,Month-to-month,50,4,52.76,219.57,1,8,87.8,High Risk,Yes,2023-11-28
CUST-04171,Delhi,Month-to-month,42,9,42.42,407.79,4,15,74.76,High Risk,Yes,2022-02-20
CUST-04172,Kolkata,Two year,43,21,111.86,2470.92,2,36,86.16,High Risk,No,2024-07-09
CUST-04173,Mumbai,Month-to-month,38,18,79.53,1463.51,5,17,82.9,High Risk,No,2021-04-25
CUST-04174,Bengaluru,Month-to-month,20,42,89.68,3579.92,2,44,41.66,Medium Risk,Yes,2021-11-06
CUST-04175,Chennai,Month-to-month,25,16,63.28,1027.72,4,26,74.81,High Risk,Yes,2025-05-06
CUST-04176,Kolkata,Month-to-month,40,31,61.68,1892.1,4,35,28.21,Low Risk,Yes,2024-02-15
CUST-04177,Bengaluru,Month-to-month,35,20,76.05,1455.81,4,25,79.2,High Risk,Yes,2023-01-06
CUST-04178,Chennai,One year,39,3,36.14,113.61,2,9,63.54,Medium Risk,Yes,2024-01-27
CUST-04179,Mumbai,One year,52,8,45.5,343.59,2,13,68.22,Medium Risk,Yes,2024-03-31
CUST-04180,Mumbai,Month-to-month,42,9,50.36,462.69,0,11,56.16,Medium Risk,Yes,2021-11-28
CUST-04181,Mumbai,Month-to-month,48,11,56.2,629.15,1,20,79.5,High Risk,Yes,2022-01-28
CUST-04182,Pune,Month-to-month,36,14,49.05,665.12,4,11,70.66,High Risk,Yes,2026-04-09
CUST-04183,Pune,Month-to-month,27,36,72.3,2573.33,3,48,46.26,Medium Risk,Yes,2023-04-29
CUST-04184,Mumbai,One year,34,16,66.72,1002.03,1,16,46.94,Medium Risk,No,2024-05-28
CUST-04185,Jaipur,One year,27,12,101.5,1125.54,1,13,82.41,High Risk,No,2022-01-05
CUST-04186,Pune,One year,51,32,143.45,4232.73,3,25,82.78,High Risk,Yes,2022-07-27
CUST-04187,Jaipur,One year,43,32,43.39,1316.13,3,58,20.16,Low Risk,No,2024-05-22
CUST-04188,Bengaluru,Month-to-month,40,2,68.14,144.28,1,5,89.67,High Risk,Yes,2023-06-21
CUST-04189,Hyderabad,Two year,47,18,68.1,1230.23,1,26,60.13,Medium Risk,Yes,2022-11-21
CUST-04190,Hyderabad,One year,18,39,64.71,2369.09,1,37,10.1,Low Risk,No,2023-11-22
CUST-04191,Hyderabad,Two year,41,16,45.94,782.73,2,20,36.55,Low Risk,No,2022-02-07
CUST-04192,Chennai,Month-to-month,22,8,48.47,392.03,0,14,47.68,Medium Risk,No,2024-10-27
CUST-04193,Bengaluru,Two year,35,31,70.2,2011.81,5,37,32.6,Low Risk,Yes,2025-05-13
CUST-04194,Hyderabad,One year,32,7,48.03,350.34,2,11,59.87,Medium Risk,Yes,2023-12-08
CUST-04195,Pune,Two year,42,20,68.4,1362.19,3,35,56.34,Medium Risk,No,2025-07-03
CUST-04196,Delhi,Month-to-month,37,16,60.08,966.33,1,16,68.3,Medium Risk,Yes,2021-09-30
CUST-04197,Jaipur,One year,48,5,68.01,346.21,0,8,84.94,High Risk,Yes,2021-11-12
CUST-04198,Delhi,Two year,29,35,47.91,1568.04,3,60,13.1,Low Risk,No,2024-03-07
CUST-04199,Mumbai,One year,42,23,68.36,1684.92,0,43,51.95,Medium Risk,Yes,2023-10-16
CUST-04200,Pune,One year,37,42,49.03,1978.67,1,51,11.41,Low Risk,No,2022-12-20
CUST-04201,Chennai,Two year,19,18,68.43,1255.75,3,22,69.98,Medium Risk,Yes,2023-12-10
CUST-04202,Delhi,Month-to-month,26,9,99.78,949.11,2,12,95.22,High Risk,Yes,2024-10-14
CUST-04203,Jaipur,One year,34,5,70.66,343.8,1,8,82.58,High Risk,Yes,2025-04-23
CUST-04204,Kolkata,Month-to-month,46,33,72.05,2426.17,1,38,37.45,Low Risk,No,2022-09-16
CUST-04205,Jaipur,Two year,40,8,84.43,728.27,4,18,90.38,High Risk,No,2023-09-08
CUST-04206,Bengaluru,Month-to-month,23,70,41.48,3067.04,7,64,3.0,Low Risk,No,2025-08-31
CUST-04207,Bengaluru,Month-to-month,34,52,112.67,6120.65,1,58,53.24,Medium Risk,No,2025-07-25
CUST-04208,Bengaluru,One year,55,19,46.37,872.47,1,30,42.58,Medium Risk,No,2023-01-04
CUST-04209,Jaipur,One year,36,15,86.13,1281.88,0,20,75.07,High Risk,No,2024-09-20
CUST-04210,Jaipur,One year,32,10,82.55,823.59,3,16,90.37,High Risk,Yes,2021-12-13
CUST-04211,Jaipur,Two year,40,11,48.7,552.02,0,19,50.26,Medium Risk,No,2023-11-21
CUST-04212,Bengaluru,Two year,43,62,89.77,5249.02,1,79,7.65,Low Risk,No,2023-02-23
CUST-04213,Bengaluru,Month-to-month,30,13,76.22,1048.1,4,26,93.09,High Risk,Yes,2023-11-18
CUST-04214,Delhi,Month-to-month,40,25,119.01,2745.84,2,22,91.57,High Risk,Yes,2022-03-05
CUST-04215,Pune,Month-to-month,32,26,69.15,1702.97,2,23,67.77,Medium Risk,Yes,2026-03-11
CUST-04216,Chennai,Month-to-month,42,34,62.78,2128.31,5,59,59.47,Medium Risk,Yes,2024-04-03
CUST-04217,Jaipur,Month-to-month,37,23,55.13,1217.7,4,21,53.54,Medium Risk,Yes,2024-12-21
CUST-04218,Bengaluru,Two year,40,18,37.21,655.38,0,31,37.98,Low Risk,No,2024-09-14
CUST-04219,Pune,Two year,27,10,58.71,571.37,1,15,62.17,Medium Risk,No,2024-01-02
CUST-04220,Delhi,Month-to-month,27,25,59.51,1432.75,0,31,63.52,Medium Risk,Yes,2023-08-30
CUST-04221,Mumbai,Month-to-month,44,22,70.69,1525.39,1,33,77.77,High Risk,No,2023-07-13
CUST-04222,Pune,One year,34,13,41.22,536.31,1,24,51.64,Medium Risk,No,2023-04-19
CUST-04223,Chennai,Month-to-month,38,24,60.21,1439.57,4,45,69.52,Medium Risk,Yes,2021-11-12
CUST-04224,Chennai,Month-to-month,32,17,78.16,1395.03,2,19,76.28,High Risk,Yes,2023-04-12
CUST-04225,Bengaluru,Two year,44,22,80.68,1720.47,3,35,79.91,High Risk,No,2023-04-08
CUST-04226,Hyderabad,Two year,29,29,35.85,1003.37,5,32,15.58,Low Risk,Yes,2021-04-09
CUST-04227,Mumbai,Month-to-month,34,20,81.49,1630.96,2,34,81.02,High Risk,No,2023-11-26
CUST-04228,Pune,Two year,43,30,60.07,1671.75,1,30,24.46,Low Risk,No,2026-05-21
CUST-04229,Bengaluru,Month-to-month,47,20,61.26,1149.1,1,24,71.06,High Risk,Yes,2022-11-09
CUST-04230,Delhi,One year,30,34,30.5,1087.29,2,35,16.05,Low Risk,No,2021-07-12
CUST-04231,Hyderabad,Month-to-month,55,14,104.83,1466.14,2,15,95.26,High Risk,Yes,2023-11-24
CUST-04232,Bengaluru,Month-to-month,38,8,68.78,512.08,1,14,86.98,High Risk,Yes,2022-10-24
CUST-04233,Mumbai,Two year,25,21,39.82,828.24,2,23,28.06,Low Risk,Yes,2021-04-04
CUST-04234,Kolkata,Month-to-month,39,48,73.29,3460.66,0,70,18.67,Low Risk,No,2023-10-14
CUST-04235,Jaipur,One year,31,32,72.57,2227.91,4,40,37.7,Low Risk,No,2026-06-27
CUST-04236,Mumbai,Month-to-month,39,48,96.12,4519.35,2,39,52.81,Medium Risk,No,2022-11-22
CUST-04237,Jaipur,Month-to-month,35,13,58.87,727.15,3,17,81.43,High Risk,No,2025-10-02
CUST-04238,Hyderabad,Month-to-month,36,18,65.25,1164.93,2,30,68.59,Medium Risk,Yes,2026-01-11
CUST-04239,Hyderabad,Month-to-month,26,9,52.92,469.31,2,16,75.95,High Risk,No,2021-11-23
CUST-04240,Mumbai,One year,45,7,78.71,560.45,1,10,94.27,High Risk,Yes,2023-02-09
CUST-04241,Pune,Month-to-month,23,44,50.59,2383.42,3,37,15.19,Low Risk,No,2026-06-01
CUST-04242,Mumbai,One year,24,41,48.84,1901.67,1,38,13.63,Low Risk,No,2025-06-18
CUST-04243,Hyderabad,One year,39,27,63.6,1694.52,2,44,34.75,Low Risk,Yes,2022-01-31
CUST-04244,Bengaluru,One year,51,13,43.91,576.51,2,19,58.01,Medium Risk,Yes,2026-03-07
CUST-04245,Mumbai,Month-to-month,31,29,108.53,3171.03,1,30,76.23,High Risk,Yes,2023-05-20
CUST-04246,Kolkata,Two year,42,39,120.44,4818.41,0,47,55.97,Medium Risk,Yes,2025-12-24
CUST-04247,Delhi,Month-to-month,46,51,56.22,2760.76,2,82,14.0,Low Risk,No,2024-01-27
CUST-04248,Jaipur,Month-to-month,43,6,41.71,255.65,2,9,69.15,Medium Risk,Yes,2023-07-23
CUST-04249,Bengaluru,Month-to-month,32,15,72.39,1033.93,4,27,76.13,High Risk,Yes,2026-02-10
CUST-04250,Kolkata,Month-to-month,24,14,55.71,733.2,4,15,77.68,High Risk,No,2025-03-09
CUST-04251,Mumbai,Month-to-month,18,16,94.66,1594.93,1,26,84.42,High Risk,Yes,2024-11-28
CUST-04252,Jaipur,One year,32,26,50.53,1308.26,3,33,29.57,Low Risk,No,2022-04-23
CUST-04253,Mumbai,Month-to-month,47,3,77.37,228.3,1,4,87.52,High Risk,Yes,2026-05-17
CUST-04254,Bengaluru,Month-to-month,24,13,67.41,936.41,1,18,67.56,Medium Risk,Yes,2024-08-04
CUST-04255,Delhi,One year,42,14,52.35,757.5,2,21,59.17,Medium Risk,No,2025-10-20
CUST-04256,Pune,Month-to-month,25,20,70.19,1443.58,2,24,67.54,Medium Risk,Yes,2024-03-20
CUST-04257,Kolkata,Month-to-month,36,21,86.1,1719.65,5,21,88.56,High Risk,No,2025-04-26
CUST-04258,Bengaluru,Month-to-month,42,16,66.83,1019.54,2,30,70.29,High Risk,No,2024-01-17
CUST-04259,Mumbai,One year,28,58,67.06,3878.96,1,99,4.05,Low Risk,No,2023-10-23
CUST-04260,Mumbai,Month-to-month,37,17,49.16,856.09,1,25,58.21,Medium Risk,Yes,2021-03-03
CUST-04261,Jaipur,Month-to-month,31,26,93.74,2396.4,3,23,77.66,High Risk,No,2025-11-04
CUST-04262,Chennai,Month-to-month,42,28,90.8,2365.12,3,25,79.57,High Risk,Yes,2023-01-06
CUST-04263,Mumbai,One year,37,9,57.0,528.02,2,18,60.9,Medium Risk,No,2022-09-24
CUST-04264,Mumbai,One year,36,10,62.47,652.06,1,18,73.45,High Risk,No,2022-07-19
CUST-04265,Pune,One year,51,29,102.2,3174.49,2,28,78.87,High Risk,Yes,2023-12-17
CUST-04266,Mumbai,Month-to-month,42,41,45.22,1826.96,4,62,14.44,Low Risk,Yes,2022-07-14
CUST-04267,Pune,Month-to-month,28,51,78.87,3866.65,2,74,21.36,Low Risk,Yes,2024-05-15
CUST-04268,Jaipur,Month-to-month,34,10,54.36,580.64,3,12,80.24,High Risk,Yes,2022-10-08
CUST-04269,Chennai,Month-to-month,34,35,114.82,4157.03,1,45,79.44,High Risk,Yes,2023-07-01
CUST-04270,Kolkata,Month-to-month,36,19,66.33,1172.35,2,27,70.3,High Risk,Yes,2026-04-15
CUST-04271,Pune,Month-to-month,60,41,97.29,4039.97,2,35,70.14,High Risk,No,2022-09-13
CUST-04272,Kolkata,Month-to-month,39,24,50.95,1130.56,4,25,70.76,High Risk,No,2021-10-29
CUST-04273,Delhi,One year,18,27,43.59,1125.43,0,20,21.14,Low Risk,No,2024-01-02
CUST-04274,Bengaluru,Month-to-month,30,46,60.31,2583.81,3,81,18.85,Low Risk,No,2021-02-26
CUST-04275,Pune,One year,18,48,70.7,3233.36,2,68,10.77,Low Risk,No,2026-06-10
CUST-04276,Bengaluru,Month-to-month,32,21,55.2,1157.33,3,31,47.21,Medium Risk,No,2021-09-20
CUST-04277,Mumbai,Month-to-month,18,5,82.85,400.92,2,8,87.61,High Risk,Yes,2026-01-18
CUST-04278,Mumbai,Month-to-month,26,11,60.78,624.51,3,22,71.76,High Risk,Yes,2024-12-30
CUST-04279,Jaipur,Month-to-month,20,63,33.39,2097.53,1,60,3.0,Low Risk,No,2023-11-20
CUST-04280,Mumbai,Month-to-month,39,28,77.58,2244.7,3,26,63.93,Medium Risk,No,2025-05-10
CUST-04281,Delhi,Month-to-month,35,10,49.01,455.06,3,13,83.74,High Risk,Yes,2021-05-30
CUST-04282,Hyderabad,Two year,38,12,57.9,737.31,0,22,38.03,Low Risk,Yes,2025-12-01
CUST-04283,Delhi,One year,34,37,106.85,4050.27,2,43,56.57,Medium Risk,No,2023-10-26
CUST-04284,Jaipur,Month-to-month,21,57,114.63,6554.23,1,91,33.71,Low Risk,Yes,2026-04-26
CUST-04285,Bengaluru,Two year,40,19,54.07,1010.29,3,20,58.51,Medium Risk,Yes,2021-11-20
CUST-04286,Pune,One year,54,41,78.2,3151.46,1,53,27.07,Low Risk,No,2022-05-24
CUST-04287,Chennai,One year,39,34,54.47,1803.25,3,33,24.92,Low Risk,No,2021-12-26
CUST-04288,Bengaluru,Two year,31,24,59.3,1335.7,1,28,39.2,Low Risk,No,2024-03-01
CUST-04289,Mumbai,Month-to-month,21,30,53.55,1498.35,3,34,40.25,Medium Risk,No,2022-11-14
CUST-04290,Chennai,Month-to-month,26,23,37.43,834.56,1,32,32.8,Low Risk,No,2026-03-16
CUST-04291,Bengaluru,Month-to-month,40,42,67.01,2889.65,3,68,46.41,Medium Risk,No,2022-06-11
CUST-04292,Jaipur,Month-to-month,46,31,71.28,2134.87,2,58,58.15,Medium Risk,No,2024-11-04
CUST-04293,Bengaluru,Month-to-month,38,6,52.44,330.36,1,10,80.8,High Risk,Yes,2024-11-24
CUST-04294,Kolkata,One year,43,17,92.06,1535.04,3,26,78.88,High Risk,Yes,2024-06-11
CUST-04295,Mumbai,Two year,42,10,56.53,577.17,1,21,63.41,Medium Risk,Yes,2025-06-08
CUST-04296,Delhi,Two year,40,21,53.01,1101.08,2,22,56.29,Medium Risk,Yes,2022-11-29
CUST-04297,Delhi,Two year,28,16,76.93,1230.45,2,23,49.7,Medium Risk,No,2022-04-03
CUST-04298,Delhi,One year,37,12,39.68,457.13,1,18,46.85,Medium Risk,No,2021-10-16
CUST-04299,Mumbai,Two year,27,7,86.88,609.51,2,7,87.85,High Risk,Yes,2022-08-30
CUST-04300,Pune,Month-to-month,35,3,57.15,160.77,1,6,87.44,High Risk,Yes,2021-08-18
CUST-04301,Jaipur,Month-to-month,38,42,89.21,3678.94,5,43,54.51,Medium Risk,Yes,2021-08-24
CUST-04302,Kolkata,Month-to-month,52,42,98.16,4088.62,2,56,68.23,Medium Risk,Yes,2021-09-13
CUST-04303,Hyderabad,Two year,22,7,79.78,576.69,1,10,83.44,High Risk,Yes,2026-06-08
CUST-04304,Bengaluru,Month-to-month,40,24,50.13,1183.91,2,27,46.77,Medium Risk,Yes,2021-10-08
CUST-04305,Chennai,One year,50,4,43.56,178.85,4,7,80.84,High Risk,Yes,2024-08-09
CUST-04306,Jaipur,Month-to-month,43,11,41.08,428.35,2,13,77.53,High Risk,Yes,2023-11-08
CUST-04307,Bengaluru,Month-to-month,43,15,92.51,1282.24,1,15,91.25,High Risk,No,2024-07-28
CUST-04308,Pune,One year,41,12,62.26,747.83,3,14,78.19,High Risk,Yes,2022-01-11
CUST-04309,Chennai,Month-to-month,48,28,53.66,1496.2,2,50,42.03,Medium Risk,Yes,2022-02-03
CUST-04310,Hyderabad,Month-to-month,24,1,62.31,64.0,0,2,87.6,High Risk,Yes,2023-08-22
CUST-04311,Delhi,Month-to-month,21,10,91.85,891.1,0,13,93.85,High Risk,Yes,2022-07-01
CUST-04312,Kolkata,Month-to-month,35,33,83.39,2544.87,1,33,59.26,Medium Risk,No,2023-04-16
CUST-04313,Jaipur,One year,18,4,74.79,309.86,3,6,85.09,High Risk,Yes,2026-05-16
CUST-04314,Chennai,Month-to-month,47,11,79.72,938.97,1,18,88.29,High Risk,Yes,2024-02-23
CUST-04315,Kolkata,One year,47,36,68.86,2437.02,0,63,32.0,Low Risk,No,2021-09-13
CUST-04316,Delhi,Month-to-month,31,61,71.6,4445.26,0,86,8.89,Low Risk,No,2026-02-19
CUST-04317,Hyderabad,One year,31,42,69.76,2950.87,0,50,11.45,Low Risk,No,2023-11-02
CUST-04318,Jaipur,Month-to-month,34,15,65.0,985.3,2,20,77.93,High Risk,Yes,2022-08-29
CUST-04319,Mumbai,One year,36,61,82.72,5342.52,3,46,7.48,Low Risk,No,2026-03-12
CUST-04320,Bengaluru,One year,36,34,72.97,2574.8,1,25,30.39,Low Risk,No,2024-03-19
CUST-04321,Bengaluru,Month-to-month,41,7,49.04,358.1,2,11,85.45,High Risk,Yes,2022-02-24
CUST-04322,Kolkata,Two year,33,5,76.99,359.7,2,10,85.42,High Risk,Yes,2022-02-22
CUST-04323,Pune,One year,44,32,70.35,2123.95,1,27,29.6,Low Risk,Yes,2022-04-20
CUST-04324,Bengaluru,Month-to-month,39,17,79.05,1378.96,5,18,82.28,High Risk,No,2026-04-29
CUST-04325,Chennai,Month-to-month,29,7,62.87,442.94,3,11,84.86,High Risk,Yes,2022-02-27
CUST-04326,Kolkata,Two year,48,17,84.28,1495.64,3,28,74.71,High Risk,Yes,2026-06-19
CUST-04327,Jaipur,One year,21,38,63.74,2264.42,1,47,12.79,Low Risk,Yes,2025-05-14
CUST-04328,Kolkata,Month-to-month,34,12,81.94,993.74,2,20,84.19,High Risk,Yes,2023-08-30
CUST-04329,Jaipur,Month-to-month,45,11,56.17,616.49,2,17,72.09,High Risk,Yes,2025-10-15
CUST-04330,Chennai,One year,28,16,57.42,970.86,4,13,52.9,Medium Risk,Yes,2022-03-10
CUST-04331,Delhi,One year,38,18,78.81,1347.57,0,35,69.12,Medium Risk,Yes,2021-03-02
CUST-04332,Jaipur,One year,40,14,58.45,798.49,1,17,42.13,Medium Risk,Yes,2021-06-10
CUST-04333,Mumbai,Month-to-month,26,28,131.66,3480.32,2,28,89.23,High Risk,Yes,2022-01-26
CUST-04334,Pune,One year,34,30,77.92,2319.55,5,52,51.88,Medium Risk,Yes,2024-03-16
CUST-04335,Mumbai,Month-to-month,33,18,65.52,1251.33,2,17,78.62,High Risk,Yes,2023-09-11
CUST-04336,Jaipur,Month-to-month,29,11,84.5,954.83,2,15,88.45,High Risk,Yes,2023-10-02
CUST-04337,Pune,One year,58,13,55.73,752.81,1,24,61.8,Medium Risk,No,2025-08-11
CUST-04338,Kolkata,Two year,27,44,87.34,3592.91,1,62,22.44,Low Risk,No,2021-05-13
CUST-04339,Mumbai,Month-to-month,45,60,86.56,5153.73,3,62,8.9,Low Risk,No,2024-05-30
CUST-04340,Delhi,Month-to-month,31,6,97.08,614.04,1,11,95.88,High Risk,Yes,2022-09-19
CUST-04341,Mumbai,One year,24,8,56.45,475.98,3,14,75.18,High Risk,No,2025-12-04
CUST-04342,Jaipur,Month-to-month,36,13,43.95,615.96,1,15,67.86,Medium Risk,No,2024-11-28
CUST-04343,Chennai,Two year,41,45,53.47,2416.18,0,63,16.95,Low Risk,No,2025-09-07
CUST-04344,Chennai,One year,44,14,59.4,765.35,3,26,55.01,Medium Risk,Yes,2022-12-22
CUST-04345,Bengaluru,Month-to-month,51,28,110.82,3301.08,0,52,74.95,High Risk,Yes,2025-11-16
CUST-04346,Mumbai,Two year,64,17,131.21,2393.38,1,21,96.18,High Risk,Yes,2024-01-27
CUST-04347,Hyderabad,One year,38,13,72.58,1008.12,0,14,67.62,Medium Risk,Yes,2021-05-15
CUST-04348,Bengaluru,Two year,28,16,65.2,1088.59,2,24,52.63,Medium Risk,No,2022-04-04
CUST-04349,Chennai,One year,40,7,58.11,388.02,3,7,74.5,High Risk,Yes,2025-10-12
CUST-04350,Pune,Two year,32,30,84.63,2392.28,1,47,42.36,Medium Risk,No,2023-05-02
CUST-04351,Hyderabad,Month-to-month,44,11,130.94,1486.64,2,13,97.0,High Risk,Yes,2022-07-30
CUST-04352,Pune,Month-to-month,22,12,115.11,1301.85,1,21,97.0,High Risk,Yes,2024-09-07
CUST-04353,Mumbai,Two year,59,10,93.55,1003.35,1,12,82.78,High Risk,Yes,2023-02-14
CUST-04354,Kolkata,Month-to-month,44,49,93.12,4523.33,1,86,22.11,Low Risk,No,2021-04-01
CUST-04355,Bengaluru,Month-to-month,18,14,84.84,1098.6,4,15,84.84,High Risk,Yes,2025-12-12
CUST-04356,Pune,One year,28,22,64.02,1329.7,2,18,41.71,Medium Risk,No,2021-12-05
CUST-04357,Delhi,Two year,43,3,51.35,148.89,1,7,69.09,Medium Risk,No,2023-11-24
CUST-04358,Pune,Month-to-month,47,1,64.57,66.68,1,1,90.32,High Risk,Yes,2026-02-01
CUST-04359,Bengaluru,Two year,22,7,74.41,540.65,2,10,79.13,High Risk,Yes,2026-05-02
CUST-04360,Delhi,One year,42,36,40.82,1402.05,1,65,7.15,Low Risk,No,2025-09-26
CUST-04361,Jaipur,Month-to-month,18,21,61.9,1330.8,1,32,47.42,Medium Risk,No,2021-09-24
CUST-04362,Pune,Two year,34,52,49.9,2400.43,1,78,6.86,Low Risk,No,2021-07-17
CUST-04363,Hyderabad,Month-to-month,46,39,89.91,3283.68,3,31,52.4,Medium Risk,No,2026-05-30
CUST-04364,Bengaluru,Month-to-month,29,10,54.52,548.25,1,17,70.61,High Risk,Yes,2024-12-01
CUST-04365,Delhi,Month-to-month,20,17,72.2,1267.43,2,20,63.39,Medium Risk,Yes,2025-02-26
CUST-04366,Pune,Month-to-month,36,43,51.96,2382.41,2,52,13.71,Low Risk,No,2025-03-26
CUST-04367,Jaipur,Month-to-month,29,15,108.38,1609.51,2,26,95.23,High Risk,Yes,2025-02-13
CUST-04368,Mumbai,One year,41,30,37.72,1062.79,4,41,23.8,Low Risk,Yes,2025-10-13
CUST-04369,Delhi,One year,26,6,75.69,485.31,2,15,87.56,High Risk,No,2024-05-11
CUST-04370,Delhi,One year,27,24,43.19,1026.18,3,38,20.73,Low Risk,No,2026-04-28
CUST-04371,Delhi,One year,18,19,55.22,1048.76,4,29,38.46,Low Risk,Yes,2022-03-20
CUST-04372,Mumbai,Month-to-month,37,10,69.43,733.67,2,14,89.52,High Risk,Yes,2026-03-27
CUST-04373,Jaipur,Month-to-month,33,17,70.53,1215.47,1,24,79.34,High Risk,Yes,2025-06-16
CUST-04374,Mumbai,Two year,23,23,69.95,1557.74,4,17,52.88,Medium Risk,Yes,2022-09-13
CUST-04375,Bengaluru,Month-to-month,37,35,68.23,2403.63,2,29,47.54,Medium Risk,No,2021-01-12
CUST-04376,Bengaluru,Month-to-month,45,49,52.93,2645.38,2,39,7.63,Low Risk,No,2024-02-19
CUST-04377,Mumbai,One year,33,32,61.68,2096.86,2,60,19.57,Low Risk,No,2023-01-02
CUST-04378,Chennai,Month-to-month,38,41,65.66,2577.85,1,43,15.7,Low Risk,No,2026-03-26
CUST-04379,Delhi,Two year,38,9,69.19,628.63,1,17,78.7,High Risk,No,2022-06-01
CUST-04380,Bengaluru,Month-to-month,23,8,63.65,543.46,1,15,82.41,High Risk,Yes,2023-02-26
CUST-04381,Jaipur,Month-to-month,56,27,82.09,2055.24,5,40,74.33,High Risk,Yes,2021-11-24
CUST-04382,Jaipur,Month-to-month,30,7,66.97,445.88,1,9,81.03,High Risk,Yes,2021-08-24
CUST-04383,Bengaluru,One year,42,16,69.33,1082.0,1,19,81.74,High Risk,Yes,2022-07-03
CUST-04384,Bengaluru,Month-to-month,43,32,57.51,1892.87,3,58,38.37,Low Risk,Yes,2021-01-28
CUST-04385,Chennai,Month-to-month,34,45,46.41,2202.68,3,79,18.95,Low Risk,No,2021-10-27
CUST-04386,Bengaluru,Two year,41,24,68.28,1559.84,0,34,43.87,Medium Risk,No,2024-04-09
CUST-04387,Kolkata,Two year,37,8,95.66,734.27,1,16,88.33,High Risk,No,2021-07-16
CUST-04388,Jaipur,Month-to-month,21,19,74.92,1497.11,3,19,83.89,High Risk,Yes,2023-04-20
CUST-04389,Jaipur,Month-to-month,32,21,50.04,991.71,3,19,61.3,Medium Risk,No,2023-01-22
CUST-04390,Jaipur,Month-to-month,29,11,84.36,892.5,1,18,88.14,High Risk,Yes,2025-10-18
CUST-04391,Delhi,Two year,30,5,58.39,302.82,2,9,82.71,High Risk,Yes,2022-09-24
CUST-04392,Bengaluru,Two year,22,32,81.7,2474.75,1,35,61.27,Medium Risk,No,2024-07-23
CUST-04393,Pune,Month-to-month,46,16,57.76,972.66,2,21,65.27,Medium Risk,Yes,2024-10-10
CUST-04394,Jaipur,One year,51,29,72.78,2107.42,5,23,58.25,Medium Risk,Yes,2021-05-14
CUST-04395,Kolkata,Month-to-month,45,23,55.06,1255.76,0,43,46.08,Medium Risk,No,2021-11-21
CUST-04396,Chennai,Month-to-month,48,16,55.51,836.33,2,29,62.13,Medium Risk,Yes,2023-08-28
CUST-04397,Delhi,Month-to-month,32,15,39.38,607.68,3,17,48.73,Medium Risk,No,2023-06-04
CUST-04398,Jaipur,Month-to-month,29,18,76.57,1462.94,1,36,84.8,High Risk,Yes,2024-05-28
CUST-04399,Delhi,Month-to-month,27,27,73.17,2036.31,3,26,45.07,Medium Risk,Yes,2021-05-08
CUST-04400,Jaipur,Month-to-month,41,2,74.5,144.63,0,2,93.09,High Risk,Yes,2023-02-19
CUST-04401,Jaipur,One year,37,27,70.99,1977.7,2,24,38.43,Low Risk,No,2025-07-11
CUST-04402,Bengaluru,Month-to-month,34,25,50.93,1275.28,6,27,69.9,Medium Risk,Yes,2024-11-23
CUST-04403,Delhi,One year,48,32,88.54,2993.63,4,30,56.17,Medium Risk,Yes,2022-03-27
CUST-04404,Mumbai,Month-to-month,39,46,89.31,4081.74,1,48,31.24,Low Risk,No,2025-06-11
CUST-04405,Kolkata,Month-to-month,27,11,50.51,532.26,1,23,79.29,High Risk,No,2025-05-18
CUST-04406,Pune,Month-to-month,28,6,77.07,432.92,2,11,92.98,High Risk,Yes,2023-06-04
CUST-04407,Kolkata,Month-to-month,42,22,86.0,1825.72,3,27,84.23,High Risk,Yes,2022-05-15
CUST-04408,Delhi,Month-to-month,45,21,55.92,1186.26,1,34,64.2,Medium Risk,Yes,2023-07-21
CUST-04409,Mumbai,Month-to-month,41,15,59.13,840.13,3,23,66.77,Medium Risk,Yes,2023-10-28
CUST-04410,Bengaluru,Month-to-month,54,26,77.12,1857.47,5,48,80.3,High Risk,Yes,2024-07-04
CUST-04411,Jaipur,Month-to-month,51,12,40.09,477.14,0,17,58.85,Medium Risk,No,2024-09-13
CUST-04412,Jaipur,One year,39,16,45.88,716.16,4,26,55.07,Medium Risk,No,2021-08-07
CUST-04413,Pune,One year,27,27,47.35,1262.17,2,34,28.07,Low Risk,Yes,2023-08-03
CUST-04414,Pune,Month-to-month,22,15,36.58,544.67,1,14,37.64,Low Risk,Yes,2022-10-24
CUST-04415,Mumbai,Month-to-month,31,21,91.98,2013.81,4,27,88.03,High Risk,Yes,2024-08-24
CUST-04416,Bengaluru,Month-to-month,43,15,34.4,554.05,4,20,56.3,Medium Risk,Yes,2026-03-02
CUST-04417,Mumbai,One year,53,9,72.54,628.03,2,10,74.86,High Risk,Yes,2022-07-09
CUST-04418,Jaipur,Month-to-month,39,32,84.28,2887.86,4,49,64.55,Medium Risk,No,2021-10-22
CUST-04419,Mumbai,Month-to-month,47,30,59.17,1697.95,1,35,42.08,Medium Risk,Yes,2022-12-16
CUST-04420,Delhi,Month-to-month,33,29,52.48,1584.0,3,52,45.36,Medium Risk,No,2021-06-20
CUST-04421,Jaipur,Two year,41,17,70.03,1225.05,2,33,45.2,Medium Risk,No,2025-01-01
CUST-04422,Kolkata,Month-to-month,43,33,65.04,1992.55,1,44,43.44,Medium Risk,Yes,2025-08-12
CUST-04423,Pune,One year,18,34,89.61,3156.38,2,45,39.0,Low Risk,Yes,2024-02-15
CUST-04424,Hyderabad,Month-to-month,31,43,28.03,1282.65,2,50,9.22,Low Risk,No,2023-11-05
CUST-04425,Mumbai,Two year,44,17,48.44,880.16,2,23,47.91,Medium Risk,Yes,2026-02-27
CUST-04426,Mumbai,One year,38,21,77.8,1682.21,1,41,58.87,Medium Risk,Yes,2025-08-29
CUST-04427,Delhi,Month-to-month,23,9,66.06,621.8,6,9,87.33,High Risk,Yes,2024-11-03
CUST-04428,Jaipur,Two year,18,46,82.68,3542.55,2,56,19.77,Low Risk,No,2021-10-06
CUST-04429,Delhi,Month-to-month,31,15,70.69,1002.88,2,13,83.69,High Risk,Yes,2022-08-26
CUST-04430,Hyderabad,Two year,34,7,62.26,419.26,1,12,67.67,Medium Risk,Yes,2021-07-30
CUST-04431,Pune,Two year,26,44,59.01,2609.46,1,42,8.62,Low Risk,No,2023-01-19
CUST-04432,Bengaluru,Month-to-month,36,17,136.78,2282.94,1,28,97.0,High Risk,Yes,2024-09-21
CUST-04433,Bengaluru,One year,40,57,106.23,6207.35,2,64,17.82,Low Risk,No,2024-05-12
CUST-04434,Kolkata,Month-to-month,42,20,76.17,1510.16,0,38,75.16,High Risk,Yes,2026-01-17
CUST-04435,Jaipur,Month-to-month,18,11,66.65,765.41,3,21,73.94,High Risk,Yes,2023-03-02
CUST-04436,Delhi,Month-to-month,22,32,77.21,2555.15,2,53,35.83,Low Risk,No,2021-06-28
CUST-04437,Mumbai,One year,32,16,84.69,1408.65,4,22,73.76,High Risk,No,2026-06-14
CUST-04438,Hyderabad,Month-to-month,41,29,74.32,2268.68,3,26,55.23,Medium Risk,Yes,2024-10-25
CUST-04439,Kolkata,Month-to-month,40,12,51.11,646.12,1,23,76.96,High Risk,No,2024-06-25
CUST-04440,Delhi,One year,40,27,115.06,3245.57,1,44,85.17,High Risk,No,2023-12-06
CUST-04441,Chennai,Month-to-month,31,15,70.33,981.68,4,18,69.27,Medium Risk,Yes,2025-11-20
CUST-04442,Chennai,Month-to-month,32,31,123.82,3914.08,0,41,81.48,High Risk,No,2023-01-20
CUST-04443,Delhi,Month-to-month,28,18,69.01,1146.74,2,14,77.22,High Risk,Yes,2021-09-03
CUST-04444,Mumbai,Month-to-month,43,21,60.09,1311.11,2,31,62.09,Medium Risk,No,2021-04-04
CUST-04445,Mumbai,Month-to-month,26,16,101.22,1505.78,2,15,94.38,High Risk,Yes,2023-04-09
CUST-04446,Kolkata,Month-to-month,44,19,71.58,1465.17,1,27,77.89,High Risk,Yes,2022-02-04
CUST-04447,Delhi,Two year,37,31,67.84,2141.43,4,45,37.52,Low Risk,No,2024-10-25
CUST-04448,Hyderabad,One year,35,8,44.27,336.14,5,10,66.65,Medium Risk,Yes,2023-12-20
CUST-04449,Mumbai,Month-to-month,28,23,80.29,1837.3,1,41,69.64,Medium Risk,No,2022-02-20
CUST-04450,Hyderabad,Month-to-month,21,72,55.51,4205.62,3,116,3.0,Low Risk,No,2024-04-07
CUST-04451,Mumbai,Month-to-month,29,40,56.32,2137.46,2,53,27.12,Low Risk,No,2025-01-07
CUST-04452,Bengaluru,One year,32,17,55.56,950.08,2,30,58.24,Medium Risk,Yes,2024-11-29
CUST-04453,Chennai,Month-to-month,18,21,74.8,1446.04,3,38,75.11,High Risk,Yes,2021-09-11
CUST-04454,Chennai,Month-to-month,33,14,39.77,582.47,2,24,59.51,Medium Risk,No,2022-03-28
CUST-04455,Chennai,Two year,44,28,60.76,1618.15,3,26,30.47,Low Risk,No,2022-06-03
CUST-04456,Jaipur,Month-to-month,41,7,88.95,611.41,1,13,94.29,High Risk,Yes,2023-01-17
CUST-04457,Hyderabad,Month-to-month,30,15,43.63,657.62,1,28,56.64,Medium Risk,Yes,2021-11-22
CUST-04458,Jaipur,Two year,35,11,68.7,712.76,0,15,82.92,High Risk,Yes,2021-10-03
CUST-04459,Mumbai,One year,29,14,53.11,794.3,2,19,43.45,Medium Risk,No,2021-06-21
CUST-04460,Bengaluru,Month-to-month,36,22,57.12,1250.37,1,42,47.8,Medium Risk,Yes,2021-10-27
CUST-04461,Mumbai,One year,50,2,110.39,211.31,1,5,94.19,High Risk,Yes,2024-03-09
CUST-04462,Bengaluru,Month-to-month,45,16,38.33,636.35,2,11,52.68,Medium Risk,No,2023-12-19
CUST-04463,Kolkata,One year,40,13,83.05,1147.75,2,22,69.76,Medium Risk,Yes,2025-01-25
CUST-04464,Jaipur,Month-to-month,30,35,55.78,2081.21,1,30,35.55,Low Risk,No,2024-06-11
CUST-04465,Pune,One year,42,10,54.9,542.95,2,14,75.26,High Risk,Yes,2022-11-05
CUST-04466,Mumbai,Two year,18,23,45.54,1023.87,0,43,23.27,Low Risk,No,2021-09-01
CUST-04467,Jaipur,Two year,32,17,82.73,1503.0,2,26,66.34,Medium Risk,No,2026-01-10
CUST-04468,Delhi,Two year,41,37,61.14,2100.33,0,52,10.99,Low Risk,No,2025-06-05
CUST-04469,Kolkata,Month-to-month,42,34,58.72,2076.51,1,50,27.34,Low Risk,No,2024-08-12
CUST-04470,Chennai,Month-to-month,42,51,67.33,3256.65,2,54,18.06,Low Risk,Yes,2026-06-27
CUST-04471,Kolkata,Month-to-month,38,37,61.55,2264.78,1,51,23.26,Low Risk,No,2022-10-04
CUST-04472,Kolkata,One year,33,24,34.27,882.18,2,37,35.59,Low Risk,Yes,2022-12-02
CUST-04473,Delhi,Two year,40,32,55.55,1800.68,0,35,31.08,Low Risk,Yes,2022-06-17
CUST-04474,Mumbai,Month-to-month,25,16,86.57,1390.31,1,27,83.72,High Risk,No,2022-10-14
CUST-04475,Pune,Two year,27,21,40.14,783.84,0,22,22.32,Low Risk,No,2022-05-25
CUST-04476,Bengaluru,One year,36,22,45.86,972.98,1,21,27.33,Low Risk,No,2021-09-09
CUST-04477,Mumbai,Two year,37,10,56.7,521.92,1,9,77.02,High Risk,No,2026-06-20
CUST-04478,Mumbai,Two year,18,36,51.53,1966.39,2,44,11.52,Low Risk,No,2025-01-12
CUST-04479,Pune,Month-to-month,40,44,64.42,2900.17,0,79,24.13,Low Risk,No,2025-01-29
CUST-04480,Bengaluru,Month-to-month,43,17,45.81,731.18,0,20,53.77,Medium Risk,Yes,2025-06-02
CUST-04481,Delhi,Month-to-month,34,18,57.41,1010.81,3,18,72.46,High Risk,Yes,2021-08-11
CUST-04482,Bengaluru,Month-to-month,59,12,64.01,806.39,2,15,78.19,High Risk,Yes,2024-01-17
CUST-04483,Bengaluru,One year,28,8,80.0,603.17,2,11,82.42,High Risk,Yes,2024-03-09
CUST-04484,Bengaluru,One year,31,30,96.81,2778.96,4,27,65.71,Medium Risk,Yes,2021-11-04
CUST-04485,Delhi,Two year,31,8,59.78,481.41,2,10,67.63,Medium Risk,No,2025-10-19
CUST-04486,Hyderabad,One year,34,8,118.93,897.39,4,14,97.0,High Risk,Yes,2023-10-15
CUST-04487,Jaipur,Month-to-month,32,29,61.29,1744.05,1,47,35.97,Low Risk,No,2025-10-30
CUST-04488,Mumbai,Month-to-month,21,22,84.74,2008.09,2,37,71.69,High Risk,Yes,2022-06-10
CUST-04489,Hyderabad,Month-to-month,30,30,120.6,3643.38,4,53,92.66,High Risk,Yes,2023-07-03
CUST-04490,Bengaluru,Month-to-month,34,11,67.96,771.66,0,12,85.61,High Risk,Yes,2022-10-26
CUST-04491,Delhi,Month-to-month,47,55,41.88,2363.58,2,83,8.53,Low Risk,No,2022-10-28
CUST-04492,Hyderabad,Month-to-month,57,10,66.92,638.33,3,15,77.65,High Risk,Yes,2025-02-10
CUST-04493,Bengaluru,Month-to-month,48,13,53.45,733.33,1,12,72.64,High Risk,Yes,2023-08-15
CUST-04494,Hyderabad,Month-to-month,27,11,59.54,615.33,2,17,77.56,High Risk,Yes,2022-12-09
CUST-04495,Hyderabad,One year,28,54,122.68,7071.59,1,42,27.49,Low Risk,Yes,2025-05-19
CUST-04496,Pune,Month-to-month,33,15,43.95,629.3,4,13,66.62,Medium Risk,Yes,2021-06-17
CUST-04497,Bengaluru,Month-to-month,53,9,71.56,690.9,3,11,88.41,High Risk,Yes,2022-10-31
CUST-04498,Jaipur,Month-to-month,33,72,49.08,3702.23,1,131,3.0,Low Risk,No,2021-05-26
CUST-04499,Delhi,Two year,22,49,58.91,2734.63,2,81,20.3,Low Risk,No,2022-12-09
CUST-04500,Mumbai,Month-to-month,30,40,82.49,3120.31,4,48,48.72,Medium Risk,No,2024-08-31
CUST-04501,Pune,Month-to-month,43,47,71.97,3157.73,1,46,23.13,Low Risk,No,2022-09-27
CUST-04502,Bengaluru,One year,42,9,60.48,522.32,2,8,78.58,High Risk,Yes,2024-01-26
CUST-04503,Delhi,One year,33,51,52.8,2761.35,2,62,5.65,Low Risk,No,2022-03-16
CUST-04504,Jaipur,Two year,42,17,71.92,1226.61,1,24,56.07,Medium Risk,No,2023-09-25
CUST-04505,Bengaluru,Month-to-month,18,24,112.26,2743.1,2,39,79.24,High Risk,Yes,2024-10-20
CUST-04506,Delhi,Month-to-month,36,19,48.71,856.06,1,16,52.77,Medium Risk,Yes,2022-08-01
CUST-04507,Hyderabad,Month-to-month,44,44,119.84,4918.59,2,53,65.98,Medium Risk,Yes,2024-10-26
CUST-04508,Jaipur,One year,27,2,95.41,196.68,0,8,85.79,High Risk,Yes,2025-12-09
CUST-04509,Bengaluru,Month-to-month,27,8,100.74,850.78,1,8,96.85,High Risk,Yes,2025-12-19
CUST-04510,Kolkata,Month-to-month,18,47,71.74,3295.94,2,56,19.47,Low Risk,Yes,2022-03-22
CUST-04511,Delhi,Month-to-month,51,12,94.55,1074.05,7,12,97.0,High Risk,Yes,2024-12-04
CUST-04512,Bengaluru,Month-to-month,28,43,47.07,1961.95,3,39,6.79,Low Risk,No,2022-10-16
CUST-04513,Jaipur,Month-to-month,37,12,52.49,621.01,2,21,81.53,High Risk,Yes,2025-12-06
CUST-04514,Pune,One year,41,16,83.05,1356.47,3,26,75.95,High Risk,Yes,2022-12-15
CUST-04515,Bengaluru,One year,50,58,71.45,4084.08,2,68,10.05,Low Risk,Yes,2021-09-20
CUST-04516,Mumbai,Month-to-month,33,32,61.99,2109.7,1,35,39.13,Low Risk,No,2026-03-12
CUST-04517,Bengaluru,Month-to-month,30,22,29.18,631.81,5,35,42.45,Medium Risk,Yes,2024-12-25
CUST-04518,Chennai,One year,37,27,56.54,1448.75,1,26,34.62,Low Risk,No,2022-11-29
CUST-04519,Delhi,Month-to-month,48,37,44.64,1585.18,2,36,18.59,Low Risk,No,2023-02-27
CUST-04520,Jaipur,Month-to-month,33,21,76.12,1589.61,1,37,66.39,Medium Risk,Yes,2025-06-03
CUST-04521,Chennai,Month-to-month,25,29,61.14,1853.19,5,48,48.0,Medium Risk,Yes,2026-05-30
CUST-04522,Bengaluru,One year,20,72,53.16,4053.75,1,112,3.0,Low Risk,No,2025-03-13
CUST-04523,Chennai,Two year,23,9,151.43,1294.24,0,13,97.0,High Risk,Yes,2024-12-21
CUST-04524,Pune,One year,44,22,90.61,1835.05,1,23,65.91,Medium Risk,Yes,2022-01-05
CUST-04525,Chennai,Month-to-month,32,14,91.13,1351.23,2,26,83.19,High Risk,Yes,2026-03-05
CUST-04526,Mumbai,Month-to-month,29,10,131.51,1257.91,1,12,97.0,High Risk,Yes,2023-08-14
CUST-04527,Hyderabad,Two year,28,22,84.02,1943.57,1,22,62.98,Medium Risk,No,2021-06-29
CUST-04528,Kolkata,Month-to-month,36,10,50.79,512.02,0,11,71.83,High Risk,No,2021-04-25
CUST-04529,Bengaluru,Two year,33,9,48.92,433.53,2,10,68.1,Medium Risk,Yes,2025-10-18
CUST-04530,Delhi,Two year,32,18,88.51,1503.14,3,18,76.62,High Risk,No,2022-12-07
CUST-04531,Delhi,Month-to-month,48,28,33.63,967.56,2,28,21.38,Low Risk,Yes,2025-04-05
CUST-04532,Delhi,Two year,50,27,63.4,1798.94,1,25,41.92,Medium Risk,Yes,2026-04-17
CUST-04533,Delhi,Month-to-month,19,18,32.45,580.46,1,13,17.01,Low Risk,No,2023-03-04
CUST-04534,Mumbai,Two year,38,7,67.09,465.6,4,9,82.42,High Risk,Yes,2024-02-19
CUST-04535,Bengaluru,Month-to-month,27,7,85.43,622.44,0,8,92.7,High Risk,Yes,2023-11-26
CUST-04536,Bengaluru,Month-to-month,33,25,71.08,1777.03,2,22,70.64,High Risk,Yes,2023-10-24
CUST-04537,Mumbai,One year,38,12,87.76,1101.25,0,10,78.55,High Risk,Yes,2023-12-07
CUST-04538,Pune,One year,33,23,121.89,2603.47,2,23,75.97,High Risk,No,2021-05-20
CUST-04539,Jaipur,Month-to-month,37,21,62.08,1378.28,3,24,42.7,Medium Risk,Yes,2022-12-01
CUST-04540,Jaipur,One year,42,4,159.63,614.21,3,8,97.0,High Risk,Yes,2021-08-13
CUST-04541,Delhi,Month-to-month,38,48,69.58,3163.07,1,55,15.81,Low Risk,No,2023-03-07
CUST-04542,Bengaluru,Month-to-month,29,6,88.07,488.88,3,9,97.0,High Risk,Yes,2025-05-30
CUST-04543,Delhi,Month-to-month,29,17,53.46,957.4,3,33,52.49,Medium Risk,No,2025-06-05
CUST-04544,Delhi,Month-to-month,21,8,109.13,811.59,2,14,96.49,High Risk,Yes,2023-01-14
CUST-04545,Mumbai,Month-to-month,26,12,90.72,1167.79,3,19,94.98,High Risk,Yes,2026-04-18
CUST-04546,Chennai,Month-to-month,55,13,104.09,1367.21,3,21,95.58,High Risk,Yes,2021-01-31
CUST-04547,Jaipur,Month-to-month,27,14,66.14,955.4,3,15,67.37,Medium Risk,Yes,2024-06-26
CUST-04548,Pune,Month-to-month,23,17,43.5,766.16,4,22,78.55,High Risk,Yes,2023-10-14
CUST-04549,Pune,Month-to-month,38,54,75.32,3932.37,0,78,20.13,Low Risk,No,2024-05-05
CUST-04550,Hyderabad,Two year,34,10,37.76,396.11,1,11,46.1,Medium Risk,Yes,2024-02-09
CUST-04551,Kolkata,Month-to-month,33,29,58.37,1813.59,5,45,57.86,Medium Risk,Yes,2025-09-26
CUST-04552,Jaipur,Two year,49,40,69.1,2706.44,4,65,32.79,Low Risk,Yes,2021-11-12
CUST-04553,Delhi,One year,40,27,139.09,3956.93,2,33,92.66,High Risk,Yes,2026-03-10
CUST-04554,Chennai,One year,30,45,71.98,3380.09,2,34,9.88,Low Risk,No,2021-03-18
CUST-04555,Bengaluru,One year,31,27,67.97,1861.5,0,32,39.4,Low Risk,No,2025-04-05
CUST-04556,Bengaluru,Two year,30,27,63.7,1683.47,1,25,48.03,Medium Risk,Yes,2022-06-07
CUST-04557,Pune,Month-to-month,44,41,42.31,1711.17,5,38,21.7,Low Risk,No,2023-09-01
CUST-04558,Pune,Month-to-month,32,24,66.81,1554.08,1,26,61.3,Medium Risk,Yes,2024-10-17
CUST-04559,Kolkata,One year,18,40,67.18,2655.5,2,40,14.58,Low Risk,Yes,2022-10-06
CUST-04560,Kolkata,One year,35,24,47.68,1233.97,4,43,29.01,Low Risk,Yes,2022-11-23
CUST-04561,Hyderabad,Two year,20,40,44.46,1739.54,3,59,5.54,Low Risk,No,2022-07-13
CUST-04562,Delhi,Month-to-month,57,51,55.72,2916.97,2,68,14.84,Low Risk,Yes,2022-09-26
CUST-04563,Chennai,One year,25,15,66.36,966.67,0,11,56.7,Medium Risk,Yes,2023-08-21
CUST-04564,Jaipur,Month-to-month,33,14,56.15,781.91,3,15,62.47,Medium Risk,Yes,2022-10-13
CUST-04565,Delhi,Month-to-month,38,45,46.44,1950.63,3,72,17.3,Low Risk,No,2023-06-03
CUST-04566,Chennai,Month-to-month,32,39,71.3,2897.82,3,48,31.38,Low Risk,No,2022-07-16
CUST-04567,Delhi,One year,32,5,77.23,396.1,4,7,85.25,High Risk,Yes,2024-05-25
CUST-04568,Delhi,Two year,39,23,67.57,1516.19,6,40,57.39,Medium Risk,No,2022-02-11
CUST-04569,Jaipur,Month-to-month,50,57,54.28,3106.26,1,61,5.66,Low Risk,No,2022-12-22
CUST-04570,Chennai,Two year,43,8,78.63,666.5,3,9,88.29,High Risk,No,2025-01-09
CUST-04571,Bengaluru,Month-to-month,50,7,61.16,396.91,2,12,81.66,High Risk,Yes,2023-12-13
CUST-04572,Pune,Month-to-month,25,12,44.43,569.86,3,12,73.7,High Risk,Yes,2021-12-17
CUST-04573,Delhi,Month-to-month,38,14,90.56,1261.92,4,21,92.79,High Risk,Yes,2022-10-16
CUST-04574,Hyderabad,Month-to-month,37,5,72.78,384.84,3,10,90.01,High Risk,Yes,2024-08-19
CUST-04575,Hyderabad,Month-to-month,39,8,62.57,529.51,0,6,80.36,High Risk,Yes,2025-04-03
CUST-04576,Mumbai,Month-to-month,49,5,39.32,182.72,1,8,71.59,High Risk,Yes,2024-09-08
CUST-04577,Mumbai,One year,33,22,51.21,1177.38,2,27,38.26,Low Risk,No,2024-02-07
CUST-04578,Delhi,One year,31,22,124.01,2829.87,0,40,91.96,High Risk,Yes,2023-01-09
CUST-04579,Kolkata,Month-to-month,40,46,40.11,1710.21,2,48,7.79,Low Risk,No,2021-09-10
CUST-04580,Pune,Month-to-month,18,24,59.98,1540.99,1,46,50.34,Medium Risk,No,2025-06-27
CUST-04581,Kolkata,Month-to-month,33,28,64.66,1849.46,5,40,52.03,Medium Risk,No,2023-09-06
CUST-04582,Mumbai,Month-to-month,34,30,72.02,2045.67,3,42,60.35,Medium Risk,Yes,2023-07-08
CUST-04583,Hyderabad,Month-to-month,26,10,40.26,378.32,4,16,71.05,High Risk,No,2024-01-24
CUST-04584,Hyderabad,Month-to-month,46,9,68.73,624.7,4,13,92.86,High Risk,Yes,2025-01-07
CUST-04585,Hyderabad,Two year,24,8,37.9,281.8,0,8,40.25,Medium Risk,Yes,2024-04-25
CUST-04586,Kolkata,One year,34,14,67.06,888.43,6,18,80.5,High Risk,No,2024-09-29
CUST-04587,Mumbai,Month-to-month,38,14,52.75,791.49,0,16,74.17,High Risk,Yes,2022-07-16
CUST-04588,Jaipur,Month-to-month,49,20,49.27,1023.99,3,28,55.66,Medium Risk,No,2021-07-08
CUST-04589,Pune,Month-to-month,35,32,84.9,2766.13,1,56,56.9,Medium Risk,Yes,2022-10-19
CUST-04590,Hyderabad,One year,44,28,60.28,1609.21,2,38,37.47,Low Risk,Yes,2021-05-04
CUST-04591,Bengaluru,Month-to-month,42,13,75.64,939.03,2,17,84.14,High Risk,Yes,2025-05-09
CUST-04592,Delhi,Month-to-month,36,12,76.45,909.45,0,22,84.12,High Risk,Yes,2026-02-26
CUST-04593,Bengaluru,One year,24,13,97.59,1320.24,1,15,87.86,High Risk,Yes,2025-12-06
CUST-04594,Mumbai,Month-to-month,21,14,44.16,569.17,2,23,57.61,Medium Risk,Yes,2021-06-09
CUST-04595,Mumbai,Month-to-month,36,6,87.22,485.16,4,8,94.64,High Risk,Yes,2025-01-25
CUST-04596,Pune,Month-to-month,30,24,65.34,1661.02,0,21,55.9,Medium Risk,No,2024-07-25
CUST-04597,Hyderabad,Month-to-month,44,58,57.59,3508.07,1,83,5.18,Low Risk,No,2021-10-23
CUST-04598,Delhi,Month-to-month,42,20,45.0,928.03,1,17,45.81,Medium Risk,No,2024-09-19
CUST-04599,Mumbai,Month-to-month,33,20,78.92,1578.28,1,20,68.45,Medium Risk,Yes,2024-10-12
CUST-04600,Delhi,Month-to-month,23,26,48.39,1186.7,4,38,42.67,Medium Risk,No,2024-06-25
CUST-04601,Delhi,Month-to-month,40,8,76.71,574.62,4,10,92.86,High Risk,Yes,2021-11-04
CUST-04602,Hyderabad,One year,25,12,120.46,1539.28,4,18,94.64,High Risk,Yes,2025-01-25
CUST-04603,Kolkata,Month-to-month,27,13,88.94,1134.49,3,25,87.26,High Risk,Yes,2021-06-05
CUST-04604,Mumbai,Month-to-month,25,8,101.46,837.1,3,11,95.35,High Risk,Yes,2022-03-04
CUST-04605,Hyderabad,One year,34,51,51.64,2615.18,3,73,6.5,Low Risk,No,2023-08-08
CUST-04606,Chennai,One year,47,31,82.97,2667.1,2,38,51.42,Medium Risk,Yes,2023-05-22
CUST-04607,Chennai,One year,35,33,45.07,1414.33,2,50,30.43,Low Risk,No,2023-01-07
CUST-04608,Delhi,Month-to-month,31,15,60.32,902.57,2,14,66.8,Medium Risk,Yes,2024-08-20
CUST-04609,Kolkata,Month-to-month,20,21,113.48,2336.13,0,30,87.89,High Risk,Yes,2021-01-22
CUST-04610,Mumbai,One year,41,14,53.51,718.58,1,15,62.24,Medium Risk,Yes,2023-05-22
CUST-04611,Mumbai,One year,27,17,92.76,1601.57,3,16,77.11,High Risk,Yes,2021-08-17
CUST-04612,Jaipur,Month-to-month,36,20,89.96,1809.84,1,30,90.17,High Risk,Yes,2025-08-26
CUST-04613,Bengaluru,Two year,31,17,91.68,1557.49,1,28,77.78,High Risk,Yes,2023-03-24
CUST-04614,Jaipur,Month-to-month,43,20,43.33,879.23,0,22,50.1,Medium Risk,Yes,2021-10-11
CUST-04615,Delhi,Two year,33,6,76.9,435.01,3,7,86.74,High Risk,Yes,2021-03-08
CUST-04616,Mumbai,Two year,34,8,61.82,484.32,1,11,79.02,High Risk,Yes,2025-06-10
CUST-04617,Chennai,One year,40,14,92.08,1252.96,0,24,75.24,High Risk,Yes,2022-05-09
CUST-04618,Chennai,Two year,56,16,38.27,638.69,2,14,57.65,Medium Risk,No,2025-04-23
CUST-04619,Mumbai,One year,44,16,73.12,1083.01,1,23,70.43,High Risk,Yes,2022-11-24
CUST-04620,Chennai,Month-to-month,34,28,69.88,1888.37,2,24,61.1,Medium Risk,Yes,2025-06-27
CUST-04621,Chennai,Month-to-month,35,23,34.38,843.66,1,26,26.79,Low Risk,Yes,2025-06-11
CUST-04622,Hyderabad,Month-to-month,30,25,48.96,1184.9,2,32,44.99,Medium Risk,No,2021-01-06
CUST-04623,Delhi,Month-to-month,26,13,36.19,444.27,2,10,46.04,Medium Risk,No,2025-08-05
CUST-04624,Hyderabad,One year,29,9,51.52,482.77,6,15,80.34,High Risk,Yes,2026-06-29
CUST-04625,Kolkata,Month-to-month,27,17,77.49,1222.03,4,33,74.94,High Risk,Yes,2022-07-02
CUST-04626,Pune,Month-to-month,42,30,69.19,2051.23,2,46,53.73,Medium Risk,No,2025-01-31
CUST-04627,Mumbai,One year,24,49,68.62,3553.56,3,78,9.45,Low Risk,No,2024-08-23
CUST-04628,Bengaluru,Two year,48,13,46.6,649.81,0,20,36.59,Low Risk,No,2023-05-05
CUST-04629,Pune,Month-to-month,43,49,93.03,4375.42,0,83,23.48,Low Risk,Yes,2021-03-18
CUST-04630,Bengaluru,Month-to-month,35,9,64.61,562.53,0,9,82.95,High Risk,Yes,2022-07-10
CUST-04631,Jaipur,Month-to-month,35,6,65.7,398.44,1,8,81.66,High Risk,No,2023-01-20
CUST-04632,Mumbai,One year,29,16,87.82,1343.64,3,24,75.91,High Risk,Yes,2023-12-05
CUST-04633,Chennai,Month-to-month,38,10,47.33,446.85,4,20,78.5,High Risk,Yes,2024-10-26
CUST-04634,Chennai,One year,46,12,69.93,829.22,1,16,79.46,High Risk,Yes,2022-04-02
CUST-04635,Jaipur,Month-to-month,28,35,74.43,2426.76,2,27,49.36,Medium Risk,No,2025-07-06
CUST-04636,Kolkata,Month-to-month,20,33,54.59,1915.1,2,60,28.94,Low Risk,No,2023-07-26
CUST-04637,Mumbai,Two year,42,23,80.09,1793.2,3,19,67.21,Medium Risk,Yes,2025-12-03
CUST-04638,Pune,Month-to-month,38,22,75.72,1622.2,1,20,71.15,High Risk,Yes,2024-02-08
CUST-04639,Hyderabad,Month-to-month,24,12,62.93,790.37,1,16,67.71,Medium Risk,Yes,2021-12-14
CUST-04640,Chennai,Month-to-month,28,17,62.31,1032.42,1,24,69.16,Medium Risk,No,2024-11-15
CUST-04641,Kolkata,Month-to-month,26,15,76.86,1201.03,2,25,75.21,High Risk,No,2021-07-30
CUST-04642,Mumbai,Month-to-month,28,7,83.65,555.69,2,11,93.35,High Risk,No,2021-12-17
CUST-04643,Chennai,Month-to-month,32,54,66.32,3597.89,1,71,10.23,Low Risk,No,2024-06-04
CUST-04644,Jaipur,Month-to-month,32,16,93.02,1552.26,2,18,77.88,High Risk,Yes,2021-12-15
CUST-04645,Hyderabad,Month-to-month,28,9,80.25,716.46,3,12,93.01,High Risk,Yes,2023-12-07
CUST-04646,Hyderabad,One year,27,6,36.67,204.95,1,6,49.28,Medium Risk,No,2025-02-24
CUST-04647,Pune,One year,33,26,41.46,1118.82,1,22,18.06,Low Risk,No,2022-02-21
CUST-04648,Delhi,Month-to-month,37,52,94.89,4929.59,1,91,34.64,Low Risk,No,2026-03-14
CUST-04649,Chennai,One year,32,62,60.06,3614.34,3,53,3.0,Low Risk,Yes,2022-06-18
CUST-04650,Delhi,Month-to-month,47,18,68.51,1330.41,5,29,83.92,High Risk,No,2022-08-02
CUST-04651,Jaipur,Month-to-month,40,16,93.59,1587.54,1,28,85.69,High Risk,Yes,2023-01-23
CUST-04652,Hyderabad,Month-to-month,19,21,64.87,1261.53,4,19,72.84,High Risk,Yes,2025-10-07
CUST-04653,Bengaluru,Month-to-month,40,20,65.78,1335.31,3,20,72.49,High Risk,No,2023-10-18
CUST-04654,Chennai,Month-to-month,41,4,49.22,192.3,1,9,83.07,High Risk,Yes,2024-02-02
CUST-04655,Mumbai,Month-to-month,31,14,73.17,948.56,2,15,80.5,High Risk,Yes,2025-03-29
CUST-04656,Delhi,One year,20,24,78.42,1734.92,5,38,74.91,High Risk,Yes,2022-05-03
CUST-04657,Chennai,Two year,35,27,54.03,1478.36,0,31,41.59,Medium Risk,No,2022-05-03
CUST-04658,Bengaluru,Month-to-month,35,28,48.39,1315.93,2,52,20.7,Low Risk,No,2024-08-28
CUST-04659,Delhi,One year,24,20,150.63,3110.6,2,35,97.0,High Risk,Yes,2021-03-18
CUST-04660,Hyderabad,One year,20,9,63.1,563.76,2,17,62.53,Medium Risk,No,2023-11-02
CUST-04661,Bengaluru,One year,34,18,52.23,980.23,2,17,51.57,Medium Risk,No,2021-01-05
CUST-04662,Pune,Month-to-month,33,41,81.49,3508.45,3,41,26.83,Low Risk,Yes,2022-12-18
CUST-04663,Bengaluru,Month-to-month,31,25,63.95,1638.97,2,23,59.18,Medium Risk,Yes,2022-03-15
CUST-04664,Chennai,Month-to-month,34,16,45.92,725.08,3,27,54.09,Medium Risk,No,2022-10-01
CUST-04665,Chennai,Month-to-month,24,65,75.87,5316.98,2,47,5.06,Low Risk,No,2026-02-11
CUST-04666,Hyderabad,One year,31,21,49.47,1006.74,0,35,29.64,Low Risk,No,2022-05-14
CUST-04667,Jaipur,Month-to-month,40,18,107.65,1942.22,2,26,90.06,High Risk,Yes,2023-04-22
CUST-04668,Chennai,Month-to-month,32,30,76.14,2291.66,2,41,49.98,Medium Risk,No,2024-06-30
CUST-04669,Pune,One year,18,8,59.49,470.46,1,11,64.3,Medium Risk,Yes,2025-03-31
CUST-04670,Hyderabad,One year,30,16,67.31,1011.72,4,21,67.01,Medium Risk,Yes,2025-05-21
CUST-04671,Mumbai,Month-to-month,24,18,86.79,1525.71,1,20,82.99,High Risk,Yes,2021-10-21
CUST-04672,Chennai,One year,38,5,68.99,329.23,3,8,91.57,High Risk,Yes,2025-10-10
CUST-04673,Hyderabad,Month-to-month,38,22,128.18,3000.37,4,30,93.83,High Risk,Yes,2021-08-13
CUST-04674,Jaipur,Month-to-month,18,27,93.49,2586.98,4,43,77.91,High Risk,Yes,2021-04-08
CUST-04675,Mumbai,Month-to-month,43,13,75.98,954.21,0,15,86.34,High Risk,Yes,2023-12-15
CUST-04676,Chennai,One year,24,31,48.16,1508.66,1,49,14.07,Low Risk,No,2025-10-19
CUST-04677,Jaipur,Two year,51,38,62.02,2489.95,3,64,11.89,Low Risk,Yes,2026-05-29
CUST-04678,Kolkata,Month-to-month,35,40,75.76,3241.04,1,42,20.34,Low Risk,No,2024-08-19
CUST-04679,Pune,Month-to-month,23,9,49.95,418.98,1,13,52.24,Medium Risk,Yes,2025-10-20
CUST-04680,Pune,Month-to-month,24,22,98.33,2262.57,3,24,90.99,High Risk,Yes,2023-01-22
CUST-04681,Delhi,Month-to-month,38,29,47.59,1483.08,2,30,39.78,Low Risk,Yes,2025-06-28
CUST-04682,Delhi,Month-to-month,31,22,53.01,1160.11,2,35,58.82,Medium Risk,Yes,2021-09-27
CUST-04683,Kolkata,Month-to-month,34,36,54.3,2109.79,3,66,36.36,Low Risk,Yes,2022-05-05
CUST-04684,Delhi,One year,51,23,82.47,2035.53,0,34,57.05,Medium Risk,Yes,2025-08-06
CUST-04685,Hyderabad,One year,28,9,50.24,463.51,0,19,75.56,High Risk,Yes,2024-04-01
CUST-04686,Mumbai,Month-to-month,36,36,36.54,1388.6,1,51,16.47,Low Risk,No,2023-09-25
CUST-04687,Jaipur,Month-to-month,49,21,92.07,1870.54,2,29,84.69,High Risk,Yes,2024-03-28
CUST-04688,Jaipur,Month-to-month,38,50,56.38,3007.29,1,62,14.32,Low Risk,No,2022-02-22
CUST-04689,Bengaluru,Month-to-month,19,9,46.18,421.73,0,10,70.11,High Risk,Yes,2025-10-03
CUST-04690,Kolkata,Two year,40,21,51.05,1073.71,1,19,50.36,Medium Risk,Yes,2024-07-10
CUST-04691,Mumbai,Two year,23,48,112.59,5694.56,0,57,43.17,Medium Risk,Yes,2026-01-04
CUST-04692,Mumbai,Month-to-month,49,23,52.67,1286.9,2,32,50.57,Medium Risk,No,2022-01-18
CUST-04693,Mumbai,Month-to-month,27,32,62.48,2063.74,3,42,43.08,Medium Risk,No,2026-04-05
CUST-04694,Bengaluru,Two year,65,38,56.34,1978.22,0,57,12.89,Low Risk,No,2021-08-03
CUST-04695,Mumbai,Month-to-month,50,20,43.81,889.83,2,19,37.89,Low Risk,No,2022-06-10
CUST-04696,Chennai,One year,27,11,51.25,592.76,1,13,63.77,Medium Risk,No,2023-03-04
CUST-04697,Bengaluru,Month-to-month,35,35,42.86,1510.97,2,40,27.04,Low Risk,No,2021-04-27
CUST-04698,Bengaluru,One year,43,18,88.26,1699.22,1,16,60.8,Medium Risk,No,2023-10-14
CUST-04699,Jaipur,Month-to-month,43,4,67.13,285.59,1,8,86.41,High Risk,Yes,2024-11-16
CUST-04700,Kolkata,One year,39,43,143.86,6215.35,0,64,71.77,High Risk,No,2022-02-28
CUST-04701,Delhi,One year,48,54,51.81,2754.69,1,43,4.38,Low Risk,No,2023-02-13
CUST-04702,Jaipur,Month-to-month,34,13,49.38,596.24,1,23,79.7,High Risk,Yes,2023-04-27
CUST-04703,Pune,One year,31,20,106.19,2168.86,0,28,76.69,High Risk,Yes,2023-10-08
CUST-04704,Pune,One year,32,57,91.19,5003.19,0,75,9.25,Low Risk,No,2022-06-16
CUST-04705,Mumbai,Month-to-month,44,48,73.52,3624.07,2,89,26.69,Low Risk,No,2021-03-22
CUST-04706,Mumbai,Month-to-month,39,29,45.51,1382.88,2,40,30.41,Low Risk,Yes,2022-08-31
CUST-04707,Hyderabad,Month-to-month,38,46,113.61,5149.71,4,82,58.45,Medium Risk,Yes,2024-04-25
CUST-04708,Delhi,Month-to-month,43,17,63.52,996.15,0,29,63.86,Medium Risk,Yes,2021-05-14
CUST-04709,Chennai,Month-to-month,18,7,56.63,419.58,3,8,82.44,High Risk,Yes,2024-04-05
CUST-04710,Pune,One year,38,40,93.7,3777.39,3,28,40.18,Medium Risk,Yes,2023-09-15
CUST-04711,Mumbai,Month-to-month,37,19,64.54,1189.92,1,24,72.03,High Risk,Yes,2025-08-01
CUST-04712,Bengaluru,Two year,52,6,44.76,274.31,4,13,75.38,High Risk,Yes,2024-03-06
CUST-04713,Delhi,Month-to-month,20,13,65.84,879.8,0,23,48.59,Medium Risk,Yes,2023-01-11
CUST-04714,Hyderabad,Month-to-month,51,17,50.62,812.0,1,28,46.57,Medium Risk,Yes,2024-03-31
CUST-04715,Bengaluru,Month-to-month,36,18,25.0,460.54,4,23,37.44,Low Risk,No,2025-10-07
CUST-04716,Mumbai,Month-to-month,40,12,49.02,568.16,2,19,77.11,High Risk,Yes,2026-01-21
CUST-04717,Pune,Month-to-month,52,9,54.9,518.1,2,17,76.83,High Risk,Yes,2026-02-10
CUST-04718,Kolkata,Month-to-month,41,5,44.91,240.41,1,9,79.26,High Risk,Yes,2022-08-10
CUST-04719,Mumbai,Month-to-month,39,5,78.14,365.86,4,6,94.86,High Risk,Yes,2023-05-12
CUST-04720,Kolkata,One year,37,19,50.68,1027.22,1,27,46.41,Medium Risk,Yes,2021-08-03
CUST-04721,Mumbai,One year,30,23,75.75,1854.71,1,35,49.2,Medium Risk,No,2025-09-21
CUST-04722,Jaipur,Month-to-month,35,9,43.8,384.29,2,16,61.48,Medium Risk,Yes,2021-11-11
CUST-04723,Delhi,One year,28,45,86.95,3617.78,1,43,14.55,Low Risk,No,2022-12-20
CUST-04724,Mumbai,One year,35,15,43.2,664.92,1,18,68.56,Medium Risk,Yes,2026-03-17
CUST-04725,Delhi,Month-to-month,18,18,30.73,539.4,4,30,46.88,Medium Risk,No,2021-04-27
CUST-04726,Jaipur,Two year,39,17,96.57,1560.69,1,34,89.68,High Risk,Yes,2025-12-08
CUST-04727,Kolkata,Two year,34,4,49.43,185.34,2,8,65.8,Medium Risk,Yes,2025-03-29
CUST-04728,Chennai,Month-to-month,32,36,114.05,3906.11,2,48,82.7,High Risk,Yes,2021-11-14
CUST-04729,Hyderabad,Month-to-month,37,29,77.87,2163.37,1,53,54.21,Medium Risk,No,2023-06-01
CUST-04730,Delhi,Month-to-month,21,46,83.7,4032.44,4,38,32.8,Low Risk,No,2021-03-12
CUST-04731,Jaipur,Month-to-month,54,44,90.83,4178.01,0,72,37.56,Low Risk,No,2022-08-30
CUST-04732,Jaipur,One year,34,26,67.39,1750.57,0,34,31.57,Low Risk,No,2024-06-18
CUST-04733,Hyderabad,Month-to-month,34,30,67.63,2046.21,2,49,41.45,Medium Risk,Yes,2024-10-18
CUST-04734,Kolkata,One year,25,9,97.95,940.48,2,9,89.9,High Risk,Yes,2023-11-12
CUST-04735,Mumbai,One year,35,15,67.36,1076.37,2,25,61.62,Medium Risk,Yes,2021-02-07
CUST-04736,Jaipur,One year,49,17,51.49,921.36,2,25,52.93,Medium Risk,Yes,2022-10-16
CUST-04737,Bengaluru,One year,45,13,78.4,998.7,1,15,71.78,High Risk,Yes,2025-12-03
CUST-04738,Mumbai,Month-to-month,44,44,33.05,1423.15,4,51,13.01,Low Risk,Yes,2021-08-26
CUST-04739,Mumbai,Month-to-month,40,22,99.15,2316.67,2,20,84.03,High Risk,Yes,2025-04-16
CUST-04740,Pune,One year,31,11,99.82,1172.95,3,13,94.52,High Risk,Yes,2026-04-01
CUST-04741,Hyderabad,Month-to-month,20,42,95.37,4196.82,3,46,47.93,Medium Risk,No,2023-12-11
CUST-04742,Jaipur,Month-to-month,33,22,94.21,2157.89,1,32,80.9,High Risk,Yes,2024-11-11
CUST-04743,Jaipur,Two year,33,35,63.27,2235.06,2,57,35.82,Low Risk,No,2026-04-21
CUST-04744,Kolkata,One year,45,8,62.82,489.56,2,14,73.52,High Risk,Yes,2023-11-10
CUST-04745,Delhi,Month-to-month,38,24,43.86,1008.96,1,26,35.4,Low Risk,No,2024-03-04
CUST-04746,Jaipur,One year,51,11,113.72,1178.93,2,10,92.97,High Risk,Yes,2024-11-25
CUST-04747,Delhi,One year,47,23,55.66,1326.92,2,29,44.36,Medium Risk,Yes,2026-01-24
CUST-04748,Jaipur,Month-to-month,30,29,72.47,2194.77,1,25,45.47,Medium Risk,No,2025-11-13
CUST-04749,Mumbai,Month-to-month,18,8,70.5,551.24,2,16,88.62,High Risk,Yes,2025-02-06
CUST-04750,Chennai,Two year,49,19,42.33,740.71,2,25,39.11,Low Risk,No,2025-03-02
CUST-04751,Mumbai,Month-to-month,49,8,37.19,318.4,2,11,76.04,High Risk,Yes,2024-02-15
CUST-04752,Mumbai,Month-to-month,21,36,65.12,2320.72,0,31,33.31,Low Risk,No,2022-10-29
CUST-04753,Pune,Month-to-month,50,20,56.22,1209.78,1,31,56.2,Medium Risk,Yes,2025-03-29
CUST-04754,Bengaluru,One year,39,11,63.17,714.59,2,23,65.49,Medium Risk,Yes,2025-02-20
CUST-04755,Chennai,Month-to-month,37,13,91.41,1116.84,2,17,89.65,High Risk,Yes,2022-06-01
CUST-04756,Chennai,Month-to-month,51,15,69.85,1018.74,0,27,77.76,High Risk,Yes,2021-03-06
CUST-04757,Jaipur,Month-to-month,48,46,82.86,3907.34,1,36,33.43,Low Risk,No,2022-10-19
CUST-04758,Hyderabad,Two year,42,19,74.96,1458.25,3,14,72.13,High Risk,Yes,2021-06-14
CUST-04759,Bengaluru,Month-to-month,40,33,58.74,1855.3,1,60,33.88,Low Risk,No,2026-04-20
CUST-04760,Kolkata,One year,41,19,47.17,849.89,2,30,36.14,Low Risk,No,2025-08-09
CUST-04761,Bengaluru,Two year,31,9,70.75,614.01,2,10,74.34,High Risk,Yes,2021-12-14
CUST-04762,Kolkata,Month-to-month,34,13,66.77,907.85,1,17,80.91,High Risk,Yes,2024-07-06
CUST-04763,Hyderabad,Two year,26,24,87.12,2004.52,2,31,58.06,Medium Risk,No,2026-04-22
CUST-04764,Delhi,Two year,32,4,61.94,255.76,2,8,83.04,High Risk,Yes,2023-07-26
CUST-04765,Bengaluru,Two year,31,27,59.1,1690.17,3,47,41.63,Medium Risk,Yes,2023-10-20
CUST-04766,Kolkata,Month-to-month,29,12,60.4,712.23,2,12,84.87,High Risk,Yes,2021-09-02
CUST-04767,Chennai,One year,36,22,48.44,981.62,1,31,29.87,Low Risk,Yes,2022-10-02
CUST-04768,Jaipur,One year,32,13,103.28,1265.72,2,17,88.1,High Risk,Yes,2021-08-10
CUST-04769,Hyderabad,Two year,40,30,93.6,2723.49,1,45,37.22,Low Risk,No,2025-10-26
CUST-04770,Mumbai,Month-to-month,19,20,44.09,838.06,1,26,34.95,Low Risk,Yes,2022-08-13
CUST-04771,Jaipur,One year,34,30,84.07,2437.16,0,39,36.9,Low Risk,No,2023-11-07
CUST-04772,Mumbai,Month-to-month,36,5,36.02,181.37,2,6,75.54,High Risk,Yes,2025-06-07
CUST-04773,Delhi,Month-to-month,32,17,89.09,1398.48,3,21,92.88,High Risk,Yes,2026-01-27
CUST-04774,Chennai,Month-to-month,33,12,52.02,580.72,2,12,75.32,High Risk,Yes,2025-09-07
CUST-04775,Mumbai,One year,19,26,72.93,2004.11,0,22,49.1,Medium Risk,No,2024-09-13
CUST-04776,Chennai,Month-to-month,39,36,35.06,1266.67,1,43,11.64,Low Risk,No,2022-08-03
CUST-04777,Jaipur,Month-to-month,41,35,44.29,1658.17,2,27,15.94,Low Risk,No,2023-07-09
CUST-04778,Mumbai,Two year,40,47,75.52,3267.35,2,65,14.79,Low Risk,No,2026-02-28
CUST-04779,Delhi,Month-to-month,45,37,51.94,1768.08,3,29,23.01,Low Risk,Yes,2022-03-07
CUST-04780,Delhi,One year,37,17,49.68,876.94,2,23,39.85,Low Risk,No,2026-01-22
CUST-04781,Jaipur,Month-to-month,40,10,101.6,1012.14,1,19,94.77,High Risk,Yes,2022-05-20
CUST-04782,Delhi,Month-to-month,37,5,131.88,703.06,1,8,97.0,High Risk,Yes,2022-01-18
CUST-04783,Bengaluru,One year,42,9,87.73,825.77,2,13,90.74,High Risk,Yes,2026-02-10
CUST-04784,Delhi,Two year,19,5,45.83,229.3,4,7,66.2,Medium Risk,No,2025-03-16
CUST-04785,Mumbai,Month-to-month,26,7,114.29,797.28,0,6,96.37,High Risk,Yes,2021-11-28
CUST-04786,Mumbai,One year,51,23,39.44,952.28,1,30,28.55,Low Risk,Yes,2025-08-05
CUST-04787,Chennai,Month-to-month,18,5,58.97,309.18,2,5,80.87,High Risk,Yes,2023-04-19
CUST-04788,Kolkata,Month-to-month,34,25,66.15,1594.73,2,25,68.74,Medium Risk,Yes,2022-08-02
CUST-04789,Bengaluru,Month-to-month,47,13,120.31,1607.73,5,24,95.87,High Risk,Yes,2024-06-01
CUST-04790,Mumbai,Month-to-month,34,21,87.05,1869.93,2,23,86.79,High Risk,Yes,2024-03-08
CUST-04791,Jaipur,Month-to-month,31,21,56.04,1243.89,2,25,53.81,Medium Risk,No,2023-02-09
CUST-04792,Kolkata,Month-to-month,36,47,48.04,2391.03,1,44,12.75,Low Risk,No,2024-07-20
CUST-04793,Jaipur,Month-to-month,31,22,89.58,1897.69,0,24,77.96,High Risk,Yes,2022-11-13
CUST-04794,Delhi,Month-to-month,35,7,54.8,406.91,1,8,83.83,High Risk,Yes,2023-04-06
CUST-04795,Delhi,Month-to-month,28,10,69.67,744.03,1,15,82.02,High Risk,Yes,2021-05-05
CUST-04796,Mumbai,One year,46,21,41.93,825.53,3,33,39.06,Low Risk,No,2024-07-26
CUST-04797,Delhi,Two year,49,17,77.99,1341.47,0,29,77.05,High Risk,Yes,2021-02-02
CUST-04798,Hyderabad,One year,34,22,76.0,1655.0,8,32,74.34,High Risk,Yes,2024-05-22
CUST-04799,Jaipur,Month-to-month,21,25,43.69,1075.12,3,38,49.77,Medium Risk,No,2021-10-28
CUST-04800,Pune,Two year,30,10,90.42,933.83,2,16,88.26,High Risk,Yes,2021-03-19
CUST-04801,Jaipur,One year,33,26,77.63,1898.75,1,49,43.63,Medium Risk,No,2021-11-01
CUST-04802,Jaipur,Month-to-month,40,28,82.37,2424.43,2,34,64.35,Medium Risk,Yes,2024-02-04
CUST-04803,Kolkata,Month-to-month,25,22,57.58,1170.81,3,39,65.01,Medium Risk,Yes,2022-06-16
CUST-04804,Delhi,One year,27,56,68.83,3902.77,2,70,3.83,Low Risk,Yes,2021-04-21
CUST-04805,Chennai,One year,40,5,66.33,317.08,3,12,87.25,High Risk,No,2021-06-30
CUST-04806,Bengaluru,One year,44,52,61.99,3309.85,0,70,5.33,Low Risk,No,2022-10-19
CUST-04807,Jaipur,One year,29,15,68.65,1033.94,1,29,52.7,Medium Risk,No,2021-12-31
CUST-04808,Kolkata,One year,22,12,97.17,1259.28,1,17,86.56,High Risk,Yes,2025-07-30
CUST-04809,Delhi,Two year,68,26,91.69,2522.14,2,40,66.41,Medium Risk,Yes,2025-12-04
CUST-04810,Chennai,Month-to-month,43,13,44.53,563.76,2,17,60.76,Medium Risk,Yes,2023-01-23
CUST-04811,Delhi,Month-to-month,32,35,89.1,3132.71,4,57,57.09,Medium Risk,No,2021-06-14
CUST-04812,Chennai,Two year,44,15,95.16,1385.79,3,28,87.14,High Risk,Yes,2022-04-29
CUST-04813,Jaipur,Month-to-month,34,38,61.93,2439.49,2,39,25.89,Low Risk,No,2021-11-01
CUST-04814,Bengaluru,One year,44,9,76.48,679.78,2,12,85.06,High Risk,Yes,2022-03-28
CUST-04815,Hyderabad,Two year,37,24,76.13,1714.7,1,23,62.77,Medium Risk,Yes,2023-11-20
CUST-04816,Kolkata,One year,36,11,49.52,558.73,0,10,59.21,Medium Risk,No,2026-01-18
CUST-04817,Kolkata,One year,34,25,57.52,1325.51,3,46,55.89,Medium Risk,Yes,2023-04-02
CUST-04818,Chennai,Month-to-month,21,6,82.65,479.82,2,11,95.87,High Risk,Yes,2025-05-07
CUST-04819,Chennai,Month-to-month,54,7,55.46,413.51,0,9,79.0,High Risk,Yes,2021-03-26
CUST-04820,Delhi,Month-to-month,26,15,88.81,1245.65,2,22,81.78,High Risk,Yes,2023-05-25
CUST-04821,Delhi,One year,21,39,98.69,3851.64,3,52,41.87,Medium Risk,No,2024-04-08
CUST-04822,Delhi,One year,33,6,93.72,588.87,3,10,92.55,High Risk,No,2025-08-18
CUST-04823,Mumbai,One year,25,43,122.48,5607.5,2,45,73.66,High Risk,Yes,2025-11-30
CUST-04824,Mumbai,Month-to-month,34,25,63.14,1593.61,3,38,54.84,Medium Risk,No,2021-12-17
CUST-04825,Bengaluru,Month-to-month,42,37,68.79,2403.99,3,34,42.47,Medium Risk,Yes,2022-06-12
CUST-04826,Delhi,One year,45,20,72.02,1542.0,1,20,54.3,Medium Risk,Yes,2025-10-07
CUST-04827,Hyderabad,Month-to-month,43,22,63.76,1458.66,2,27,61.17,Medium Risk,No,2021-03-12
CUST-04828,Delhi,Month-to-month,32,17,77.31,1292.33,1,32,69.97,Medium Risk,Yes,2023-08-29
CUST-04829,Mumbai,One year,35,16,37.59,579.98,1,13,24.93,Low Risk,No,2024-06-20
CUST-04830,Bengaluru,One year,39,31,69.4,1995.71,1,53,45.89,Medium Risk,No,2024-02-15
CUST-04831,Hyderabad,Month-to-month,18,9,41.83,357.88,1,16,71.82,High Risk,Yes,2025-06-22
CUST-04832,Hyderabad,Two year,41,20,47.77,997.85,2,19,37.3,Low Risk,No,2025-04-27
CUST-04833,Pune,Month-to-month,20,6,82.18,462.2,0,9,92.77,High Risk,Yes,2026-06-18
CUST-04834,Delhi,Two year,55,7,60.99,401.62,1,9,67.53,Medium Risk,Yes,2022-09-26
CUST-04835,Bengaluru,Month-to-month,31,19,81.26,1468.83,5,33,83.28,High Risk,Yes,2025-10-26
CUST-04836,Jaipur,Month-to-month,33,12,60.57,714.67,2,21,78.2,High Risk,No,2023-08-10
CUST-04837,Mumbai,Two year,27,17,92.61,1496.05,1,18,84.62,High Risk,Yes,2024-02-07
CUST-04838,Mumbai,Month-to-month,29,10,60.21,641.05,2,18,80.29,High Risk,Yes,2025-03-04
CUST-04839,Jaipur,One year,58,29,34.77,969.23,1,34,20.32,Low Risk,Yes,2024-08-05
CUST-04840,Delhi,One year,44,8,69.86,596.39,3,9,79.9,High Risk,No,2021-01-29
CUST-04841,Kolkata,Two year,20,53,32.47,1854.44,1,48,3.0,Low Risk,No,2024-02-12
CUST-04842,Kolkata,Two year,50,42,40.83,1784.77,1,63,11.38,Low Risk,No,2023-05-13
CUST-04843,Mumbai,Month-to-month,47,27,49.0,1218.73,3,29,30.73,Low Risk,No,2021-12-13
CUST-04844,Jaipur,One year,32,7,47.08,315.85,2,12,73.28,High Risk,Yes,2023-05-21
CUST-04845,Delhi,Month-to-month,38,17,54.6,893.65,2,28,63.39,Medium Risk,Yes,2026-01-28
CUST-04846,Mumbai,Month-to-month,35,28,46.57,1312.88,2,44,24.57,Low Risk,No,2025-11-02
CUST-04847,Kolkata,Two year,55,36,41.45,1410.64,0,63,10.55,Low Risk,No,2024-05-02
CUST-04848,Delhi,Month-to-month,27,35,106.46,3474.05,0,32,75.68,High Risk,Yes,2023-10-19
CUST-04849,Hyderabad,One year,36,31,52.32,1537.93,1,46,18.69,Low Risk,No,2025-03-24
CUST-04850,Jaipur,Month-to-month,31,3,31.83,92.85,3,7,75.6,High Risk,Yes,2025-04-28
CUST-04851,Kolkata,One year,21,9,57.91,483.6,3,9,56.14,Medium Risk,No,2024-02-11
CUST-04852,Mumbai,Two year,57,32,45.35,1380.47,1,51,10.91,Low Risk,No,2022-03-07
CUST-04853,Hyderabad,Month-to-month,23,13,48.97,602.74,1,17,53.25,Medium Risk,Yes,2023-02-19
CUST-04854,Mumbai,One year,37,24,81.59,2043.49,1,35,67.24,Medium Risk,Yes,2021-12-06
CUST-04855,Pune,Two year,18,55,56.32,2933.84,0,85,3.07,Low Risk,No,2021-02-09
CUST-04856,Delhi,Month-to-month,31,13,44.95,611.61,3,23,74.1,High Risk,Yes,2023-10-26
CUST-04857,Delhi,Month-to-month,39,37,74.98,2777.89,1,50,49.98,Medium Risk,Yes,2022-03-16
CUST-04858,Kolkata,One year,27,25,93.91,2444.61,4,43,66.06,Medium Risk,Yes,2025-02-20
CUST-04859,Kolkata,Month-to-month,41,70,77.18,5359.69,5,52,10.83,Low Risk,No,2024-08-29
CUST-04860,Chennai,Month-to-month,32,25,29.64,788.55,1,31,21.4,Low Risk,No,2023-08-31
CUST-04861,Pune,Two year,47,13,45.49,570.22,4,15,67.78,Medium Risk,No,2025-07-04
CUST-04862,Chennai,Month-to-month,49,20,65.99,1376.14,3,30,79.12,High Risk,No,2022-01-01
CUST-04863,Jaipur,Two year,29,9,60.11,511.86,3,11,73.15,High Risk,Yes,2024-07-04
CUST-04864,Mumbai,One year,36,30,58.54,1863.72,0,57,25.55,Low Risk,No,2022-11-04
CUST-04865,Mumbai,One year,37,15,47.46,658.19,4,15,57.74,Medium Risk,No,2021-07-07
CUST-04866,Pune,Month-to-month,41,20,41.45,823.35,6,24,59.57,Medium Risk,Yes,2024-01-02
CUST-04867,Mumbai,Month-to-month,35,39,123.58,4758.9,1,70,72.86,High Risk,No,2024-06-08
CUST-04868,Delhi,Month-to-month,37,8,65.57,534.95,3,11,84.56,High Risk,Yes,2026-03-12
CUST-04869,Pune,Two year,33,36,79.83,2846.72,0,49,26.98,Low Risk,Yes,2021-02-03
CUST-04870,Chennai,Month-to-month,36,6,65.13,396.34,1,7,90.41,High Risk,Yes,2024-01-01
CUST-04871,Mumbai,Month-to-month,48,18,65.97,1256.18,3,19,63.95,Medium Risk,Yes,2025-12-30
CUST-04872,Jaipur,Month-to-month,41,27,63.72,1621.9,2,24,49.03,Medium Risk,No,2025-02-16
CUST-04873,Delhi,Month-to-month,42,32,45.42,1393.94,4,31,30.21,Low Risk,No,2025-05-11
CUST-04874,Delhi,Month-to-month,42,9,40.03,377.73,1,17,65.04,Medium Risk,Yes,2025-05-31
CUST-04875,Delhi,One year,33,55,73.55,3869.24,1,86,7.81,Low Risk,Yes,2024-10-11
CUST-04876,Pune,Month-to-month,38,27,69.03,1984.78,5,48,53.34,Medium Risk,Yes,2025-06-07
CUST-04877,Pune,Month-to-month,24,32,87.76,2826.66,1,34,66.74,Medium Risk,Yes,2024-06-08
CUST-04878,Hyderabad,Month-to-month,48,27,82.25,2072.18,0,31,72.7,High Risk,Yes,2025-08-12
CUST-04879,Mumbai,One year,18,9,50.18,416.98,2,16,65.93,Medium Risk,No,2022-04-26
CUST-04880,Chennai,One year,34,12,93.39,1167.82,1,14,84.36,High Risk,No,2022-05-06
CUST-04881,Delhi,Month-to-month,46,42,83.03,3686.09,5,69,41.81,Medium Risk,Yes,2025-09-28
CUST-04882,Bengaluru,One year,21,43,81.08,3341.33,2,57,19.53,Low Risk,No,2024-11-12
CUST-04883,Chennai,Month-to-month,39,4,133.51,511.89,5,7,97.0,High Risk,Yes,2023-01-18
CUST-04884,Delhi,Two year,28,30,125.02,4023.1,4,27,86.85,High Risk,No,2021-06-26
CUST-04885,Jaipur,Month-to-month,31,18,81.06,1495.54,2,19,80.23,High Risk,No,2023-11-01
CUST-04886,Chennai,One year,44,26,77.89,1917.44,1,30,56.11,Medium Risk,No,2022-09-27
CUST-04887,Mumbai,Two year,37,22,91.88,2004.73,2,20,69.88,Medium Risk,Yes,2021-08-06
CUST-04888,Pune,One year,18,22,53.92,1264.14,2,32,39.25,Low Risk,No,2024-03-02
CUST-04889,Jaipur,Month-to-month,25,11,54.17,607.42,4,20,75.33,High Risk,No,2025-05-15
CUST-04890,Hyderabad,Month-to-month,45,36,80.63,2859.71,1,33,50.5,Medium Risk,Yes,2024-03-27
CUST-04891,Mumbai,One year,39,13,49.42,606.59,0,13,35.37,Low Risk,No,2022-08-01
CUST-04892,Jaipur,Month-to-month,52,18,78.58,1465.59,4,17,87.16,High Risk,Yes,2025-02-04
CUST-04893,Pune,One year,52,11,68.35,724.95,1,14,78.57,High Risk,No,2026-03-12
CUST-04894,Delhi,One year,32,20,49.42,998.82,4,25,49.81,Medium Risk,Yes,2021-05-24
CUST-04895,Mumbai,One year,60,8,65.54,532.72,1,16,72.55,High Risk,Yes,2021-07-29
CUST-04896,Jaipur,Month-to-month,35,14,98.69,1393.92,5,23,92.39,High Risk,Yes,2024-09-17
CUST-04897,Delhi,One year,25,36,66.74,2305.19,1,49,16.67,Low Risk,No,2021-03-31
CUST-04898,Delhi,One year,29,9,66.83,621.51,1,16,75.58,High Risk,Yes,2023-11-02
CUST-04899,Jaipur,Two year,18,30,72.22,2189.5,0,49,37.14,Low Risk,No,2023-11-16
CUST-04900,Kolkata,Month-to-month,51,7,75.29,518.91,1,9,87.77,High Risk,Yes,2021-11-20
CUST-04901,Jaipur,Month-to-month,51,13,58.47,705.64,4,12,87.0,High Risk,Yes,2024-06-28
CUST-04902,Bengaluru,Month-to-month,25,13,72.71,919.71,3,15,88.79,High Risk,Yes,2021-08-30
CUST-04903,Jaipur,Month-to-month,33,34,46.46,1542.35,3,25,27.15,Low Risk,Yes,2022-06-23
CUST-04904,Mumbai,One year,36,43,50.33,2265.01,2,53,10.55,Low Risk,No,2022-07-19
CUST-04905,Kolkata,Two year,25,16,52.44,840.85,3,21,37.15,Low Risk,No,2023-05-05
CUST-04906,Delhi,Month-to-month,18,8,75.54,646.1,2,7,85.37,High Risk,Yes,2024-01-14
CUST-04907,Kolkata,Two year,33,14,68.42,996.31,1,24,55.81,Medium Risk,No,2024-04-14
CUST-04908,Delhi,Month-to-month,32,15,62.26,939.58,5,24,73.14,High Risk,Yes,2021-10-20
CUST-04909,Hyderabad,Month-to-month,31,14,81.08,1074.98,1,14,86.38,High Risk,No,2023-12-05
CUST-04910,Bengaluru,Month-to-month,37,18,73.38,1261.88,1,29,79.82,High Risk,Yes,2022-12-16
CUST-04911,Chennai,Month-to-month,49,11,59.24,616.2,1,19,82.88,High Risk,No,2022-10-05
CUST-04912,Bengaluru,Two year,32,8,46.67,369.95,0,7,59.34,Medium Risk,Yes,2022-01-25
CUST-04913,Bengaluru,Month-to-month,37,4,50.0,207.12,2,8,84.95,High Risk,Yes,2025-01-25
CUST-04914,Delhi,One year,42,33,40.65,1397.11,6,30,13.27,Low Risk,No,2024-11-14
CUST-04915,Delhi,Month-to-month,41,22,67.99,1399.13,2,37,56.2,Medium Risk,No,2025-06-01
CUST-04916,Kolkata,Two year,29,28,49.33,1380.34,2,50,23.41,Low Risk,No,2021-06-06
CUST-04917,Mumbai,Month-to-month,36,26,55.47,1437.94,2,41,52.42,Medium Risk,Yes,2021-06-10
CUST-04918,Mumbai,Month-to-month,40,19,62.4,1174.01,2,30,64.44,Medium Risk,No,2025-04-02
CUST-04919,Hyderabad,Month-to-month,24,18,90.78,1582.07,5,33,82.38,High Risk,No,2023-10-15
CUST-04920,Mumbai,Month-to-month,48,55,87.5,4793.87,0,57,14.78,Low Risk,Yes,2026-05-31
CUST-04921,Kolkata,Month-to-month,49,14,63.87,896.56,1,17,70.44,High Risk,No,2023-02-18
CUST-04922,Hyderabad,Two year,28,20,97.45,1980.09,2,30,66.02,Medium Risk,Yes,2025-07-17
CUST-04923,Pune,One year,37,15,34.14,502.05,3,27,60.18,Medium Risk,No,2026-02-01
CUST-04924,Chennai,One year,41,10,118.52,1269.61,1,17,96.58,High Risk,Yes,2025-12-31
CUST-04925,Jaipur,Month-to-month,30,69,81.12,5452.95,1,124,3.0,Low Risk,No,2021-08-11
CUST-04926,Delhi,Month-to-month,40,28,67.17,1999.64,3,28,39.75,Low Risk,No,2023-07-01
CUST-04927,Bengaluru,Month-to-month,37,12,48.87,614.71,4,22,67.9,Medium Risk,Yes,2025-11-07
CUST-04928,Delhi,Two year,20,11,56.5,618.05,1,21,46.35,Medium Risk,No,2026-05-15
CUST-04929,Hyderabad,Two year,40,30,78.99,2368.3,3,35,70.09,High Risk,Yes,2021-05-04
CUST-04930,Kolkata,Two year,24,38,79.57,3202.59,2,70,23.23,Low Risk,No,2023-03-16
CUST-04931,Mumbai,Two year,44,9,80.5,723.66,0,11,84.07,High Risk,Yes,2024-03-19
CUST-04932,Mumbai,Month-to-month,28,17,51.48,900.28,2,30,55.98,Medium Risk,No,2024-12-24
CUST-04933,Kolkata,Month-to-month,33,20,48.27,1013.18,2,38,42.06,Medium Risk,Yes,2022-07-01
CUST-04934,Mumbai,Month-to-month,49,20,69.19,1474.11,1,16,78.06,High Risk,Yes,2026-04-11
CUST-04935,Bengaluru,Month-to-month,40,23,83.16,1826.43,1,31,78.54,High Risk,No,2023-03-29
CUST-04936,Mumbai,Month-to-month,24,16,65.07,1120.31,3,23,73.94,High Risk,No,2023-06-04
CUST-04937,Kolkata,Month-to-month,25,18,104.42,2019.5,1,15,95.12,High Risk,Yes,2025-03-31
CUST-04938,Bengaluru,One year,29,19,65.69,1207.64,2,16,57.92,Medium Risk,No,2024-11-12
CUST-04939,Hyderabad,Two year,39,8,64.99,529.38,3,8,76.21,High Risk,Yes,2026-02-23
CUST-04940,Chennai,One year,39,54,80.56,4034.88,2,69,19.94,Low Risk,No,2024-07-16
CUST-04941,Mumbai,Two year,27,31,96.02,2818.42,0,38,55.88,Medium Risk,Yes,2025-04-14
CUST-04942,Mumbai,Month-to-month,23,37,42.21,1582.71,3,64,27.98,Low Risk,No,2024-08-22
CUST-04943,Chennai,Month-to-month,38,23,45.45,1070.46,1,25,41.88,Medium Risk,Yes,2021-01-16
CUST-04944,Mumbai,One year,33,70,58.8,4138.79,1,103,3.0,Low Risk,No,2022-05-28
CUST-04945,Hyderabad,Month-to-month,57,2,178.62,368.94,1,3,97.0,High Risk,Yes,2023-11-24
CUST-04946,Kolkata,Month-to-month,35,21,59.78,1314.21,2,31,69.8,Medium Risk,No,2021-12-20
CUST-04947,Pune,Month-to-month,53,10,62.52,592.04,1,19,78.85,High Risk,Yes,2025-01-27
CUST-04948,Hyderabad,Month-to-month,23,22,79.22,1787.35,0,27,69.79,Medium Risk,No,2023-09-19
CUST-04949,Chennai,Month-to-month,19,47,88.85,4217.78,3,52,42.06,Medium Risk,No,2024-02-02
CUST-04950,Chennai,Month-to-month,24,30,68.63,1932.92,0,44,44.18,Medium Risk,No,2024-08-05
CUST-04951,Mumbai,Month-to-month,47,19,94.35,1714.81,3,22,85.37,High Risk,No,2021-05-23
CUST-04952,Jaipur,One year,53,50,44.36,2189.49,1,57,4.61,Low Risk,No,2023-09-04
CUST-04953,Mumbai,Month-to-month,27,34,50.87,1830.24,2,37,26.93,Low Risk,No,2022-11-29
CUST-04954,Pune,Month-to-month,30,28,94.29,2520.59,1,32,69.12,Medium Risk,Yes,2021-12-03
CUST-04955,Bengaluru,Month-to-month,23,27,65.23,1671.86,2,40,38.55,Low Risk,No,2026-01-01
CUST-04956,Hyderabad,Month-to-month,18,33,43.4,1482.83,2,58,19.3,Low Risk,No,2022-11-24
CUST-04957,Mumbai,One year,42,13,42.57,595.54,4,17,54.99,Medium Risk,No,2023-10-13
CUST-04958,Pune,One year,37,12,50.14,596.61,2,9,45.4,Medium Risk,No,2026-05-03
CUST-04959,Delhi,One year,35,10,65.04,634.8,4,12,71.11,High Risk,Yes,2022-01-11
CUST-04960,Hyderabad,Month-to-month,21,14,75.49,1015.25,0,25,73.25,High Risk,Yes,2024-05-12
CUST-04961,Bengaluru,One year,51,48,58.5,2605.71,1,85,4.58,Low Risk,No,2021-02-27
CUST-04962,Delhi,One year,30,17,73.52,1185.53,2,18,67.7,Medium Risk,Yes,2022-08-12
CUST-04963,Delhi,Month-to-month,40,49,56.52,2589.32,1,84,11.96,Low Risk,No,2025-08-12
CUST-04964,Hyderabad,Month-to-month,20,13,96.16,1248.9,3,26,90.06,High Risk,Yes,2023-11-29
CUST-04965,Bengaluru,Month-to-month,33,39,147.08,6175.0,2,42,82.75,High Risk,Yes,2025-03-17
CUST-04966,Delhi,One year,38,43,57.33,2578.55,2,65,13.53,Low Risk,No,2022-07-15
CUST-04967,Kolkata,One year,38,22,75.79,1694.51,5,33,71.89,High Risk,No,2024-09-18
CUST-04968,Hyderabad,Month-to-month,37,17,73.84,1252.6,1,22,77.53,High Risk,Yes,2026-01-09
CUST-04969,Kolkata,One year,40,11,67.95,761.46,2,12,75.07,High Risk,Yes,2023-05-31
CUST-04970,Mumbai,Month-to-month,24,36,80.11,2826.75,2,42,50.87,Medium Risk,No,2021-12-10
CUST-04971,Bengaluru,Month-to-month,37,17,75.76,1221.65,1,29,77.52,High Risk,Yes,2024-01-17
CUST-04972,Chennai,Two year,36,15,55.9,850.54,3,27,51.4,Medium Risk,Yes,2021-11-29
CUST-04973,Bengaluru,Two year,37,25,99.06,2487.64,2,30,72.69,High Risk,Yes,2024-10-11
CUST-04974,Hyderabad,Month-to-month,36,30,69.33,2227.83,2,39,47.6,Medium Risk,Yes,2023-06-20
CUST-04975,Delhi,Month-to-month,22,11,57.47,647.33,2,16,74.32,High Risk,No,2023-08-09
CUST-04976,Mumbai,Month-to-month,22,25,142.05,3706.61,2,34,96.36,High Risk,Yes,2023-04-26
CUST-04977,Jaipur,Month-to-month,18,43,62.63,2517.59,2,67,13.2,Low Risk,No,2025-01-27
CUST-04978,Delhi,Two year,43,9,70.53,661.27,1,16,79.15,High Risk,No,2025-05-25
CUST-04979,Jaipur,Two year,43,36,68.75,2666.21,2,32,19.66,Low Risk,No,2024-11-10
CUST-04980,Jaipur,One year,43,36,62.35,2301.16,4,39,21.28,Low Risk,Yes,2021-12-31
CUST-04981,Kolkata,Month-to-month,38,38,75.04,2961.97,1,53,51.45,Medium Risk,No,2024-06-24
CUST-04982,Delhi,One year,18,30,49.6,1602.16,1,45,21.29,Low Risk,No,2022-05-13
CUST-04983,Pune,Month-to-month,25,29,78.67,2241.74,2,38,60.45,Medium Risk,Yes,2023-04-16
CUST-04984,Chennai,Two year,37,36,37.03,1402.22,3,51,6.63,Low Risk,No,2023-12-23
CUST-04985,Bengaluru,Two year,36,25,42.91,1055.53,6,43,33.38,Low Risk,No,2025-06-04
CUST-04986,Delhi,One year,33,15,116.58,1727.97,1,19,83.03,High Risk,Yes,2023-05-18
CUST-04987,Hyderabad,Month-to-month,39,14,43.48,624.13,5,25,69.29,Medium Risk,No,2023-10-16
CUST-04988,Pune,Month-to-month,35,19,34.72,633.97,1,18,30.15,Low Risk,Yes,2024-06-17
CUST-04989,Hyderabad,Month-to-month,36,32,43.83,1513.14,6,59,39.64,Low Risk,No,2025-06-09
CUST-04990,Hyderabad,One year,29,19,113.43,2096.28,1,20,87.06,High Risk,Yes,2024-01-10
CUST-04991,Kolkata,Month-to-month,45,17,36.63,585.13,1,25,37.7,Low Risk,No,2023-12-27
CUST-04992,Bengaluru,Month-to-month,31,38,47.87,1767.41,5,50,27.05,Low Risk,Yes,2022-08-23
CUST-04993,Mumbai,Month-to-month,22,22,40.76,947.79,3,24,60.37,Medium Risk,Yes,2023-08-24
CUST-04994,Pune,One year,27,7,59.54,404.37,0,16,67.27,Medium Risk,Yes,2024-09-24
CUST-04995,Jaipur,Month-to-month,32,10,56.54,575.47,1,14,80.85,High Risk,No,2024-01-27
CUST-04996,Chennai,Two year,45,9,55.73,536.5,5,15,60.31,Medium Risk,Yes,2025-03-11
CUST-04997,Jaipur,Two year,35,19,117.72,2150.78,2,31,91.14,High Risk,Yes,2026-06-29
CUST-04998,Mumbai,Two year,33,10,44.29,416.78,1,9,48.66,Medium Risk,No,2025-02-26
CUST-04999,Chennai,Month-to-month,23,17,62.91,1000.48,1,34,64.27,Medium Risk,Yes,2025-11-30
CUST-05000,Pune,Month-to-month,43,14,72.44,1004.48,2,19,85.55,High Risk,Yes,2022-11-10
